boundary,rms_lf,psd_lfp,psd_alpha,psd_beta,psd_gamma,psd_delta,psd_theta,psd_lfp_csd,psd_alpha_csd,psd_beta_csd,psd_gamma_csd,psd_delta_csd,psd_theta_csd,rms_lf_csd,psd_residual_lfp,psd_residual_alpha,psd_residual_beta,psd_residual_gamma,psd_residual_delta,psd_residual_theta,decay_fit_error,decay_fit_r_squared,decay_n_peaks,aperiodic_exponent,aperiodic_offset,cor_ratio,rms_ap,alpha_mean,alpha_std,spike_count,tip_time_secs,recovery_time_secs,peak_time_secs,trough_time_secs,trough_val,tip_val,peak_val,recovery_slope,depolarisation_slope,repolarisation_slope,polarity,n_voxels
Isocortex-HPF,0.3762458850063296,0.36728783846329627,0.5417911471750604,0.23530788039240103,0.1882896554404782,0.3847998864974014,0.5333804808915461,0.1373817307335243,0.04271367831708691,0.12122901875426455,0.09948679095459696,-0.0388784519255198,0.04749765925538424,0.08377194872947452,0.08279612102405648,1.2279595230862985,0.5837186365992978,-0.11251013808687098,-0.6013039699302474,1.301205238093881,0.8388231005803477,0.6191456671929022,-0.1923369178913487,1.3034475247459827,0.5498756501530134,-0.3190684062680259,-0.4468145591922255,0.2730375850651313,0.38753413124657266,-0.19467848432632126,-0.4499973045493689,0.755683657124473,-0.021263526540486095,0.7504778856985835,0.7514356621021938,0.49119795298067226,-0.7223279908145892,0.11975652566341399,-0.2559695149162619,0.10143871403017013,-0.30510633828236194,29892
Isocortex-OLF,0.7559028109029118,0.7131598196055762,0.481845965359033,0.6305997549547899,0.7950256167674858,0.815706289638186,0.5780325805076116,-0.18927660689016354,-0.3299631164810898,-0.04623344374561943,-0.087317679405614,-0.34001409454141696,-0.39103562573601225,-0.22361913565762898,0.6682907749293058,-1.1364604185633358,-0.3786616932346914,0.8572865705708901,0.47334145667323385,-0.9372672399974735,0.24886340111764566,-0.08858046126409233,0.29206462219231183,0.06098450075978605,0.706781191466551,-0.5836220033452735,-0.6140661877204031,0.333050391862215,0.24942635682992698,-1.0242569992451156,-0.7033819339013765,0.8673548968710284,-0.6640906346297798,0.8855802498615352,-0.07149578096801637,-0.13216655515797882,0.001649541528056734,0.6427176195462191,0.7421524959916779,-0.8051467821732468,0.16526909811044313,45220
OLF-HPF,1.1093828547147764,0.9725199943103628,1.000636996263216,0.8031055876097336,0.9831213688486383,0.9638162885314557,0.9099638739519839,0.5215742806899741,0.44782309773228524,0.6400432418124882,0.40752116475855543,0.2604733149539992,0.4470605725237199,0.4987662666561959,1.3916925697428797,-0.38928699003216055,-0.052611616936424195,1.4813610595671887,-0.6313974628167258,-0.3351297167829821,-0.58073875956129,0.3710372275622702,1.2538600256969301,0.4804657117577306,0.9819937315677598,-0.06546394451556163,-0.6167699714715946,1.4991735951404492,2.0282703523866696,-1.2374531715344805,-2.008570855995343,1.7016096921275294,-1.6798366135824383,1.6451469000902068,0.08800941866840742,-1.0761424601131262,-0.08753029336778177,1.413197062582019,1.2646471331948064,-1.0932313702194245,1.1929949376661988,10026
HPF-CTXsp,1.0701289191421939,0.9930844878530549,1.0169725601878405,0.8740498672495693,0.734612958435361,1.0747635438651852,1.007597496360793,0.2834879429014621,0.26346570751853776,0.4024395689899188,0.27891368080611156,-0.04642238433255992,0.15024626372235086,0.29783516393109827,-0.22636935139649209,0.3397845801758214,0.6087151453088052,-0.13890554949886827,-0.735105908111832,0.1885037808665743,-0.4610835980566969,1.0727332733145978,0.6964619694629525,1.7323928777056306,1.2918268541127307,-0.9151640781024755,-0.9635799077106894,-0.007072789142938626,0.38059740859306346,-1.5769556268804494,-1.3462315360877877,1.081700295786873,-1.540866531517623,1.0830752879792396,-1.3486625662185103,-1.2610021288623605,0.997825622744796,1.8502719900667732,1.761835400410042,-1.8711418072429542,1.7111086758477674,7825
Isocortex-CTXsp,-0.2165053129017384,-0.20943663141240654,-0.35608915867706464,-0.09167791291249702,0.20049321708066592,-0.38897586745958,-0.43218831434996163,-0.4906250523643457,-0.5257233063200839,-0.47275433494436253,-0.40595358747041094,-0.5401144991119118,-0.5003873394802547,-0.5528359377082327,1.2234508686651246,-1.263179628839035,-0.06467918574204672,1.4019151904223448,0.014728675471878262,-1.375471849065133,-1.496301451445114,-0.18260500212896297,1.2923723831102294,-1.6724754409945568,-0.46854053484730285,-0.8559087537969748,-0.565429753917021,-0.04406219667187079,0.1676253821423181,-0.1179994441950076,0.09251769892279336,0.9245278243340691,0.5014774460652897,0.9800780946434223,0.9446318861338203,1.7826223848561356,-1.538872121786624,0.32415777075182434,-1.037182170914767,-0.3820432850697507,-1.0904865484577047,23895
OLF-CTXsp,0.7558862471872843,0.7485500069590518,0.5848748282632837,0.7508085738087451,0.8775077203153266,0.5793679429561651,0.5881986689845926,-0.19582076940648813,-0.2526092253291737,-0.10189355479706923,-0.09171323861068473,-0.31522002370044433,-0.3251629371840323,-0.246496400502676,1.8819378468906944,-0.30934387736488855,0.47110947408161846,1.7764337205135337,-0.4171099408204369,-0.4142089093326078,-1.0276923999534564,0.30199698968903566,1.6862422414955134,-0.1596098648754667,0.6651369894542232,-0.03686201926248757,-0.5923725702747409,1.0575484574500902,1.483160303308908,-0.6450683108399704,-1.0890995376319965,1.1526723566535,-0.517631834714979,1.1791238910937736,1.4036978849850763,0.5777335841121368,-1.408855987049375,0.4514293046273243,0.0022423764793569213,-0.24625341985702062,-0.6779621659774663,60904
CTXsp-CNU,-0.15369363277802753,-0.0987244669926227,-0.20021111303312403,-0.0669257251971489,0.031520553711092796,-0.2708108079995193,-0.17837113491707202,-0.5892783724239838,-0.5623595670511868,-0.5573996030785472,-0.46905174471722727,-0.6046043098240055,-0.6190673017814663,-0.5967441461842156,1.4496702109582236,-0.04619776708066551,0.6985383846235913,1.2093587458655741,-0.60757611064072,-0.35397159728659344,-1.019025174360029,0.587085653635981,1.435819779051991,0.22631447347167752,-0.06578018819836329,-0.7294434193922745,-0.7168704382728955,-0.20489055877733445,-0.1026198047045363,-0.6705358371980552,-0.4075789684750425,0.6146187242914686,-0.32313822026909017,0.6326150335191866,0.4025048941693358,0.49902146373425854,-0.4555721484429263,0.5432106568210084,0.16736293051977744,-0.4140785669110151,-0.4509655675255479,28279
Isocortex-CNU,-0.13643631155868713,-0.22241026642189285,-0.22814383233385296,0.01638647206570494,0.13904668754409552,-0.2690726932982512,-0.28354900179139136,-0.5677524816608999,-0.6141015534027658,-0.5211509378199309,-0.4588878635374131,-0.6178872767970701,-0.612807401649211,-0.5574242293346913,0.6068853818391111,-0.9365194459792888,0.12160250799799924,0.693946774744236,0.03614273522976517,-0.9504035377523101,-1.148563819940047,0.01934517033251412,0.8421864551851681,-1.1269029237272445,-0.32735864325470915,-0.5007433814199684,-0.3133731849840593,-0.13261150515364611,0.08364046007626988,0.5231303016798071,0.5388715775378332,0.42337447683565466,0.853654829603141,0.4348396660105806,0.34506984881265773,1.5592922243199483,-1.0127014172032518,0.17311361279202883,-1.0551440105376135,-0.18739300232765724,-0.9187903280445535,1024
HB-CB,-0.704052071002113,-0.8712229891819573,-1.1148583505348788,-1.0921038160137106,-0.9274602669694489,-0.7576289671283167,-1.1606554743182127,0.28207700687672516,0.4946860715304015,0.27706298061065926,0.12151351713807759,0.6754406510238966,0.5629713943727997,0.42626453394710645,-0.04188666472467454,-0.9839550554280226,-2.4094449936253413,0.022561545093957164,3.1618810311974954,-0.733194859906539,2.292761265151392,-2.35012288247934,-1.3625545619861417,-1.8084053642531925,-1.3509576408470438,2.893374041181977,1.9112995096105303,1.8904061379231223,1.022874814776361,0.8372546252609919,0.7386402038772111,-1.552765732275056,-1.3518369875780605,-1.6121784808917732,-0.7290744470469857,-1.1333733730838427,0.9539420941373614,-0.8862063498230381,-0.05394177647157016,1.086642299581471,0.13822084395306491,12283
OLF-CNU,0.6179601871575805,0.5975684763716175,0.32599778363451587,0.6566219844533744,0.8048385717830596,0.6300345007332503,0.4211480324241078,-0.35830562063692883,-0.43624757252340723,-0.26053706801821613,-0.2498174528873231,-0.3983174001744889,-0.5060312231983706,-0.40537172961230633,1.5615462107474503,-0.7964431041172522,0.45113520303083016,1.4957920310902337,0.2900486203593716,-1.0465080417455657,-0.5607298050024483,0.07923173379881121,1.1653554076542731,-0.43235852561478905,0.4784778641660559,0.43490380709164866,-0.04520333184271885,0.8712858171665137,1.0210674291729245,-0.13363025437916234,-0.4213698618876767,0.5611306955254202,0.2239377071833819,0.631938067862435,1.7710624659829455,1.3476479406421624,-1.9417159207630825,-0.48146449915914247,-0.8252752535284346,0.6434970776798679,-1.4927503135460936,42516
HPF-TH,0.9985674562382871,0.9288435040331544,1.2027676166675345,1.017421050413534,0.8428024635531274,0.9126581219808758,1.2578255328448211,0.706482636059077,0.5603023859427224,0.6488105343756323,0.9146523519810611,0.263608611702785,0.4572043094765497,0.7871133424937746,-0.558516788666957,2.3337697360269543,1.5092225629676728,-1.0473280403719658,-0.7640539476018378,2.469450128596627,1.8461112939770974,0.41116762734002227,-0.6730070495690151,0.42359363287265617,0.9226314920173592,-0.43764426064771056,-0.5532785638956917,-0.4621039389090757,-0.5456317002974564,-0.7714904757767789,-0.8119680642348046,0.38005055572840224,0.002425072591382332,0.3855695388889612,-0.5393762261034336,-1.1413119170784918,0.4354932733096962,0.6614592088172753,1.4283810185072245,-0.6428754038614096,0.5031929884401648,2548
TH-HY,-1.081147832369802,-1.019815659064531,-0.9167958595986875,-0.9743823894362226,-1.042842763385039,-0.989129389813435,-0.868352511230705,-0.6949386868967291,-0.6083695869840497,-0.7174808948836991,-0.7495900879959596,-0.42593143619468554,-0.5863480299561731,-0.6817054902653535,-0.9540263605806822,-0.10094839479746191,-0.500714446455404,-0.8653770544711976,0.019242348755851107,-0.003010602376887313,0.2130699736715034,0.31473725627042415,-0.7075995529600849,0.031167866637311813,-0.9181971156343719,-0.12567436613799784,0.045484281835424425,-1.1151961353407984,-1.2229712225633802,0.8742176341353625,0.25357222498837606,-0.35770577678292576,0.9924078082153102,-0.37271326237393254,0.14050497303343404,0.2951619296092659,0.10253357605159404,-0.5056250065937761,-0.20868772171140598,0.40215738918274485,-0.45961075686399105,20575
TH-MB,-0.9172395139140032,-0.866727503824625,-0.650076217907996,-0.8552982570827298,-0.9176420190978797,-0.9177720677995967,-0.6422090156069642,-0.41610070185696824,-0.342978668465894,-0.4318163878369157,-0.47039188738148197,-0.25291050555503497,-0.29726912726949817,-0.4247428182444633,-1.1992223808007818,0.5888516538465003,-0.47668252046983833,-1.151615854810602,-0.1865795613950176,0.7820620985895478,0.3446077749358449,0.2919328215305853,-0.9329305047524555,-0.17727034780193773,-0.8161761752796332,0.19491648336593728,0.030229067443717707,-0.7697120324712711,-0.9011828256287041,0.9472563277728235,0.7600774555936942,-0.7179267110070442,1.019366021377796,-0.7065162301468433,0.04644207715948001,0.34901624184639446,0.11721397529119117,-1.0331019419378367,-0.47417862103458597,0.9048653229561768,-0.4703642584826617,29506
HY-MB,-1.0160710641340385,-0.9375115678917384,-0.8005970082286975,-0.8989629840279876,-1.0384267571994976,-0.9102889183520068,-0.7325836006969895,-0.6038000738157594,-0.5506889457344613,-0.6750535124766543,-0.7338590421581462,-0.3737966166938032,-0.47604002406426643,-0.6277250493382176,-1.0776713640527207,0.3161292619017133,-0.5250425370176546,-0.9400944796812256,-0.07732588817230664,0.5706697968764615,0.34146195163195303,0.4414465290326701,-0.9086566721314546,0.30653935648535985,-0.744743779525784,0.4197948781134107,0.21703777716262235,-0.7495281598864689,-0.8101574739107291,0.821546008671557,0.7938665168779334,-1.0287121500669107,1.0145892949974822,-1.0228075576710955,-0.9594880408328995,-0.2812083736519419,1.146505253133789,-0.7634337132718841,-0.27528593064466905,0.5106455618321315,0.6686887252799059,18793
HPF-MB,2.5095323708824706,2.7376666935926472,2.665729687636817,2.7569476784220703,2.580785829644755,2.726984524783563,2.6488477939267647,3.9063452880725107,3.9546715926404596,3.8612354938551388,3.8523374956594134,4.080982561239741,3.96299479010518,3.8607123903981884,-0.947307487929539,1.3895345613182857,0.8459362360832222,-1.1149641406098036,-1.0119874098745167,1.320679064887082,-1.0766796222719295,-2.7618454985375545,-1.2538732986887378,-0.4362942731936509,2.4158396010097754,-0.6108516815561157,3.3428335095664607,-1.0627874129322512,-0.9151827158321888,-0.919620627786752,2.488332193755747,-1.8536877263308311,-0.6734873404992854,-1.5365715566063314,-0.05391110234246993,-0.731661665776099,0.5175241409237679,-0.6713414132684248,0.12168844282221063,0.590653190700465,0.3403970249528367,749
MB-CB,-0.583813988798063,-0.6428331483566339,-0.7566870920364255,-0.702270032319479,-0.6135974350096236,-0.5488021992977296,-0.8203500866982776,0.0064956753652338365,0.020554344452553358,0.0036726831522775477,-0.16492362853707007,0.07845492352951895,0.1553093319642781,0.00877584828741367,-0.5376229768536639,-0.619584439732104,-1.6888007626037553,-0.40367958873062454,1.704583194835766,-0.7882978848722262,1.1179805187721643,-1.323130237038074,-1.1096698052253247,-1.4636928298432097,-0.8861830812596341,1.9034234049135406,0.6005834674993755,2.1356322100593763,1.7331230078048299,0.49488161019681454,-0.4833367338239459,-0.5483586735197714,-1.299626760171394,-0.6480697888145424,-1.0038079837023342,-1.608642586244667,1.2183609992842608,-0.11123464973276255,0.8267439685739283,0.03957536113824698,1.0066976381387542,21639
CNU-TH,-1.0482377998825296,-1.0307564566247847,-0.7969834739784606,-1.00694197277756,-1.164140908518216,-1.0137345117738723,-0.806694505962255,-0.7454715148999813,-0.638525727223501,-0.7558589647517598,-0.7963754741916754,-0.3848842753111567,-0.5627839354095906,-0.7162598197426934,-0.680130747831208,0.7405336880521342,-0.16800239647704251,-0.7691159642360543,-0.4095484562803176,0.8897731773764337,0.03428946648094263,0.6784540338972896,-0.36913872489540145,0.7613415333362464,-0.8387417432929618,0.21076441105592242,0.17541563219619716,-1.1456813248849036,-1.200744372637839,1.279443325567026,0.8620119077376716,-0.9634441299907173,1.1238040426530649,-1.0426617376703198,0.010908805148616614,0.18291949500355548,0.3328959531454254,-1.1611039054990382,-0.9951969976053956,0.7773023343266131,-0.03124384312315351,6314
MB-HB,-1.276688706745107,-1.2156930134626973,-1.3290938129455,-1.2554359133845912,-1.3064234633880405,-1.194331828527295,-1.3895084378358522,-0.17067637472310468,-0.007916265793786391,-0.349481322816751,-0.3890101610478965,-0.014264570552868214,0.09165723591469607,-0.13132141589128082,-1.1526643360993514,-0.9022334105123386,-0.9823585058849762,-0.9271667846285776,1.12486341159969,-0.7946267495361418,0.4742602964725649,-0.4132700651186886,-1.15994357675068,-0.8680880426280272,-1.3936898874060266,1.3912045048480908,0.567939381889942,0.22145226183907243,-0.07766634805322131,2.155031913293299,1.1620837631162058,-1.4864418305536684,1.944191146303957,-1.6218669926863627,0.15768038926559372,0.8112316828692229,0.18326484430720502,-1.5600884132108088,-1.8245579476146832,1.5360379411310163,0.2643807228607762,27442
CNU-HY,-1.2155789484021156,-1.119760425851673,-1.191674987718518,-1.1512107248126529,-1.1419091490519726,-1.1819140788804834,-1.0994854138068124,-0.8214965627696535,-0.7763112541733483,-0.9491239566903438,-0.8563611297131943,-0.650123172679701,-0.7340423653633533,-0.8422162197881453,-0.43614383607430834,-1.0930053825228072,-0.8018522944369143,-0.2486681375870776,0.37148453756731964,-0.8228067978633132,0.001126257312513902,0.055038297642430845,-0.50313467031085,0.19909510188978197,-0.9920586844019258,-0.4735249888229368,-0.1768824955549008,-0.8416609496302825,-1.1176198859089286,0.2572426384614588,0.2076914610256914,-0.2647953167133237,0.739860190025349,-0.3753853382701856,0.2995362898985679,0.17542607963736684,0.1450855031542034,-0.08288894048143546,-0.2249941168933007,0.21864348815688883,-1.1998058055455039,38290
HPF-CNU,-0.41005233000839003,-0.35587655964048426,-0.26023261375434464,-0.23603387811725435,-0.44079803675533635,-0.2501385562270402,-0.2623491765898587,-0.4458145096304043,-0.5084924737998299,-0.483705558650077,-0.3663962729668925,-0.5716176244900371,-0.6001937322168315,-0.4376456689808267,-0.706572396318335,0.2547588009918236,0.9529169974262878,-0.7029763841698703,-0.5734183223007998,0.005673313001587131,-0.9204718602765145,0.9549938039583755,0.29899173488148884,1.206744236603684,0.03520462226005796,-1.3480300655941966,-0.834624683752104,-1.1538588227693067,-0.9056413946863382,-1.5097358590846854,-0.6231461474329882,0.5464338489821955,-0.5507063295859308,0.557169149522135,-2.7069698722985835,-1.3567185379558209,1.964876628609221,2.1703668860752567,1.8554382139354053,-2.4470422930444644,2.313806276194115,511
Isocortex-MB,0.5659107812627997,0.5320878675373027,0.7808269355602182,0.5899947567119213,0.41519615625097134,0.604468787571047,0.7313022139121281,0.445512767276919,0.37007038514849294,0.36799601895952433,0.6152242493232091,0.21602657943481382,0.3362274859740468,0.48086856680748524,-0.34813529346812855,1.385836109569831,1.8059558047647675,-0.5162535209852218,-1.1809090337456127,1.0268811882295754,0.5379311907635529,0.9212080613687814,0.2094907164306299,1.4130107966662133,0.7546594777402298,-0.4463801617085226,-0.4515569786152419,-0.5924206299358342,-0.7579019021145261,0.6114207062076111,0.4470159405871856,-0.23531897702036803,0.2067712200729132,-0.2268428200386643,1.0513014241530956,0.6509566183132142,-0.9495955261929271,-1.0931918047649993,-0.9400779185617529,1.2777472499911542,-1.2076710055950026,42
