boundary,n_voxels,rms_lf,psd_lfp,psd_alpha,psd_beta,psd_gamma,psd_delta,psd_theta,psd_lfp_csd,psd_alpha_csd,psd_beta_csd,psd_gamma_csd,psd_delta_csd,psd_theta_csd,rms_lf_csd,psd_residual_lfp,psd_residual_alpha,psd_residual_beta,psd_residual_gamma,psd_residual_delta,psd_residual_theta,decay_fit_error,decay_fit_r_squared,decay_n_peaks,aperiodic_exponent,aperiodic_offset,cor_ratio,rms_ap,alpha_mean,alpha_std,spike_count,tip_time_secs,recovery_time_secs,peak_time_secs,trough_time_secs,trough_val,tip_val,peak_val,recovery_slope,depolarisation_slope,repolarisation_slope,polarity
Isocortex-HPF,29892,-86.25841522216797,-107.31998443603516,-103.01884460449219,-109.04589080810547,-112.56604766845703,-96.28352355957031,-100.07977294921875,-202.5839080810547,-197.6890869140625,-201.2852783203125,-205.69259643554688,-204.9915771484375,-196.72213745117188,-182.45838928222656,1.6441075801849365,2.07918381690979,1.1811915636062622,1.539168357849121,0.48377272486686707,2.966733694076538,0.12077312916517258,0.9195141792297363,1.8314160108566284,1.2946542501449585,-9.271088600158691,0.3354700803756714,-97.07225799560547,74.73941040039062,31.354698181152344,4.465727806091309,-0.00043901667231693864,0.0006020027794875205,2.764359805951244e-06,0.0004347660287749022,0.9633184671401978,0.42810556292533875,-2.787862777709961,-1278.2022705078125,-13111.447265625,9793.1650390625,-0.5579383969306946
Isocortex-OLF,45220,-84.85942840576172,-105.88949584960938,-103.29450225830078,-107.38604736328125,-109.94230651855469,-94.68524932861328,-99.8814926147461,-204.36085510253906,-199.6425018310547,-202.17567443847656,-206.74118041992188,-206.52162170410156,-199.00326538085938,-183.9927978515625,1.8714306354522705,0.5680822134017944,0.8660677075386047,2.0182836055755615,1.1276925802230835,1.5192205905914307,0.11799397319555283,0.9004722833633423,1.9561325311660767,1.1961692571640015,-9.201911926269531,0.31660744547843933,-97.51541137695312,75.38777923583984,30.40472412109375,4.226776123046875,-0.00044465865357778966,0.000606564455665648,2.4398598270636285e-06,0.00044003993389196694,0.8767859935760498,0.3983898162841797,-2.5667214393615723,-1138.8026123046875,-11653.57421875,8381.2529296875,-0.5351853370666504
OLF-HPF,10026,-83.55690002441406,-104.81681060791016,-100.90884399414062,-106.66168975830078,-109.12891387939453,-94.13589477539062,-98.40753173828125,-200.49398803710938,-195.565673828125,-198.52674865722656,-203.96351623535156,-203.47059631347656,-194.6437225341797,-180.38685607910156,2.152297258377075,1.0456010103225708,0.9728302359580994,2.326599359512329,0.4657409191131592,1.9085941314697266,0.11408592015504837,0.9128386378288269,2.203761339187622,1.2294198274612427,-9.080575942993164,0.35355204343795776,-97.52257537841797,87.98638916015625,42.640499114990234,4.165367126464844,-0.00047372060362249613,0.0006406430620700121,1.9271099063189467e-06,0.0004696906544268131,0.8935582041740417,0.35339054465293884,-2.593961715698242,-933.4248657226562,-10890.41015625,7932.59130859375,-0.48547205328941345
HPF-CTXsp,7825,-83.70154571533203,-104.73175811767578,-100.83372497558594,-106.3637924194336,-110.20355224609375,-93.72438049316406,-97.97398376464844,-201.78912353515625,-196.53199768066406,-199.7900848388672,-204.6854248046875,-205.0299072265625,-196.1876678466797,-181.3898468017578,1.5240715742111206,1.5115509033203125,1.1893764734268188,1.5261280536651611,0.4035995602607727,2.2472028732299805,0.11464958637952805,0.9317182898521423,2.060250759124756,1.3286550045013428,-8.943976402282715,0.2929685413837433,-98.44149017333984,71.71314239501953,31.306983947753906,4.067576885223389,-0.0004589726449921727,0.0006153202848508954,1.9972621885244735e-06,0.00044774942216463387,0.7424899935722351,0.3445782959461212,-2.2624361515045166,-816.9188842773438,-10164.208984375,6721.0771484375,-0.4604097902774811
Isocortex-CTXsp,23895,-88.442626953125,-109.70525360107422,-107.14774322509766,-110.41891479492188,-112.51327514648438,-99.15353393554688,-104.36743927001953,-206.0001220703125,-200.66859436035156,-204.4434814453125,-208.52976989746094,-207.53831481933594,-199.57208251953125,-185.6361541748047,2.0869760513305664,0.4870959222316742,0.9688788056373596,2.2873501777648926,0.8528950810432434,1.2358546257019043,0.1097729280591011,0.8979424834251404,2.213676929473877,1.058764934539795,-9.720088958740234,0.2971934378147125,-97.38654327392578,71.31351470947266,29.842056274414062,4.487814426422119,-0.00042693677823990583,0.000608899921644479,3.0282401439762907e-06,0.000443728786194697,0.9836333394050598,0.489667683839798,-3.037278890609741,-1223.7174072265625,-14252.4990234375,9040.1923828125,-0.5959289073944092
OLF-CTXsp,60904,-84.85948944091797,-105.74312591552734,-102.82072448730469,-106.88128662109375,-109.58562469482422,-95.56185150146484,-99.83634948730469,-204.39645385742188,-199.23704528808594,-202.47161865234375,-206.76585388183594,-206.39564514160156,-198.66061401367188,-184.10699462890625,2.3426389694213867,1.096692681312561,1.1443185806274414,2.4723761081695557,0.5941404700279236,1.8574573993682861,0.11198043078184128,0.9109810590744019,2.31508469581604,1.1786836385726929,-9.220272064208984,0.355591356754303,-97.45793151855469,83.21514129638672,38.890960693359375,4.335997581481934,-0.00045324722304940224,0.0006182194338180125,2.5137924239970744e-06,0.00045149881043471396,1.0319048166275024,0.43223071098327637,-2.9975650310516357,-1189.7921142578125,-12734.298828125,9251.6708984375,-0.5759742259979248
CTXsp-CNU,28279,-88.21117401123047,-109.24736022949219,-106.43093872070312,-110.31497955322266,-113.24397277832031,-98.71524810791016,-103.24034881591797,-206.53677368164062,-200.86062622070312,-204.89353942871094,-208.8839569091797,-207.86598205566406,-200.18942260742188,-185.85533142089844,2.174807548522949,1.2648694515228271,1.2187883853912354,2.1922202110290527,0.48001450300216675,1.8964099884033203,0.11202125996351242,0.9186515808105469,2.2506096363067627,1.2092742919921875,-9.542519569396973,0.30621039867401123,-97.78780364990234,69.5759506225586,27.98317527770996,4.328661918640137,-0.00043807216570712626,0.0005962403956800699,2.6119730591744883e-06,0.00043016509152948856,0.9266278743743896,0.42847850918769836,-2.706381320953369,-1165.3270263671875,-12493.12109375,8990.30078125,-0.5649939179420471
Isocortex-CNU,1024,-88.1475830078125,-109.7589111328125,-106.55938720703125,-109.96514892578125,-112.77899169921875,-98.70880126953125,-103.7073974609375,-206.419677734375,-201.1318359375,-204.7008056640625,-208.826904296875,-207.9334716796875,-200.1568603515625,-185.6590576171875,1.8475894927978516,0.6958645582199097,1.0298752784729004,1.9375877380371094,0.8657262325286865,1.510725975036621,0.11141103506088257,0.9033761024475098,2.0977697372436523,1.1020102500915527,-9.657844543457031,0.32251667976379395,-96.71868896484375,70.35684204101562,29.264366149902344,4.6724853515625,-0.00041699805296957493,0.0005884282290935516,3.2060197554528713e-06,0.0004224446602165699,0.920588493347168,0.4790215492248535,-2.876558303833008,-1263.9794921875,-14278.734375,9343.33984375,-0.5876235961914062
HB-CB,12283,-90.23917388916016,-112.44232940673828,-110.6369400024414,-114.61973571777344,-117.39094543457031,-100.52090454101562,-107.60224151611328,-201.7967987060547,-195.32003784179688,-200.4567108154297,-205.56895446777344,-201.3621826171875,-194.04078674316406,-180.74876403808594,1.5956984758377075,0.6655484437942505,0.20110371708869934,1.6058987379074097,2.7386462688446045,1.6511844396591187,0.12762227654457092,0.8396238088607788,1.5301257371902466,1.047990322113037,-10.109129905700684,0.5645167827606201,-90.82415008544922,92.21320343017578,35.72488784790039,4.762965679168701,-0.0004125499108340591,0.0005077045643702149,2.0926845536450855e-06,0.00034253651392646134,0.8076406121253967,0.35066235065460205,-2.2758405208587646,-1546.35009765625,-12816.3623046875,11327.5166015625,-0.536493718624115
OLF-CNU,42516,-85.36772918701172,-106.36756896972656,-104.01116943359375,-107.27677917480469,-109.89987182617188,-95.3739242553711,-100.5781478881836,-205.28033447265625,-200.19960021972656,-203.31512451171875,-207.65333557128906,-206.81785583496094,-199.6014404296875,-184.90005493164062,2.2182443141937256,0.785387396812439,1.1377781629562378,2.333728790283203,1.0178648233413696,1.4485797882080078,0.11418017745018005,0.9049873948097229,2.1809744834899902,1.1570639610290527,-9.302566528320312,0.3892281949520111,-96.00814056396484,81.20278930664062,35.71245574951172,4.483312129974365,-0.00043837924022227526,0.0005940554547123611,2.8881377147627063e-06,0.00043013866525143385,1.0705337524414062,0.46893247961997986,-3.1603288650512695,-1438.4627685546875,-13942.984375,10637.3642578125,-0.6153872609138489
HPF-TH,2548,-83.96524047851562,-104.99745178222656,-99.9793472290039,-105.76177215576172,-109.73570251464844,-94.32564544677734,-96.86283111572266,-199.48812866210938,-194.97610473632812,-198.48013305664062,-201.11685180664062,-203.4546661376953,-194.59095764160156,-178.947509765625,1.3951126337051392,2.785907506942749,1.4842405319213867,1.077333927154541,0.38625410199165344,3.722181797027588,0.12551821768283844,0.9139183759689331,1.70766019821167,1.2249118089675903,-9.1067476272583,0.32701563835144043,-97.3543472290039,66.79705810546875,24.9359188079834,4.2995829582214355,-0.0004470764833968133,0.0005866584833711386,2.7763178422901547e-06,0.00042052133358083665,0.8275876641273499,0.3502839207649231,-2.4342024326324463,-1133.806884765625,-10651.2578125,8633.9736328125,-0.5188392400741577
TH-HY,20575,-91.62872314453125,-113.05689239501953,-109.72615051269531,-114.12541961669922,-117.88990020751953,-101.37956237792969,-106.30425262451172,-207.11154174804688,-201.10179138183594,-205.74468994140625,-210.4586944580078,-206.95816040039062,-200.01922607421875,-186.27943420410156,1.2415528297424316,1.229878306388855,0.8261024951934814,1.167224407196045,0.8555996417999268,2.1233596801757812,0.11782535910606384,0.9113238453865051,1.698753833770752,1.1938058137893677,-9.918334007263184,0.34925904870033264,-95.76785278320312,59.741153717041016,20.276840209960938,4.7736124992370605,-0.000423350662458688,0.0005565217579714954,3.2760624435468344e-06,0.00039092072984203696,0.8990781903266907,0.4187605381011963,-2.5359060764312744,-1444.9029541015625,-13042.38671875,10261.5029296875,-0.5654121041297913
TH-MB,29506,-91.02474212646484,-112.42373657226562,-108.49964141845703,-113.62538146972656,-117.3484878540039,-101.1148910522461,-105.300048828125,-205.5947265625,-199.71072387695312,-204.22581481933594,-208.8914794921875,-206.0790557861328,-198.51551818847656,-184.9967498779297,1.1463534832000732,1.6707297563552856,0.8339715600013733,1.0258119106292725,0.7322726249694824,2.631028652191162,0.1184450015425682,0.9107102751731873,1.6407389640808105,1.177283763885498,-9.8733549118042,0.37211713194847107,-95.80827331542969,63.47370910644531,22.49026107788086,4.794650554656982,-0.00041207257891073823,0.0005418070359155536,3.2896709853957873e-06,0.0003778902755584568,0.8891873359680176,0.42132776975631714,-2.5314218997955322,-1585.50634765625,-13430.1669921875,11044.41796875,-0.5659322738647461
HY-MB,18793,-91.38892364501953,-112.71649169921875,-109.19181060791016,-113.80873107910156,-117.87080383300781,-101.0871353149414,-105.70136260986328,-206.6157684326172,-200.79945373535156,-205.51910400390625,-210.37039184570312,-206.69326782226562,-199.4454345703125,-186.00997924804688,1.1935466527938843,1.4964327812194824,0.81813645362854,1.1303112506866455,0.797736644744873,2.4943313598632812,0.11843018233776093,0.9147330522537231,1.6469886302947998,1.2156333923339844,-9.841861724853516,0.3881509304046631,-95.31330108642578,63.6917724609375,23.116378784179688,4.758440971374512,-0.0004113202157896012,0.0005291117122396827,3.287259687567712e-06,0.00036554341204464436,0.7834122776985168,0.3912850022315979,-2.2170214653015137,-1513.6240234375,-13139.6611328125,10430.4619140625,-0.5108338594436646
HPF-MB,749,-78.39752960205078,-97.516357421875,-93.25192260742188,-98.45744323730469,-102.22004699707031,-87.59613037109375,-90.6859130859375,-182.08160400390625,-177.1842498779297,-181.3997039794922,-184.6268310546875,-184.0589141845703,-176.3548126220703,-163.60498046875,1.2441614866256714,2.1824464797973633,1.2670526504516602,1.0439192056655884,0.2376941442489624,2.9793264865875244,0.11174966394901276,0.8285461068153381,1.5581073760986328,1.1567519903182983,-8.448420524597168,0.3146659731864929,-87.0311279296875,60.307369232177734,22.393962860107422,4.25691556930542,-0.0003735904465429485,0.0004954121541231871,2.4351163574465318e-06,0.0003454879333730787,0.878635048866272,0.36981192231178284,-2.4091458320617676,-1489.0760498046875,-12559.833984375,10555.0654296875,-0.526714026927948
MB-CB,21639,-89.79611206054688,-111.49773406982422,-108.9898910522461,-112.9828109741211,-116.03369140625,-99.74634552001953,-106.09109497070312,-203.2958984375,-197.80523681640625,-201.9103240966797,-207.1768035888672,-204.39541625976562,-196.1613311767578,-182.83274841308594,1.4032248258590698,0.8984178304672241,0.4370729923248291,1.395319938659668,1.8654438257217407,1.6155519485473633,0.12208817154169083,0.8672558069229126,1.595234751701355,1.0753142833709717,-9.904219627380371,0.49393343925476074,-94.29705047607422,94.86258697509766,40.610328674316406,4.664348602294922,-0.00043975902372039855,0.0005487337475642562,2.1190403458604123e-06,0.0003801718121394515,0.7787519693374634,0.3280062973499298,-2.195072889328003,-1339.77490234375,-11530.0185546875,9696.8193359375,-0.4944836497306824
CNU-TH,6314,-91.50745391845703,-113.10214233398438,-109.1751937866211,-114.26213836669922,-118.41443634033203,-101.4708251953125,-106.03045654296875,-207.3864288330078,-201.25985717773438,-205.94874572753906,-210.7213134765625,-206.74960327148438,-199.8966522216797,-186.45191955566406,1.3478950262069702,1.7676697969436646,0.9350464344024658,1.2147809267044067,0.5986712574958801,2.7006802558898926,0.11698316782712936,0.9211099147796631,1.7858957052230835,1.2516837120056152,-9.88330364227295,0.37324708700180054,-95.423583984375,59.41179656982422,20.42972755432129,4.890333652496338,-0.00040980285848490894,0.0005317778559401631,3.342391437399783e-06,0.00036476837703958154,0.8854509592056274,0.413409948348999,-2.465541124343872,-1619.6263427734375,-14191.1748046875,10845.751953125,-0.5446910858154297
MB-HB,27442,-92.3492660522461,-113.86701965332031,-111.62210083007812,-115.30557250976562,-119.02971649169922,-102.14067840576172,-108.61847686767578,-204.25967407226562,-197.9544677734375,-203.7880401611328,-208.43466186523438,-204.86651611328125,-196.492431640625,-183.53207397460938,1.164430022239685,0.7177767753601074,0.6683919429779053,1.1366980075836182,1.5180798768997192,1.6114593744277954,0.11905576288700104,0.8917362689971924,1.5822910070419312,1.1225254535675049,-10.127969741821289,0.4574123024940491,-94.383544921875,74.18209075927734,28.154817581176758,5.142538070678711,-0.00040312131750397384,0.0005104138399474323,3.7565239381365245e-06,0.0003421583096496761,0.900884211063385,0.4433615505695343,-2.5112464427948,-1725.97900390625,-15402.552734375,12027.4033203125,-0.5303910970687866
CNU-HY,38290,-92.12408447265625,-113.47025299072266,-110.99018096923828,-114.86792755126953,-118.31829833984375,-102.09461975097656,-107.33061218261719,-207.79998779296875,-201.98207092285156,-206.97633361816406,-211.0580291748047,-208.09725952148438,-200.78749084472656,-187.08065795898438,1.4426249265670776,0.5958543419837952,0.7274972796440125,1.471901297569275,1.0666606426239014,1.5932366847991943,0.11682694405317307,0.9043364524841309,1.7513964176177979,1.207116723060608,-9.950898170471191,0.3244573473930359,-96.35704040527344,62.69638442993164,21.00149917602539,4.5958991050720215,-0.0004243722651153803,0.0005603170720860362,3.148576070088893e-06,0.00039081642171368003,0.9158005714416504,0.4130527377128601,-2.5229084491729736,-1332.2191162109375,-13066.2041015625,9975.69921875,-0.6012169122695923
HPF-CNU,511,-89.15582275390625,-110.3109130859375,-106.70694732666016,-111.02507019042969,-115.28644561767578,-98.6385726928711,-103.6132583618164,-205.75636291503906,-200.57827758789062,-204.501708984375,-208.30772399902344,-207.69837951660156,-200.09124755859375,-185.0611572265625,1.3376288414001465,1.457210898399353,1.3020826578140259,1.2474563121795654,0.5004816055297852,2.1289751529693604,0.11248552054166794,0.9285504221916199,1.957916021347046,1.2869889736175537,-9.497997283935547,0.262105256319046,-98.09980773925781,59.323448181152344,22.459592819213867,4.086938858032227,-0.0004428720858413726,0.0005934551008976996,2.497096375009278e-06,0.00042721995851024985,0.5996619462966919,0.3400155007839203,-1.9670472145080566,-731.5949096679688,-10027.4912109375,5824.17236328125,-0.4312560260295868
Isocortex-MB,42,-85.55952453613281,-106.63838958740234,-101.91963958740234,-107.55654907226562,-111.58482360839844,-95.46875,-99.20088958740234,-200.90774536132812,-195.9732208251953,-199.9732208251953,-202.79762268066406,-203.69642639160156,-195.22024536132812,-180.4761962890625,1.476794958114624,2.1800827980041504,1.5814034938812256,1.3397042751312256,0.1364775151014328,2.789341449737549,0.1193557009100914,0.9276413917541504,1.9348726272583008,1.303338885307312,-9.180803298950195,0.3263927698135376,-97.08482360839844,65.3891372680664,23.475818634033203,4.697916507720947,-0.00041904335375875235,0.0005615211557596922,2.879472049244214e-06,0.0003966149815823883,0.9948498010635376,0.4357212483882904,-2.8572824001312256,-1601.5238037109375,-14110.6669921875,11625.142578125,-0.6015973687171936
