from,to,feature,n_trans,n_probes,cohens_d,pval,pval_bonf
HPF,MB,csd_pc0,18,18,1.8028,1.156106615741119e-28,8.786410279632505e-26
TH,CNU,cor_ratio,22,22,1.7376,5.218002340239134e-12,3.965681778581742e-09
TH,CNU,trough_time_secs,22,22,1.5377,2.8653960679190056e-12,2.1777010116184444e-09
TH,CNU,recovery_time_secs,22,22,1.5309,2.2500976877173184e-12,1.710074242665162e-09
HPF,MB,psd_pc0,18,18,1.4473,2.858697539961723e-27,2.1726101303709094e-24
TH,CNU,rms_ap,22,22,1.445,1.0133550702824877e-10,7.701498534146907e-08
TH,CNU,alpha_std,22,22,1.3712,1.7675457725515175e-10,1.3433347871391534e-07
TH,CNU,alpha_mean,22,22,1.287,1.991533846979467e-08,1.513565723704395e-05
TH,HPF,psd_pc0,208,206,1.2356,0.0,0.0
TH,HPF,aperiodic_offset,208,206,1.182,0.0,0.0
TH,CNU,depolarisation_slope,22,22,1.1778,1.4829104443562466e-08,1.1270119377107475e-05
TH,HPF,csd_pc0,208,206,1.1717,0.0,0.0
TH,CNU,peak_time_secs,22,22,1.1372,8.405204268904016e-11,6.387955244367051e-08
TH,CNU,aperiodic_offset,22,22,1.093,0.0008093389871726078,0.6150976302511819
HPF,MB,aperiodic_offset,18,18,1.0807,3.533874056992262e-17,2.6857442833141194e-14
TH,CNU,psd_pc0,22,22,1.059,0.00022583943524189358,0.17163797078383913
TH,CNU,repolarisation_slope,22,22,0.9382,1.3705351862309204e-05,0.010416067415354995
TH,HPF,cor_ratio,208,206,0.9352,1.8510515547329954e-266,1.4067991815970766e-263
TH,CNU,trough_val,22,22,0.9326,8.66411140765166e-05,0.06584724669815262
TH,CNU,peak_val,22,22,0.9315,0.00025222643579613614,0.19169209120506348
CNU,TH,recovery_slope,24,24,0.924,2.641753619503138e-09,2.007732750822385e-06
TH,CNU,tip_val,22,22,0.9203,6.7662760160279675e-06,0.0051423697721812555
CNU,TH,rms_ap,24,24,0.9091,1.5003628661035165e-07,0.00011402757782386726
CNU,TH,trough_val,24,24,0.8728,2.2890504202622663e-08,1.7396783193993224e-05
CNU,TH,peak_val,24,24,0.8438,1.573480551689071e-08,1.195845219283694e-05
HPF,MB,trough_time_secs,18,18,0.8426,1.963111918743068e-15,1.4919650582447318e-12
HPF,MB,recovery_time_secs,18,18,0.8242,1.1826302298238157e-14,8.987989746660999e-12
CNU,TH,csd_pc0,24,24,0.821,0.0002599549573700974,0.197565767601274
MB,HPF,trough_time_secs,113,112,0.8173,1.6709186924453149e-115,1.2698982062584393e-112
MB,HPF,recovery_time_secs,113,112,0.8042,1.6420591416169792e-113,1.2479649476289043e-110
TH,CNU,recovery_slope,22,22,0.7848,0.0002578395145262976,0.19595803103998616
TH,CNU,tip_time_secs,22,22,0.7832,0.00010686485253594986,0.0812172879273219
TH,HPF,rms_ap,208,206,0.7735,7.351696367695413e-206,5.587289239448514e-203
CNU,TH,repolarisation_slope,24,24,0.7595,3.567224473408266e-09,2.7110905997902822e-06
fiber tracts,HB,alpha_std,17,17,0.754,6.793684172478016e-14,5.163199971083292e-11
CTXsp,HPF,trough_time_secs,28,28,0.7408,6.587184371317225e-30,5.006260122201091e-27
CTXsp,HPF,recovery_time_secs,28,28,0.7403,1.0051869818453052e-29,7.639421062024319e-27
HPF,MB,rms_ap,18,18,0.7209,3.413777327581533e-11,2.594470768961965e-08
fiber tracts,MB,trough_val,21,21,0.7079,5.386742662577482e-24,4.093924423558887e-21
MB,HPF,psd_pc0,113,112,0.7038,2.808884130138487e-94,2.13475193890525e-91
Isocortex,void,trough_val,97,97,0.6961,5.924051888089402e-51,4.5022794349479457e-48
MB,HPF,aperiodic_offset,113,112,0.6915,1.6194705140969996e-85,1.2307975907137197e-82
CNU,TH,psd_pc1,24,24,0.6841,1.262864957663945e-06,0.0009597773678245981
HPF,Isocortex,csd_pc0,317,312,0.6826,1.321767685557077e-173,1.0045434410233786e-170
fiber tracts,HB,alpha_mean,17,17,0.6807,4.813785238193884e-10,3.6584767810273515e-07
Isocortex,void,peak_val,97,97,0.6791,5.689177308043909e-53,4.32377475411337e-50
CNU,HY,alpha_std,29,23,0.6733,5.916981939382584e-17,4.496906273930764e-14
MB,HPF,repolarisation_slope,113,112,0.6632,9.158304237481989e-85,6.960311220486312e-82
MB,HPF,csd_pc0,113,112,0.6598,3.8767001375233783e-85,2.9462921045177674e-82
fiber tracts,MB,peak_val,21,21,0.6472,6.409344002842377e-18,4.871101442160207e-15
HPF,MB,tip_time_secs,18,18,0.643,1.1211487610799621e-06,0.0008520730584207712
Isocortex,void,depolarisation_slope,97,97,0.6416,6.522550022974839e-65,4.957138017460877e-62
Isocortex,void,repolarisation_slope,97,97,0.6241,2.7342866419505408e-45,2.078057847882411e-42
MB,HPF,recovery_slope,113,112,0.6188,1.589278321743095e-87,1.2078515245247521e-84
fiber tracts,MB,trough_time_secs,21,21,0.6085,2.6338358266182738e-18,2.0017152282298882e-15
CB,void_fluid,tip_val,22,22,0.6073,2.2596646162331588e-13,1.7173451083372006e-10
MB,Isocortex,aperiodic_exponent,43,43,0.6024,7.870281131395598e-34,5.981413659860654e-31
fiber tracts,MB,recovery_time_secs,21,21,0.5999,1.0066085063497527e-17,7.650224648258121e-15
CNU,HY,cor_ratio,29,23,0.5942,6.071693376185646e-14,4.614486965901091e-11
fiber tracts,MB,repolarisation_slope,21,21,0.5917,1.4301162032690172e-22,1.0868883144844532e-19
MB,HPF,tip_time_secs,113,112,0.591,2.04978169106359e-61,1.5578340852083285e-58
MB,HPF,depolarisation_slope,113,112,0.5798,8.348941265583198e-63,6.34519536184323e-60
Isocortex,void,recovery_slope,97,97,0.5661,7.334079882995647e-45,5.573900711076692e-42
MB,HPF,trough_val,113,112,0.5653,1.6136649584198855e-66,1.2263853683991128e-63
TH,HPF,alpha_mean,208,206,0.5612,2.752408167021622e-143,2.091830206936433e-140
CNU,HY,alpha_mean,29,23,0.5589,7.180864744831158e-13,5.45745720607168e-10
Isocortex,void_fluid,peak_val,66,66,0.5515,4.543182065848349e-15,3.452818370044745e-12
MB,HPF,rms_ap,113,112,0.5467,1.4265926642793037e-55,1.0842104248522707e-52
Isocortex,void,tip_val,97,97,0.5431,7.377853012636369e-47,5.60716828960364e-44
Isocortex,void_fluid,trough_val,66,66,0.5412,2.2552462929529765e-14,1.713987182644262e-11
CNU,TH,alpha_std,24,24,0.5331,0.014919884880511278,1.0
CNU,TH,csd_pc1,24,24,0.5298,0.0002091103485019004,0.1589238648614443
CB,void_fluid,peak_val,22,22,0.5263,3.124121725194287e-12,2.374332511147658e-09
Isocortex,void_fluid,tip_val,66,66,0.5254,2.4720822094281915e-14,1.8787824791654257e-11
CNU,HY,psd_pc0,29,23,0.515,1.7009189592791458e-10,1.2926984090521508e-07
fiber tracts,MB,rms_ap,21,21,0.5124,2.5562719555610455e-12,1.9427666862263944e-09
CNU,TH,aperiodic_exponent,24,24,0.5048,0.004116773072943152,1.0
MB,HPF,peak_val,113,112,0.5041,1.8777187553879059e-57,1.4270662540948084e-54
MB,HPF,cor_ratio,113,112,0.5035,1.3248754836558635e-44,1.0069053675784563e-41
CB,void_fluid,depolarisation_slope,22,22,0.5027,2.5600697734476e-10,1.9456530278201762e-07
CB,MB,tip_val,26,24,0.5012,1.841435064803516e-11,1.399490649250672e-08
Isocortex,void_fluid,repolarisation_slope,66,66,0.4968,4.3612095578610143e-13,3.314519263974371e-10
CNU,TH,peak_time_secs,24,24,0.4961,0.003997959568747777,1.0
OLF,CTXsp,tip_time_secs,71,70,0.4947,1.6379374827089253e-41,1.2448324868587832e-38
TH,CNU,csd_pc1,22,22,0.493,0.0022423300069483506,1.0
Isocortex,void_fluid,depolarisation_slope,66,66,0.4928,1.292017043383326e-12,9.819329529713277e-10
CB,MB,tip_time_secs,26,24,0.4864,4.311259611372642e-11,3.276557304643208e-08
CB,void_fluid,peak_time_secs,22,22,0.47,1.655952591216064e-11,1.2585239693242087e-08
fiber tracts,MB,recovery_slope,21,21,0.4571,3.6818540318576265e-24,2.798209064211796e-21
MB,Isocortex,aperiodic_offset,43,43,0.4554,3.036588995151122e-27,2.3078076363148526e-24
CNU,Isocortex,aperiodic_offset,110,110,0.4481,6.019249895555602e-20,4.574629920622258e-17
void_fluid,void,rms_ap,74,72,0.4398,1.1953775967122706e-12,9.084869735013256e-10
CB,void_fluid,trough_val,22,22,0.433,3.6210946086916275e-10,2.752031902605637e-07
CB,MB,depolarisation_slope,26,24,0.4295,6.284660849857935e-09,4.776342245892031e-06
MB,Isocortex,cor_ratio,43,43,0.428,1.652045049714164e-14,1.2555542377827647e-11
HPF,MB,alpha_std,18,18,0.4179,6.3794074608379e-05,0.04848349670236804
Isocortex,void_fluid,recovery_slope,66,66,0.4157,5.083811140825026e-11,3.863696467027019e-08
CNU,fiber tracts,trough_val,16,16,0.4144,0.0005559444649179027,0.4225177933376061
CTXsp,Isocortex,csd_pc1,18,12,0.4125,6.609959849781058e-06,0.0050235694858336045
CNU,HY,tip_time_secs,29,23,0.4097,5.5778358640670874e-09,4.239155256690986e-06
fiber tracts,VS,psd_pc0,16,14,0.4086,2.7913664899638287e-07,0.00021214385323725099
CB,void_fluid,tip_time_secs,22,22,0.4053,0.0002637382867432189,0.20044109792484638
CNU,Isocortex,psd_pc0,110,110,0.3998,2.696211767390366e-21,2.049120943216678e-18
CNU,HY,aperiodic_offset,29,23,0.3997,6.249998276692191e-06,0.0047499986902860645
CNU,Isocortex,cor_ratio,110,110,0.3968,3.76216302196948e-12,2.859243896696805e-09
HY,MB,rms_ap,24,21,0.396,0.0188697821974083,1.0
CNU,OLF,depolarisation_slope,36,31,0.3855,5.506942741704282e-12,4.185276483695255e-09
CNU,TH,aperiodic_offset,24,24,0.3846,0.09438117716117878,1.0
OLF,CNU,psd_pc0,20,15,0.3833,7.902279050425478e-07,0.0006005732078323364
fiber tracts,root,alpha_std,18,13,0.3829,0.0021696538678924416,1.0
fiber tracts,TH,alpha_std,20,20,0.3824,1.3738786039255564e-05,0.010441477389834228
MB,HPF,tip_val,113,112,0.3813,4.236094435637179e-43,3.2194317710842562e-40
CB,MB,peak_val,26,24,0.3773,7.950498611700804e-08,6.042378944892611e-05
fiber tracts,MB,tip_time_secs,21,21,0.3698,8.357081750495182e-05,0.06351382130376339
CNU,fiber tracts,peak_val,16,16,0.3697,0.0002011752598779612,0.1528931975072505
HPF,MB,peak_val,18,18,0.3679,0.007381782441698789,1.0
MB,HY,csd_pc0,28,27,0.3674,7.114952000826299e-11,5.407363520627988e-08
MB,Isocortex,rms_ap,43,43,0.3656,6.203497736414829e-12,4.71465827967527e-09
fiber tracts,MB,depolarisation_slope,21,21,0.3624,4.155037243871776e-10,3.15782830534255e-07
OLF,CNU,tip_time_secs,20,15,0.3622,0.00031360235759385655,0.238337791771331
fiber tracts,root,cor_ratio,18,13,0.3584,0.00010669201932614733,0.08108593468787197
CNU,OLF,tip_val,36,31,0.3561,5.0840711913586464e-11,3.863894105432571e-08
HPF,MB,alpha_mean,18,18,0.3547,0.00022593707656734004,0.17171217819117843
fiber tracts,TH,alpha_mean,20,20,0.3526,0.00024658522149699025,0.18740476833771258
CB,void_fluid,repolarisation_slope,22,22,0.3526,8.993526208723399e-08,6.835079918629784e-05
fiber tracts,VS,depolarisation_slope,16,14,0.3489,0.01229966431433201,1.0
CB,MB,trough_time_secs,26,24,0.3488,2.1309449525401883e-06,0.001619518163930543
OLF,CTXsp,recovery_time_secs,71,70,0.3485,9.425062903571812e-20,7.163047806714577e-17
CB,MB,recovery_time_secs,26,24,0.3457,2.2453105397810856e-06,0.0017064360102336251
CNU,Isocortex,aperiodic_exponent,110,110,0.3447,1.0025342407797049e-13,7.619260229925757e-11
OLF,CTXsp,trough_time_secs,71,70,0.344,2.9039816749622057e-19,2.2070260729712762e-16
CNU,OLF,tip_time_secs,36,31,0.3415,1.03639932429343e-09,7.876634864630068e-07
CTXsp,HPF,tip_time_secs,28,28,0.3374,7.935133759372239e-07,0.0006030701657122902
HPF,Isocortex,trough_time_secs,317,312,0.3371,1.5020417112415577e-54,1.1415517005435839e-51
fiber tracts,VS,recovery_slope,16,14,0.3362,0.0010390245636778365,0.7896586683951557
HPF,MB,csd_pc1,18,18,0.3354,6.215092017704302e-06,0.00472346993345527
MB,Isocortex,csd_pc1,43,43,0.335,7.679674118812875e-09,5.836552330297785e-06
OLF,CNU,cor_ratio,20,15,0.3341,7.0855235595713e-05,0.05384997905274187
HPF,Isocortex,recovery_time_secs,317,312,0.3318,1.5627340795245008e-53,1.1876779004386205e-50
CNU,Isocortex,alpha_mean,110,110,0.3307,3.065285692085764e-06,0.0023296171259851806
fiber tracts,VS,tip_val,16,14,0.3302,0.003967182692457593,1.0
CB,MB,trough_val,26,24,0.3266,7.839965535384097e-07,0.0005958373806891914
MB,Isocortex,recovery_time_secs,43,43,0.3233,7.689556738769572e-15,5.844063121464875e-12
HPF,fiber tracts,alpha_mean,20,20,0.3221,9.325233821161275e-06,0.007087177704082569
CB,MB,repolarisation_slope,26,24,0.322,1.3450183827891226e-06,0.0010222139709197332
MB,Isocortex,psd_pc1,43,43,0.3192,1.07021262885038e-06,0.0008133615979262889
HPF,Isocortex,csd_pc1,317,312,0.3192,1.510275393673912e-43,1.1478092991921732e-40
CNU,TH,tip_time_secs,24,24,0.3178,0.01665511304029482,1.0
CTXsp,CNU,aperiodic_offset,58,53,0.3155,1.2352896704867596e-11,9.388201495699373e-09
fiber tracts,VS,repolarisation_slope,16,14,0.3152,0.001902833824797103,1.0
MB,Isocortex,trough_time_secs,43,43,0.3142,1.5435277231184691e-13,1.1730810695700365e-10
CTXsp,Isocortex,peak_val,18,12,0.3122,0.0012375988720221426,0.9405751427368283
HPF,MB,trough_val,18,18,0.3111,0.024214456618648458,1.0
HY,MB,alpha_mean,24,21,0.3085,0.15437832005073218,1.0
OLF,CTXsp,cor_ratio,71,70,0.3071,2.783890639543264e-16,2.1157568860528806e-13
HPF,Isocortex,aperiodic_exponent,317,312,0.3059,1.624296544373266e-38,1.234465373723682e-35
OLF,CTXsp,csd_pc0,71,70,0.3055,9.290936367497908e-19,7.06111163929841e-16
CTXsp,HPF,alpha_std,28,28,0.3052,0.042408996530792525,1.0
HY,CNU,tip_val,34,26,0.3028,0.013490626356016245,1.0
Isocortex,void_fluid,peak_time_secs,66,66,0.2992,3.1513665806098535e-12,2.3950386012634886e-09
CTXsp,Isocortex,tip_val,18,12,0.2986,0.0007507306278018809,0.5705552771294295
fiber tracts,MB,alpha_std,21,21,0.2983,0.33830303863661604,1.0
CNU,HY,depolarisation_slope,29,23,0.2946,0.029305013381480467,1.0
fiber tracts,HB,tip_time_secs,17,17,0.2946,0.0033876439239894913,1.0
OLF,CNU,rms_ap,20,15,0.2909,3.5384440766533615e-05,0.026892174982565548
CTXsp,CNU,psd_pc0,58,53,0.2896,7.868908304428275e-11,5.980370311365489e-08
HPF,Isocortex,tip_time_secs,317,312,0.2888,8.478323543449488e-39,6.44352589302161e-36
CTXsp,Isocortex,rms_ap,18,12,0.2884,0.001311509305587535,0.9967470722465267
fiber tracts,VS,trough_val,16,14,0.2869,0.0021447116783514662,1.0
HY,MB,alpha_std,24,21,0.2864,0.8080218917663863,1.0
HY,CNU,psd_pc0,34,26,0.2838,5.674574381857181e-06,0.004312676530211458
OLF,CTXsp,tip_val,71,70,0.2834,4.542255599018258e-15,3.452114255253876e-12
void_fluid,void,aperiodic_exponent,74,72,0.2818,5.829513458199853e-07,0.00044304302282318877
MB,Isocortex,psd_pc0,43,43,0.2816,4.045283055439985e-14,3.0744151221343884e-11
HY,CNU,aperiodic_offset,34,26,0.2815,1.4903690494523535e-06,0.0011326804775837888
HPF,MB,depolarisation_slope,18,18,0.2813,0.03259859530046049,1.0
CTXsp,CNU,alpha_mean,58,53,0.2793,1.1656747006081172e-12,8.859127724621691e-10
fiber tracts,VS,peak_val,16,14,0.2779,0.005888050939274252,1.0
CB,MB,recovery_slope,26,24,0.2773,1.5478360557301082e-07,0.00011763554023548822
CNU,HY,tip_val,29,23,0.2773,0.0015461227928400328,1.0
Isocortex,void,tip_time_secs,97,97,0.2759,7.09522405087208e-17,5.3923702786627805e-14
Isocortex,void_fluid,trough_time_secs,66,66,0.2745,4.353822662640439e-06,0.003308905223606734
fiber tracts,MB,psd_pc0,21,21,0.2745,0.0001405354722828536,0.10680695893496873
HPF,fiber tracts,cor_ratio,20,20,0.2737,0.00045318977399334934,0.3444242282349455
MB,HPF,aperiodic_exponent,113,112,0.2709,4.024039858029143e-17,3.0582702921021487e-14
CNU,OLF,peak_time_secs,36,31,0.2705,3.623981523244557e-09,2.7542259576658635e-06
CNU,OLF,peak_val,36,31,0.2704,1.883075585364023e-08,1.4311374448766575e-05
CNU,TH,depolarisation_slope,24,24,0.2696,0.07909229165269774,1.0
root,fiber tracts,rms_ap,25,19,0.2696,0.0014067917832500433,1.0
HPF,fiber tracts,csd_pc0,20,20,0.2678,0.011013800130704975,1.0
HPF,Isocortex,depolarisation_slope,317,312,0.2665,8.921417948692256e-22,6.7802776410061145e-19
OLF,Isocortex,rms_ap,72,63,0.2662,2.45415160468506e-09,1.8651552195606456e-06
Isocortex,void_fluid,recovery_time_secs,66,66,0.2645,9.733689307916097e-06,0.0073976038740162335
CNU,Isocortex,rms_ap,110,110,0.2645,2.1943851437312224e-07,0.0001667732709235729
CTXsp,Isocortex,trough_val,18,12,0.2643,0.013157466243950814,1.0
CB,fiber tracts,psd_pc0,16,16,0.2638,0.005408065598751243,1.0
CB,void_fluid,aperiodic_exponent,22,22,0.2619,4.379542969042585e-06,0.0033284526564723647
CTXsp,Isocortex,repolarisation_slope,18,12,0.2619,0.01634905342279679,1.0
CNU,Isocortex,peak_val,110,110,0.2608,1.6336558829590835e-05,0.012415784710489035
fiber tracts,HB,csd_pc1,17,17,0.2606,0.14727029886872878,1.0
fiber tracts,VS,aperiodic_offset,16,14,0.2606,7.853283916503627e-05,0.059684957765427565
MB,TH,rms_ap,110,77,0.2596,4.016468738545859e-19,3.0525162412948527e-16
root,fiber tracts,aperiodic_exponent,25,19,0.2592,0.01375713156754477,1.0
fiber tracts,HB,tip_val,17,17,0.2588,0.001278750437427374,0.9718503324448042
HPF,Isocortex,repolarisation_slope,317,312,0.2583,2.477869076861162e-22,1.883180498414483e-19
OLF,CTXsp,psd_pc0,71,70,0.2582,2.848326298628647e-15,2.1647279869577717e-12
fiber tracts,root,alpha_mean,18,13,0.2579,0.004875658143175494,1.0
TH,CNU,psd_pc1,22,22,0.2577,0.40834296926375835,1.0
HY,CNU,peak_time_secs,34,26,0.2576,1.7445518645461315e-08,1.32585941705506e-05
CTXsp,CNU,alpha_std,58,53,0.2566,2.44236269412646e-09,1.8561956475361095e-06
MB,HPF,alpha_mean,113,112,0.2565,1.9850545996293882e-17,1.508641495718335e-14
fiber tracts,VS,alpha_std,16,14,0.2541,0.655118154828456,1.0
CNU,OLF,repolarisation_slope,36,31,0.2538,1.9461643649732213e-07,0.0001479084917379648
fiber tracts,MB,aperiodic_offset,21,21,0.2536,0.00011177877341155378,0.08495186779278087
CNU,fiber tracts,recovery_time_secs,16,16,0.2532,0.060671845693510765,1.0
HY,MB,aperiodic_exponent,24,21,0.2526,0.07415255725407888,1.0
CNU,Isocortex,trough_val,110,110,0.2516,2.0840320424120617e-05,0.01583864352233167
CNU,Isocortex,repolarisation_slope,110,110,0.2502,8.68795765843323e-08,6.602847820409255e-05
CNU,OLF,trough_val,36,31,0.2497,4.768705992792542e-07,0.00036242165545223316
CB,void_fluid,cor_ratio,22,22,0.2486,0.11822021438070564,1.0
fiber tracts,HB,peak_val,17,17,0.2458,0.004170933644898419,1.0
CNU,fiber tracts,trough_time_secs,16,16,0.2458,0.07011792383616522,1.0
MB,HPF,peak_time_secs,113,112,0.2454,2.7147939381023807e-23,2.0632433929578093e-20
CB,fiber tracts,aperiodic_exponent,16,16,0.244,0.013645182743975175,1.0
HPF,Isocortex,psd_pc1,317,312,0.2428,6.2528165177573614e-31,4.752140553495595e-28
fiber tracts,VS,tip_time_secs,16,14,0.2426,0.11265099965362754,1.0
OLF,CNU,recovery_slope,20,15,0.2418,0.23365400101233125,1.0
TH,HPF,aperiodic_exponent,208,206,0.2409,1.360149957991528e-25,1.0337139680735614e-22
CTXsp,Isocortex,recovery_slope,18,12,0.2408,0.029830957374166005,1.0
CTXsp,HPF,csd_pc1,28,28,0.2402,0.0408140603189322,1.0
TH,HPF,alpha_std,208,206,0.2385,1.0038648494170974e-59,7.629372855569941e-57
root,fiber tracts,psd_pc0,25,19,0.236,0.00616005036300218,1.0
MB,TH,cor_ratio,110,77,0.2355,1.4567175437872373e-11,1.1071053332783003e-08
void_fluid,void,trough_val,74,72,0.2346,0.008198020346547706,1.0
Isocortex,void,alpha_std,97,97,0.231,0.3159894213201978,1.0
OLF,CNU,aperiodic_offset,20,15,0.2304,0.009717158635093754,1.0
CTXsp,HPF,csd_pc0,28,28,0.2303,2.9443195800715376e-05,0.022376828808543685
CB,fiber tracts,psd_pc1,16,16,0.2284,0.0006357308361898709,0.48315543550430184
HPF,fiber tracts,recovery_slope,20,20,0.2271,1.834487079568853e-06,0.0013942101804723282
void_fluid,void,repolarisation_slope,74,72,0.2264,0.018181236564546042,1.0
CB,MB,peak_time_secs,26,24,0.2263,0.0008473446703296786,0.6439819494505558
fiber tracts,MB,aperiodic_exponent,21,21,0.2262,9.997016690134378e-06,0.007597732684502127
CTXsp,HPF,psd_pc1,28,28,0.2228,0.01796757971547594,1.0
CB,void_fluid,recovery_slope,22,22,0.2218,2.0128623196463497e-05,0.015297753629312258
OLF,Isocortex,trough_time_secs,72,63,0.2213,7.322446826450834e-08,5.5650595881026336e-05
MB,Isocortex,tip_val,43,43,0.2206,3.7478591692847866e-06,0.0028483729686564377
OLF,CTXsp,peak_time_secs,71,70,0.2196,3.4845889292566895e-14,2.648287586235084e-11
CTXsp,HPF,aperiodic_exponent,28,28,0.219,0.01089450050094883,1.0
MB,HY,tip_time_secs,28,27,0.2189,0.0021339451742245145,1.0
HY,CNU,psd_pc1,34,26,0.2185,3.487839092186477e-05,0.026507577100617227
HPF,fiber tracts,peak_val,20,20,0.2181,1.3965981206092681e-06,0.0010614145716630438
CB,MB,csd_pc1,26,24,0.2177,0.0022862636453993257,1.0
OLF,Isocortex,recovery_time_secs,72,63,0.2176,1.1348690199593369e-07,8.62500455169096e-05
CTXsp,HPF,alpha_mean,28,28,0.2169,0.36621331336618024,1.0
void_fluid,void,recovery_slope,74,72,0.2152,0.027132294755614832,1.0
CNU,Isocortex,psd_pc1,110,110,0.2152,2.2163670183154502e-07,0.00016844389339197422
fiber tracts,VS,alpha_mean,16,14,0.2147,0.6973282319987354,1.0
MB,HPF,csd_pc1,113,112,0.2135,1.4019767734043567e-11,1.0655023477873112e-08
CNU,Isocortex,alpha_std,110,110,0.2122,1.4807180833967669e-05,0.011253457433815428
Isocortex,void_fluid,tip_time_secs,66,66,0.2115,1.2003818833038668e-05,0.009122902313109388
OLF,CNU,repolarisation_slope,20,15,0.2111,0.13648504900707026,1.0
OLF,CNU,alpha_mean,20,15,0.2103,0.012102155619139124,1.0
HY,CNU,aperiodic_exponent,34,26,0.2096,0.0001353484770522697,0.10286484255972497
HPF,fiber tracts,aperiodic_exponent,20,20,0.2092,0.0006503718305889326,0.4942825912475887
HPF,fiber tracts,depolarisation_slope,20,20,0.2091,0.00021221339805296277,0.1612821825202517
fiber tracts,HB,depolarisation_slope,17,17,0.2087,0.02881429049153712,1.0
OLF,CTXsp,rms_ap,71,70,0.2082,3.5281923842950966e-08,2.6814262120642734e-05
CTXsp,Isocortex,depolarisation_slope,18,12,0.2064,0.009620612495189576,1.0
HY,TH,trough_time_secs,80,79,0.2063,2.5604087000017356e-11,1.945910612001319e-08
HPF,fiber tracts,repolarisation_slope,20,20,0.2053,2.6721548589141518e-05,0.020308376927747552
OLF,Isocortex,psd_pc0,72,63,0.2053,5.325631194837018e-10,4.0474797080761337e-07
CNU,OLF,psd_pc1,36,31,0.2053,0.0009262777960162672,0.703971124972363
void_fluid,void,cor_ratio,74,72,0.2042,0.019352127763926565,1.0
HY,MB,cor_ratio,24,21,0.2042,0.05675729103508711,1.0
CB,void_fluid,trough_time_secs,22,22,0.204,0.05879294556468346,1.0
HY,MB,peak_val,24,21,0.2023,0.0016121287301716287,1.0
HY,TH,recovery_time_secs,80,79,0.2023,4.835183515589571e-11,3.674739471848074e-08
CB,void_fluid,psd_pc1,22,22,0.202,0.0014034339046078918,1.0
HPF,Isocortex,recovery_slope,317,312,0.2017,9.621739489534345e-17,7.312522012046102e-14
fiber tracts,TH,psd_pc0,20,20,0.2017,0.0008210825059960544,0.6240227045570014
CB,fiber tracts,trough_time_secs,16,16,0.2005,0.08106552231328748,1.0
TH,HPF,csd_pc1,208,206,0.2002,5.460464587102402e-18,4.149953086197825e-15
HPF,fiber tracts,trough_val,20,20,0.1996,1.4078208160727875e-06,0.0010699438202153185
HY,MB,trough_time_secs,24,21,0.1987,0.0013878817338561123,1.0
CNU,TH,cor_ratio,24,24,0.1978,0.10988159474810578,1.0
HY,MB,recovery_time_secs,24,21,0.1977,0.0013000777089299143,0.9880590587867348
CB,fiber tracts,recovery_time_secs,16,16,0.1975,0.09129151601099521,1.0
OLF,CTXsp,alpha_std,71,70,0.1972,1.0513156283054902e-12,7.989998775121725e-10
fiber tracts,TH,aperiodic_offset,20,20,0.1959,0.0050115503219849335,1.0
void_fluid,void,depolarisation_slope,74,72,0.1957,0.07668887856873774,1.0
TH,HPF,tip_time_secs,208,206,0.1948,8.9169668155535e-26,6.77689477982066e-23
fiber tracts,HB,recovery_time_secs,17,17,0.1944,0.1095889818249529,1.0
CB,fiber tracts,depolarisation_slope,16,16,0.1933,0.030263511812603592,1.0
fiber tracts,root,csd_pc1,18,13,0.193,0.018112560567750305,1.0
OLF,CTXsp,csd_pc1,71,70,0.1919,6.019132153387494e-10,4.574540436574495e-07
fiber tracts,root,aperiodic_exponent,18,13,0.1918,0.8397453797271401,1.0
CB,fiber tracts,cor_ratio,16,16,0.1917,0.00584324667640972,1.0
HPF,Isocortex,tip_val,317,312,0.1907,1.9086105502019296e-12,1.4505440181534665e-09
CB,void_fluid,recovery_time_secs,22,22,0.19,0.09783420570287063,1.0
HPF,fiber tracts,tip_val,20,20,0.1893,0.004197701134623584,1.0
OLF,CTXsp,depolarisation_slope,71,70,0.1887,7.007704067440192e-13,5.325855091254546e-10
HPF,MB,aperiodic_exponent,18,18,0.188,0.08955140540140623,1.0
void_fluid,void,aperiodic_offset,74,72,0.1877,0.004665671009948858,1.0
CTXsp,CNU,repolarisation_slope,58,53,0.1862,3.448853157263261e-06,0.0026211283995200784
CTXsp,Isocortex,tip_time_secs,18,12,0.1846,0.10961851112453412,1.0
fiber tracts,VS,peak_time_secs,16,14,0.1845,0.008955693072784425,1.0
OLF,CTXsp,alpha_mean,71,70,0.1841,2.26798753794639e-08,1.7236705288392564e-05
MB,HY,aperiodic_exponent,28,27,0.1838,7.166415376975717e-06,0.005446475686501545
Isocortex,void,alpha_mean,97,97,0.1828,0.7416893017705694,1.0
CNU,TH,psd_pc0,24,24,0.1819,0.08230299980694476,1.0
void_fluid,void,peak_val,74,72,0.1818,0.012158133080905463,1.0
Isocortex,void_fluid,cor_ratio,66,66,0.1816,0.07593059424122962,1.0
OLF,CNU,aperiodic_exponent,20,15,0.1813,0.014820735195883564,1.0
CNU,OLF,recovery_slope,36,31,0.1806,2.5268852007595603e-06,0.0019204327525772658
MB,Isocortex,peak_val,43,43,0.1801,0.0023835852584545153,1.0
fiber tracts,HB,trough_time_secs,17,17,0.1801,0.14864987771751872,1.0
OLF,Isocortex,cor_ratio,72,63,0.1799,0.029532899202580235,1.0
CTXsp,Isocortex,psd_pc1,18,12,0.1796,0.2768921971614565,1.0
fiber tracts,MB,tip_val,21,21,0.1782,7.674770698192568e-07,0.0005832825730626352
MB,HY,peak_time_secs,28,27,0.1774,0.01708839256393242,1.0
CNU,fiber tracts,recovery_slope,16,16,0.1771,0.007126889872306586,1.0
CTXsp,CNU,cor_ratio,58,53,0.1762,7.075841331374746e-07,0.0005377639411844806
HPF,Isocortex,trough_val,317,312,0.1756,3.4740888329263757e-11,2.6403075130240457e-08
CNU,Isocortex,recovery_time_secs,110,110,0.1748,0.0006072934353339929,0.4615430108538346
fiber tracts,HB,trough_val,17,17,0.1746,3.620625159909685e-05,0.027516751215313603
HPF,MB,psd_pc1,18,18,0.1746,0.1643408955620147,1.0
CNU,fiber tracts,aperiodic_exponent,16,16,0.1746,1.7359178403621633e-05,0.013192975586752441
CB,fiber tracts,csd_pc0,16,16,0.1743,0.2527284059273952,1.0
fiber tracts,MB,cor_ratio,21,21,0.1733,0.07048353738211693,1.0
CNU,HY,recovery_slope,29,23,0.1732,0.0016567697860930793,1.0
HPF,Isocortex,peak_val,317,312,0.1725,1.1967107905397392e-10,9.095002008102018e-08
CNU,Isocortex,trough_time_secs,110,110,0.1723,0.0006162261497589496,0.4683318738168017
CNU,Isocortex,recovery_slope,110,110,0.1719,3.29523888051153e-07,0.00025043815491887625
HB,MB,cor_ratio,87,76,0.1719,2.307164714547919e-05,0.017534451830564183
HPF,MB,recovery_slope,18,18,0.1714,0.512470144120929,1.0
CTXsp,HPF,recovery_slope,28,28,0.1713,0.3553016496110236,1.0
CNU,TH,recovery_time_secs,24,24,0.1709,0.061048338769743346,1.0
CB,fiber tracts,tip_time_secs,16,16,0.1682,0.04129595044918069,1.0
Isocortex,void,peak_time_secs,97,97,0.1681,2.465490004327855e-26,1.87377240328917e-23
CTXsp,HPF,rms_ap,28,28,0.1679,6.904512631486372e-06,0.005247429599929643
CNU,fiber tracts,repolarisation_slope,16,16,0.1678,0.00959633030500489,1.0
CNU,fiber tracts,tip_val,16,16,0.1673,0.028448448760134516,1.0
HY,CNU,tip_time_secs,34,26,0.1672,0.06004759727131079,1.0
CTXsp,HPF,repolarisation_slope,28,28,0.1669,0.21462074808669185,1.0
HB,CB,trough_val,147,139,0.1666,8.508212039373756e-07,0.0006466241149924054
CB,void_fluid,aperiodic_offset,22,22,0.1653,0.003920544670283872,1.0
CTXsp,HPF,cor_ratio,28,28,0.1648,0.17677194301575772,1.0
MB,Isocortex,depolarisation_slope,43,43,0.1648,0.004576588899293846,1.0
CB,fiber tracts,tip_val,16,16,0.1617,0.00634130738098491,1.0
OLF,CNU,trough_val,20,15,0.1614,0.08460202826576402,1.0
HPF,MB,cor_ratio,18,18,0.1614,0.13610781932937047,1.0
fiber tracts,root,rms_ap,18,13,0.1612,0.5888683140171854,1.0
fiber tracts,HB,repolarisation_slope,17,17,0.1605,0.003503489623118551,1.0
CTXsp,CNU,recovery_slope,58,53,0.1595,1.8859396077901024e-06,0.001433314101920478
CTXsp,HPF,peak_time_secs,28,28,0.1593,0.06792169944451674,1.0
OLF,Isocortex,aperiodic_offset,72,63,0.1584,3.4786401753621326e-05,0.026437665332752207
HPF,fiber tracts,csd_pc1,20,20,0.1582,0.4634208778668113,1.0
fiber tracts,root,peak_val,18,13,0.1568,0.24051990283722402,1.0
HY,MB,repolarisation_slope,24,21,0.1554,0.004236989727486965,1.0
Isocortex,void_fluid,psd_pc1,66,66,0.1532,0.0072211631806961074,1.0
MB,HY,tip_val,28,27,0.1516,0.5400463538725283,1.0
root,fiber tracts,csd_pc0,25,19,0.1509,0.0321541190703962,1.0
CB,fiber tracts,peak_val,16,16,0.1508,0.009944635580755624,1.0
fiber tracts,VS,trough_time_secs,16,14,0.1504,0.005915931364824358,1.0
MB,TH,alpha_mean,110,77,0.1502,0.007886171836432719,1.0
fiber tracts,root,peak_time_secs,18,13,0.1501,0.3813203671663239,1.0
Isocortex,void,aperiodic_exponent,97,97,0.1498,4.647198524310372e-06,0.0035318708784758826
CNU,OLF,alpha_mean,36,31,0.1493,0.021323106908175397,1.0
Isocortex,void_fluid,psd_pc0,66,66,0.1489,0.0018359653374799298,1.0
MB,HY,depolarisation_slope,28,27,0.1487,0.40404238913513735,1.0
fiber tracts,VS,csd_pc1,16,14,0.1486,0.23405214321855394,1.0
OLF,CNU,alpha_std,20,15,0.148,0.031756616089430416,1.0
fiber tracts,MB,peak_time_secs,21,21,0.1471,8.505450800383251e-06,0.0064641426082912715
TH,MB,cor_ratio,60,42,0.147,6.79557093965991e-05,0.051646339141415316
CB,fiber tracts,aperiodic_offset,16,16,0.147,0.009772459099784686,1.0
MB,HY,trough_time_secs,28,27,0.1467,0.39134862927994396,1.0
TH,HPF,trough_time_secs,208,206,0.1465,3.050192915774761e-24,2.3181466159888183e-21
void_fluid,void,csd_pc0,74,72,0.1452,0.0005364887224160517,0.4077314290361993
root,fiber tracts,peak_val,25,19,0.1448,0.012319905277420828,1.0
Isocortex,void_fluid,csd_pc1,66,66,0.1446,0.026192027622472334,1.0
CTXsp,CNU,trough_val,58,53,0.1446,6.301075579895271e-05,0.04788817440720406
CNU,HY,trough_val,29,23,0.1438,0.03882497210093064,1.0
MB,Isocortex,recovery_slope,43,43,0.1434,0.05093359643849622,1.0
TH,HPF,recovery_time_secs,208,206,0.1426,2.0237829210669787e-23,1.5380750200109038e-20
OLF,CNU,psd_pc1,20,15,0.1426,0.003217280534267108,1.0
MB,HY,recovery_time_secs,28,27,0.142,0.5265547193991421,1.0
HB,CB,recovery_slope,147,139,0.142,5.846719290828646e-06,0.004443506661029771
CB,fiber tracts,trough_val,16,16,0.1418,0.003127842309898509,1.0
MB,HY,rms_ap,28,27,0.1418,0.6164193064688892,1.0
HY,CNU,peak_val,34,26,0.1415,0.5001751412292077,1.0
CTXsp,Isocortex,psd_pc0,18,12,0.1407,0.013757921739100194,1.0
HPF,Isocortex,psd_pc0,317,312,0.1406,2.2389016017951054e-14,1.70156521736428e-11
OLF,CNU,csd_pc0,20,15,0.1406,0.05675099733941627,1.0
TH,MB,csd_pc1,60,42,0.1399,0.3078552939709964,1.0
fiber tracts,VS,recovery_time_secs,16,14,0.139,0.008391284759752728,1.0
fiber tracts,TH,repolarisation_slope,20,20,0.1389,0.5423507535769775,1.0
TH,HPF,psd_pc1,208,206,0.1384,1.074890422905376e-10,8.169167214080858e-08
OLF,CNU,tip_val,20,15,0.1382,0.7642665267568806,1.0
HB,MB,trough_time_secs,87,76,0.138,0.0013586610019938007,1.0
CNU,HY,csd_pc0,29,23,0.1379,0.09496716106495433,1.0
HPF,Isocortex,alpha_std,317,312,0.1378,1.1403206581008793e-18,8.666437001566683e-16
fiber tracts,MB,alpha_mean,21,21,0.1373,0.00011824975061178575,0.08986981046495718
fiber tracts,HB,psd_pc1,17,17,0.1369,0.4554756101904711,1.0
HB,MB,recovery_time_secs,87,76,0.1365,0.0014910168059472742,1.0
root,fiber tracts,csd_pc1,25,19,0.1362,0.3466320102964179,1.0
OLF,Isocortex,alpha_mean,72,63,0.1362,0.7543337052986363,1.0
root,fiber tracts,repolarisation_slope,25,19,0.1358,0.014654211163406745,1.0
HY,MB,tip_val,24,21,0.1357,0.16188970111939294,1.0
CNU,Isocortex,depolarisation_slope,110,110,0.1345,4.3554493719328065e-05,0.03310141522668933
CNU,TH,trough_time_secs,24,24,0.1344,0.07547601267471075,1.0
TH,MB,psd_pc1,60,42,0.1329,0.07681387026998789,1.0
OLF,CTXsp,aperiodic_offset,71,70,0.132,8.165444493034406e-05,0.062057378147061484
CTXsp,CNU,aperiodic_exponent,58,53,0.1315,6.348050773153185e-05,0.04824518587596421
Isocortex,void_fluid,rms_ap,66,66,0.1313,0.005261406359429868,1.0
CB,MB,cor_ratio,26,24,0.1312,0.023842765311277145,1.0
HPF,fiber tracts,tip_time_secs,20,20,0.1309,0.010472981810888338,1.0
CB,fiber tracts,alpha_mean,16,16,0.1306,0.022667169222684542,1.0
fiber tracts,MB,csd_pc0,21,21,0.1306,0.16767397377630577,1.0
fiber tracts,HB,aperiodic_exponent,17,17,0.1305,0.5502658503170026,1.0
CNU,OLF,alpha_std,36,31,0.1304,0.14172931905158595,1.0
CNU,OLF,trough_time_secs,36,31,0.1304,0.1440715204909325,1.0
MB,Isocortex,peak_time_secs,43,43,0.1295,0.00046124506499124724,0.3505462493933479
TH,MB,rms_ap,60,42,0.1294,0.001407616425498949,1.0
fiber tracts,TH,aperiodic_exponent,20,20,0.1293,0.036464605907386365,1.0
CNU,OLF,recovery_time_secs,36,31,0.129,0.1362943615956212,1.0
HPF,Isocortex,peak_time_secs,317,312,0.1289,3.0482219106972823e-07,0.00023166486521299345
void_fluid,void,csd_pc1,74,72,0.1287,0.009191891766715428,1.0
fiber tracts,HB,recovery_slope,17,17,0.1285,0.0003401496155197445,0.2585137077950058
TH,MB,csd_pc0,60,42,0.1281,0.026693837763840475,1.0
fiber tracts,root,psd_pc0,18,13,0.1267,0.3514180198923247,1.0
void_fluid,void,tip_val,74,72,0.1258,0.2312117710296966,1.0
HB,CB,peak_val,147,139,0.125,0.0008976526442125096,0.6822160096015073
Isocortex,void,trough_time_secs,97,97,0.1248,0.0003384882334052183,0.2572510573879659
HB,CB,repolarisation_slope,147,139,0.1244,0.0006922714488212261,0.5261263011041318
TH,MB,alpha_mean,60,42,0.1244,9.136185025932372e-05,0.06943500619708602
fiber tracts,TH,tip_time_secs,20,20,0.1243,0.012825158009237152,1.0
CNU,Isocortex,tip_val,110,110,0.1239,0.0002403264481631299,0.1826481006039787
CNU,HY,psd_pc1,29,23,0.1237,0.05976849253598243,1.0
CNU,HY,aperiodic_exponent,29,23,0.1231,0.43649153539739827,1.0
HPF,fiber tracts,peak_time_secs,20,20,0.1228,0.010141249861423588,1.0
HPF,Isocortex,rms_ap,317,312,0.1224,2.058798147815221e-05,0.01564686592339568
CNU,HY,peak_time_secs,29,23,0.1212,0.15871798235613244,1.0
TH,CNU,csd_pc0,22,22,0.1209,0.3561336714047556,1.0
CTXsp,Isocortex,recovery_time_secs,18,12,0.1203,0.33221968208416275,1.0
OLF,Isocortex,peak_time_secs,72,63,0.1196,0.0035854022995088783,1.0
HB,CB,csd_pc1,147,139,0.1172,3.2659641982492705e-06,0.0024821327906694455
HPF,Isocortex,alpha_mean,317,312,0.117,2.6173257687134462e-20,1.9891675842222192e-17
Isocortex,void,recovery_time_secs,97,97,0.1167,0.0014314287770330932,1.0
fiber tracts,root,csd_pc0,18,13,0.1164,0.38578007105607104,1.0
Isocortex,void_fluid,csd_pc0,66,66,0.1162,0.020395870967923273,1.0
HPF,MB,peak_time_secs,18,18,0.1161,0.4187619323465621,1.0
HY,MB,recovery_slope,24,21,0.116,0.006746321679817861,1.0
MB,Isocortex,alpha_mean,43,43,0.1157,0.1080205938330916,1.0
CB,MB,alpha_mean,26,24,0.1149,0.30169016487784694,1.0
fiber tracts,TH,peak_val,20,20,0.1146,0.8567499523767217,1.0
CTXsp,HPF,depolarisation_slope,28,28,0.1146,0.18398879708779736,1.0
root,fiber tracts,peak_time_secs,25,19,0.1142,0.6860962358861002,1.0
CNU,TH,alpha_mean,24,24,0.1138,0.052635925957639905,1.0
TH,MB,aperiodic_offset,60,42,0.1138,0.004714387443965349,1.0
CTXsp,CNU,rms_ap,58,53,0.1129,0.006878226982313479,1.0
root,fiber tracts,cor_ratio,25,19,0.1126,0.30093625921503386,1.0
Isocortex,void,psd_pc0,97,97,0.1118,5.611238882026179e-09,4.264541550339896e-06
HY,TH,recovery_slope,80,79,0.1108,0.88997027407686,1.0
fiber tracts,root,trough_val,18,13,0.1108,0.4244854820809172,1.0
CB,void_fluid,rms_ap,22,22,0.1104,0.028321769538482137,1.0
MB,HY,psd_pc1,28,27,0.1104,0.003841835251717809,1.0
HB,CB,cor_ratio,147,139,0.1103,0.00018121413318537458,0.13772274122088468
fiber tracts,root,tip_val,18,13,0.1101,0.20726837596268544,1.0
CNU,HY,csd_pc1,29,23,0.1097,0.04807547866701946,1.0
OLF,CTXsp,psd_pc1,71,70,0.109,0.003560427576434901,1.0
MB,TH,csd_pc1,110,77,0.1081,0.002537954554840482,1.0
CB,void_fluid,alpha_std,22,22,0.1081,0.1260903236043823,1.0
root,fiber tracts,trough_val,25,19,0.1079,0.015440766817732146,1.0
CB,fiber tracts,alpha_std,16,16,0.1079,2.7252648450005535e-07,0.00020712012822004207
CTXsp,HPF,aperiodic_offset,28,28,0.1076,0.19502362035369292,1.0
void_fluid,void,psd_pc0,74,72,0.1064,0.3218375591459487,1.0
OLF,CTXsp,aperiodic_exponent,71,70,0.1059,0.000851139545446172,0.6468660545390906
HB,CB,aperiodic_exponent,147,139,0.1053,0.00031102460829846723,0.23637870230683508
TH,MB,psd_pc0,60,42,0.105,0.003994223229121301,1.0
HY,TH,tip_time_secs,80,79,0.1047,0.0036043175459708776,1.0
HY,TH,repolarisation_slope,80,79,0.1038,0.6366886949858193,1.0
CNU,OLF,rms_ap,36,31,0.103,0.07574444612159863,1.0
root,fiber tracts,trough_time_secs,25,19,0.1024,0.4544953477512371,1.0
CTXsp,Isocortex,trough_time_secs,18,12,0.1024,0.49706026024057903,1.0
CB,void_fluid,psd_pc0,22,22,0.1018,0.07932773697223991,1.0
OLF,CTXsp,peak_val,71,70,0.1016,2.701846679201022e-05,0.020534034761927767
TH,HPF,peak_time_secs,208,206,0.1015,5.931027277366101e-100,4.507580730798237e-97
MB,TH,psd_pc1,110,77,0.1015,0.06174043008840564,1.0
fiber tracts,root,repolarisation_slope,18,13,0.1007,0.6231054606394977,1.0
HY,MB,depolarisation_slope,24,21,0.1006,0.06264268865528883,1.0
HB,MB,peak_time_secs,87,76,0.1006,0.5267658721562962,1.0
HY,TH,alpha_mean,80,79,0.0999,0.004644950158363392,1.0
fiber tracts,VS,cor_ratio,16,14,0.0994,0.2188179628775242,1.0
Isocortex,void,psd_pc1,97,97,0.0992,0.0019101762401783865,1.0
HB,MB,aperiodic_offset,87,76,0.0986,0.008917923132287677,1.0
MB,TH,recovery_time_secs,110,77,0.0983,2.170892433757967e-16,1.649878249656055e-13
MB,Isocortex,tip_time_secs,43,43,0.0979,0.055831040000210594,1.0
TH,CNU,aperiodic_exponent,22,22,0.0978,0.7541062624969618,1.0
CNU,fiber tracts,depolarisation_slope,16,16,0.0977,0.018260039849855823,1.0
HB,MB,psd_pc0,87,76,0.0973,0.0006917629917445582,0.5257398737258642
fiber tracts,TH,recovery_slope,20,20,0.0967,0.47594533064097844,1.0
MB,TH,trough_time_secs,110,77,0.0963,5.988751421546316e-16,4.551451080375201e-13
CTXsp,Isocortex,aperiodic_offset,18,12,0.0956,0.05178024360968062,1.0
Isocortex,void_fluid,alpha_mean,66,66,0.0955,0.12040080287335285,1.0
fiber tracts,TH,peak_time_secs,20,20,0.0954,0.01128000436253173,1.0
MB,Isocortex,csd_pc0,43,43,0.0953,0.01870314079603965,1.0
root,fiber tracts,psd_pc1,25,19,0.0942,0.001613377445793892,1.0
TH,MB,tip_time_secs,60,42,0.094,0.004194066120256812,1.0
root,fiber tracts,recovery_time_secs,25,19,0.0939,0.4544953477512371,1.0
fiber tracts,HB,aperiodic_offset,17,17,0.0924,0.3563428249712689,1.0
HB,CB,alpha_mean,147,139,0.0922,0.1130399281356733,1.0
HB,MB,alpha_mean,87,76,0.0917,0.0010183610417690584,0.7739543917444844
fiber tracts,TH,trough_val,20,20,0.0913,0.7463701696062186,1.0
HY,TH,peak_val,80,79,0.0912,0.06184619270102775,1.0
TH,MB,aperiodic_exponent,60,42,0.0904,0.1387733754152129,1.0
root,fiber tracts,alpha_std,25,19,0.0899,0.014425235904906448,1.0
CNU,HY,trough_time_secs,29,23,0.0887,0.17591806078178973,1.0
HY,TH,aperiodic_offset,80,79,0.0887,3.862531759941109e-06,0.002935524137555243
CTXsp,HPF,trough_val,28,28,0.0881,0.7822765835873053,1.0
CNU,HY,recovery_time_secs,29,23,0.0876,0.1259262339085734,1.0
CTXsp,CNU,peak_val,58,53,0.0866,0.003901009382683811,1.0
HY,CNU,trough_val,34,26,0.0862,0.3156273993033978,1.0
HPF,fiber tracts,alpha_std,20,20,0.0861,0.019759291843663797,1.0
HB,CB,depolarisation_slope,147,139,0.0859,0.08250389736186847,1.0
HY,MB,aperiodic_offset,24,21,0.0859,0.6597906313203503,1.0
CNU,fiber tracts,tip_time_secs,16,16,0.0854,0.3543762454668433,1.0
CB,MB,aperiodic_offset,26,24,0.0849,0.0739223394916737,1.0
CB,fiber tracts,repolarisation_slope,16,16,0.0848,0.02396937342188867,1.0
CTXsp,Isocortex,alpha_mean,18,12,0.0846,0.18638569997735166,1.0
CTXsp,Isocortex,cor_ratio,18,12,0.0843,0.3315571114164396,1.0
HY,CNU,trough_time_secs,34,26,0.0841,0.07723979870493476,1.0
fiber tracts,TH,csd_pc0,20,20,0.0839,0.32256015149184414,1.0
void_fluid,void,alpha_mean,74,72,0.0838,0.38846076596032797,1.0
OLF,Isocortex,recovery_slope,72,63,0.0837,0.12156510783266057,1.0
fiber tracts,HB,rms_ap,17,17,0.0831,0.41001170792553787,1.0
Isocortex,void_fluid,aperiodic_offset,66,66,0.0825,0.05301663016485583,1.0
OLF,Isocortex,alpha_std,72,63,0.0823,0.29758549661511013,1.0
HY,CNU,alpha_mean,34,26,0.082,0.2557631504890532,1.0
HY,MB,trough_val,24,21,0.0819,0.006050194202095614,1.0
MB,HY,trough_val,28,27,0.0816,0.13592426613299582,1.0
fiber tracts,TH,psd_pc1,20,20,0.0813,0.41997950543932816,1.0
root,fiber tracts,alpha_mean,25,19,0.0812,0.01662574857569378,1.0
CNU,fiber tracts,alpha_std,16,16,0.081,0.9798932552990568,1.0
CTXsp,CNU,csd_pc0,58,53,0.0809,0.028808223002947803,1.0
CNU,OLF,csd_pc0,36,31,0.0808,0.23310178544812454,1.0
CB,MB,psd_pc1,26,24,0.0798,0.08338830321577384,1.0
CTXsp,Isocortex,alpha_std,18,12,0.0794,0.8080093665778109,1.0
CNU,Isocortex,peak_time_secs,110,110,0.0787,0.02962768483451597,1.0
HB,CB,tip_val,147,139,0.0785,0.18077805765464483,1.0
CTXsp,CNU,tip_time_secs,58,53,0.0784,0.2996974121802727,1.0
HB,CB,psd_pc1,147,139,0.0782,0.017736968514827544,1.0
OLF,Isocortex,tip_val,72,63,0.0768,0.15221107224639166,1.0
CNU,fiber tracts,csd_pc0,16,16,0.0759,0.9972482649003848,1.0
HY,CNU,recovery_time_secs,34,26,0.0755,0.11052412659327024,1.0
HPF,fiber tracts,psd_pc0,20,20,0.0751,0.4863439521484022,1.0
MB,HY,csd_pc1,28,27,0.075,0.0001381620480557782,0.10500315652239144
CB,fiber tracts,recovery_slope,16,16,0.0749,0.022797837594089494,1.0
TH,HPF,peak_val,208,206,0.0748,4.6094973325767554e-266,3.503217972758334e-263
HY,CNU,rms_ap,34,26,0.0733,0.019473517614806316,1.0
root,fiber tracts,recovery_slope,25,19,0.0721,0.11785632999438592,1.0
HB,MB,rms_ap,87,76,0.0717,0.0028166199672224916,1.0
CNU,fiber tracts,aperiodic_offset,16,16,0.0712,0.10680757933585805,1.0
fiber tracts,root,depolarisation_slope,18,13,0.0712,0.5731938283134256,1.0
HY,TH,trough_val,80,79,0.0711,0.05338281782121145,1.0
HPF,fiber tracts,psd_pc1,20,20,0.0698,0.36582672445396625,1.0
CNU,OLF,psd_pc0,36,31,0.0693,0.32031145204859013,1.0
MB,TH,repolarisation_slope,110,77,0.0692,6.014464059874521e-14,4.5709926855046355e-11
CNU,OLF,aperiodic_exponent,36,31,0.0685,0.08839904489616887,1.0
CB,MB,aperiodic_exponent,26,24,0.0684,0.2596039851960067,1.0
OLF,Isocortex,psd_pc1,72,63,0.0679,0.09642036886507162,1.0
CNU,Isocortex,csd_pc1,110,110,0.0668,0.0007572051990651079,0.575475951289482
HY,TH,csd_pc0,80,79,0.0664,0.014345193288552093,1.0
OLF,CTXsp,repolarisation_slope,71,70,0.0663,0.0009937440139574916,0.7552454506076937
fiber tracts,root,recovery_slope,18,13,0.0661,0.6202196143183969,1.0
CB,MB,psd_pc0,26,24,0.0661,0.2366631880639365,1.0
HB,MB,peak_val,87,76,0.0657,0.054625692444556485,1.0
HY,CNU,depolarisation_slope,34,26,0.0657,0.3201942826420604,1.0
HY,CNU,alpha_std,34,26,0.0652,0.8532920083105318,1.0
HY,TH,aperiodic_exponent,80,79,0.065,0.039075529914269026,1.0
HY,TH,peak_time_secs,80,79,0.065,0.006661462642883021,1.0
TH,MB,trough_time_secs,60,42,0.0641,0.8602867304403217,1.0
MB,TH,peak_val,110,77,0.0636,4.760162642771575e-12,3.6177236085063967e-09
MB,TH,depolarisation_slope,110,77,0.0634,1.6338924997044498e-05,0.012417582997753819
CNU,OLF,csd_pc1,36,31,0.0628,0.36524553095709034,1.0
MB,TH,recovery_slope,110,77,0.0623,2.969094191832709e-13,2.2565115857928588e-10
MB,TH,peak_time_secs,110,77,0.0622,0.8216457913682463,1.0
MB,TH,trough_val,110,77,0.0615,1.2190912152033318e-14,9.265093235545323e-12
TH,MB,alpha_std,60,42,0.0614,4.943930765049258e-07,0.00037573873814374364
TH,HPF,depolarisation_slope,208,206,0.0613,9.890931549007993e-161,7.517107977246075e-158
HY,CNU,csd_pc1,34,26,0.061,0.008028773340597027,1.0
MB,TH,tip_val,110,77,0.0606,4.362086948421135e-05,0.03315186080800062
CNU,fiber tracts,peak_time_secs,16,16,0.0604,0.7942606369546656,1.0
HB,CB,csd_pc0,147,139,0.06,0.14311053630144063,1.0
HY,TH,psd_pc0,80,79,0.0599,0.008233529313184537,1.0
MB,HY,recovery_slope,28,27,0.0595,0.266193608586222,1.0
CB,fiber tracts,csd_pc1,16,16,0.0589,0.7884475987636549,1.0
TH,MB,recovery_time_secs,60,42,0.0589,0.789516709184994,1.0
fiber tracts,TH,rms_ap,20,20,0.0587,0.7626393296221332,1.0
Isocortex,void,csd_pc0,97,97,0.0583,0.0014964053497310626,1.0
OLF,CNU,peak_val,20,15,0.0578,0.1984793817107413,1.0
CB,MB,csd_pc0,26,24,0.0578,0.8697053555050457,1.0
OLF,Isocortex,csd_pc1,72,63,0.057,0.15212889270455177,1.0
MB,HY,repolarisation_slope,28,27,0.0567,0.19821178306371523,1.0
OLF,CNU,recovery_time_secs,20,15,0.0564,0.3195524853390014,1.0
fiber tracts,root,psd_pc1,18,13,0.0564,0.11776195724809962,1.0
HY,MB,tip_time_secs,24,21,0.0562,0.5361646847708759,1.0
OLF,Isocortex,csd_pc0,72,63,0.0561,0.3150033326980415,1.0
MB,HPF,alpha_std,113,112,0.0558,0.0007296618945639978,0.5545430398686383
fiber tracts,TH,tip_val,20,20,0.0557,0.05531112164988949,1.0
HY,TH,psd_pc1,80,79,0.0552,0.12199078448733609,1.0
CTXsp,Isocortex,peak_time_secs,18,12,0.054,0.37675575376419834,1.0
HB,MB,trough_val,87,76,0.0533,0.05199946075024402,1.0
HB,CB,tip_time_secs,147,139,0.0533,0.5500873592417046,1.0
fiber tracts,HB,peak_time_secs,17,17,0.053,0.33002683957682566,1.0
void_fluid,void,trough_time_secs,74,72,0.0528,0.45004837794386665,1.0
MB,TH,aperiodic_exponent,110,77,0.0528,0.5068704139067137,1.0
MB,TH,tip_time_secs,110,77,0.0526,0.025596648748554062,1.0
HY,TH,depolarisation_slope,80,79,0.0513,0.6830300396626408,1.0
MB,HY,alpha_std,28,27,0.0507,6.005742348208296e-05,0.04564364184638305
CTXsp,Isocortex,aperiodic_exponent,18,12,0.0497,0.9356195520719368,1.0
void_fluid,void,recovery_time_secs,74,72,0.0495,0.46213696988321096,1.0
OLF,CTXsp,trough_val,71,70,0.0492,0.008883783094986233,1.0
TH,MB,peak_time_secs,60,42,0.0491,0.5033750688935923,1.0
TH,HPF,trough_val,208,206,0.0485,0.0,0.0
root,fiber tracts,tip_val,25,19,0.0483,0.1945495804388756,1.0
fiber tracts,root,tip_time_secs,18,13,0.0477,0.5457064283329267,1.0
OLF,CNU,trough_time_secs,20,15,0.0474,0.32219017930872473,1.0
void_fluid,void,alpha_std,74,72,0.0474,0.7603434407801962,1.0
MB,HY,alpha_mean,28,27,0.0471,0.0025149036956957777,1.0
OLF,Isocortex,repolarisation_slope,72,63,0.0469,0.18059295118687768,1.0
HB,CB,peak_time_secs,147,139,0.0467,0.038060100715199344,1.0
HY,MB,csd_pc0,24,21,0.0462,0.5265718661751917,1.0
Isocortex,void,csd_pc1,97,97,0.0459,0.1825335097643327,1.0
OLF,Isocortex,depolarisation_slope,72,63,0.0456,0.544402442013646,1.0
HB,MB,tip_time_secs,87,76,0.0455,0.043708620661276336,1.0
HB,MB,psd_pc1,87,76,0.0443,0.6704980548372185,1.0
OLF,Isocortex,tip_time_secs,72,63,0.0432,0.09072167565533622,1.0
MB,HPF,psd_pc1,113,112,0.0431,0.5177868773184545,1.0
CTXsp,CNU,peak_time_secs,58,53,0.0431,0.002425757318954919,1.0
HPF,MB,repolarisation_slope,18,18,0.0423,0.9174368274837197,1.0
HY,TH,tip_val,80,79,0.042,0.11142661628478402,1.0
HY,MB,csd_pc1,24,21,0.0418,0.0005060468150877721,0.3845955794667068
MB,HY,psd_pc0,28,27,0.0413,0.7151246624266467,1.0
MB,HY,peak_val,28,27,0.0408,0.12108436844891711,1.0
CNU,OLF,aperiodic_offset,36,31,0.0404,0.5038095016234063,1.0
HB,CB,recovery_time_secs,147,139,0.0396,0.6801034867911883,1.0
CNU,TH,tip_val,24,24,0.0389,0.36711810888915686,1.0
CTXsp,HPF,tip_val,28,28,0.0388,0.7438925254902415,1.0
TH,HPF,repolarisation_slope,208,206,0.0386,7.66430787503778e-246,5.824873985028713e-243
OLF,Isocortex,aperiodic_exponent,72,63,0.0381,0.816380086862954,1.0
Isocortex,void_fluid,aperiodic_exponent,66,66,0.0376,0.42151384084843624,1.0
HY,CNU,repolarisation_slope,34,26,0.0373,0.6506025769294016,1.0
void_fluid,void,tip_time_secs,74,72,0.037,0.42047013089434715,1.0
MB,TH,alpha_std,110,77,0.0362,0.6615022414076586,1.0
CB,MB,rms_ap,26,24,0.036,0.67536893397631,1.0
HPF,fiber tracts,aperiodic_offset,20,20,0.034,0.8787550468468318,1.0
CNU,Isocortex,tip_time_secs,110,110,0.034,0.04115830766216174,1.0
CB,fiber tracts,rms_ap,16,16,0.0339,0.7070897655190154,1.0
CTXsp,CNU,depolarisation_slope,58,53,0.0336,0.10332406651026053,1.0
TH,MB,trough_val,60,42,0.0332,0.11477178106699039,1.0
MB,Isocortex,repolarisation_slope,43,43,0.0332,0.9043031508015645,1.0
fiber tracts,TH,recovery_time_secs,20,20,0.0332,0.5809511595051818,1.0
fiber tracts,root,trough_time_secs,18,13,0.0326,0.8557451783169909,1.0
HB,CB,trough_time_secs,147,139,0.0324,0.8804416532831221,1.0
fiber tracts,root,recovery_time_secs,18,13,0.032,0.8104827095630789,1.0
TH,MB,tip_val,60,42,0.0319,0.3481208285231253,1.0
TH,MB,peak_val,60,42,0.0319,0.6374913767172458,1.0
TH,MB,recovery_slope,60,42,0.0319,0.3603764009820294,1.0
CNU,HY,repolarisation_slope,29,23,0.0317,0.24064855496652182,1.0
TH,MB,repolarisation_slope,60,42,0.03,0.44226432304847096,1.0
HY,CNU,csd_pc0,34,26,0.0297,0.2280054706940844,1.0
CTXsp,CNU,trough_time_secs,58,53,0.0296,0.5292809310848324,1.0
HB,MB,tip_val,87,76,0.0294,0.9317412426960463,1.0
MB,HY,cor_ratio,28,27,0.0292,0.08613426778244794,1.0
HY,TH,rms_ap,80,79,0.0289,0.7270155915573788,1.0
HB,CB,rms_ap,147,139,0.0279,0.35641446191056203,1.0
HB,CB,alpha_std,147,139,0.0269,0.05754953968558142,1.0
OLF,Isocortex,trough_val,72,63,0.026,0.7052459345964408,1.0
CNU,fiber tracts,psd_pc0,16,16,0.0257,0.05851804789742252,1.0
TH,MB,depolarisation_slope,60,42,0.0256,0.23135635017479128,1.0
CTXsp,HPF,psd_pc0,28,28,0.0255,0.986042258284035,1.0
HPF,fiber tracts,rms_ap,20,20,0.0254,0.2401082525703353,1.0
CTXsp,CNU,csd_pc1,58,53,0.0252,0.2290507387230566,1.0
MB,Isocortex,trough_val,43,43,0.0249,0.4753415145827852,1.0
CB,void_fluid,csd_pc0,22,22,0.0245,0.8448365493183752,1.0
CNU,HY,peak_val,29,23,0.0244,0.6933102430314901,1.0
CB,MB,alpha_std,26,24,0.0241,0.41298660033156653,1.0
TH,HPF,tip_val,208,206,0.0239,3.2137081395930124e-159,2.4424181860906894e-156
HB,CB,aperiodic_offset,147,139,0.0239,0.7144438031655113,1.0
CB,fiber tracts,peak_time_secs,16,16,0.0237,0.4906230645765385,1.0
CNU,fiber tracts,alpha_mean,16,16,0.0221,0.4091880932380425,1.0
fiber tracts,TH,trough_time_secs,20,20,0.0221,0.47010977071034266,1.0
MB,TH,aperiodic_offset,110,77,0.0219,0.2041567944265762,1.0
OLF,CNU,peak_time_secs,20,15,0.0218,0.9845587118659153,1.0
HB,MB,csd_pc0,87,76,0.0216,0.010873119775582672,1.0
fiber tracts,VS,rms_ap,16,14,0.0215,0.9033777664796637,1.0
CNU,Isocortex,csd_pc0,110,110,0.0213,0.11123072811486204,1.0
HY,TH,csd_pc1,80,79,0.0212,0.15200166431220666,1.0
void_fluid,void,psd_pc1,74,72,0.0211,0.8456924448281998,1.0
HB,MB,repolarisation_slope,87,76,0.021,0.23106385288029108,1.0
fiber tracts,MB,csd_pc1,21,21,0.0208,0.743769625755994,1.0
TH,HPF,recovery_slope,208,206,0.0206,3.682275304280036e-275,2.7985292312528273e-272
HPF,fiber tracts,trough_time_secs,20,20,0.02,0.7534689393464636,1.0
HB,MB,csd_pc1,87,76,0.0197,0.5164600765140822,1.0
Isocortex,void,rms_ap,97,97,0.0186,0.005258123524519935,1.0
OLF,CNU,depolarisation_slope,20,15,0.0174,0.48297218446055923,1.0
MB,HY,aperiodic_offset,28,27,0.0172,0.0011146333172750186,0.8471213211290142
CNU,fiber tracts,rms_ap,16,16,0.0169,0.9646622781501593,1.0
HY,MB,peak_time_secs,24,21,0.0167,0.24462827192966807,1.0
CTXsp,CNU,recovery_time_secs,58,53,0.016,0.7594915071397712,1.0
fiber tracts,HB,psd_pc0,17,17,0.0156,0.9953344472830193,1.0
HB,CB,psd_pc0,147,139,0.0155,0.13779499898027348,1.0
root,fiber tracts,depolarisation_slope,25,19,0.0154,0.528053869909118,1.0
HY,TH,cor_ratio,80,79,0.0151,0.2684582739365108,1.0
HY,MB,psd_pc1,24,21,0.0147,0.987831590785917,1.0
fiber tracts,TH,depolarisation_slope,20,20,0.0145,0.02473091696742117,1.0
CTXsp,HPF,peak_val,28,28,0.0144,0.878030408398399,1.0
HPF,fiber tracts,recovery_time_secs,20,20,0.0136,0.6443459700240202,1.0
HY,MB,psd_pc0,24,21,0.0133,0.07267544128215657,1.0
OLF,CTXsp,recovery_slope,71,70,0.0129,0.03995547254158642,1.0
CNU,fiber tracts,csd_pc1,16,16,0.0122,0.8938439494805422,1.0
Isocortex,void,cor_ratio,97,97,0.012,6.167282794417834e-07,0.0004687134923757554
HB,MB,depolarisation_slope,87,76,0.0117,0.9165600782303047,1.0
MB,TH,csd_pc0,110,77,0.0109,0.12266724784740084,1.0
void_fluid,void,peak_time_secs,74,72,0.0107,0.9069552926477099,1.0
CNU,HY,rms_ap,29,23,0.0106,0.4168777768249098,1.0
Isocortex,void_fluid,alpha_std,66,66,0.01,0.19108114239914942,1.0
CNU,fiber tracts,psd_pc1,16,16,0.0091,0.4928520464540034,1.0
CNU,fiber tracts,cor_ratio,16,16,0.0091,0.22873278379951822,1.0
HY,CNU,cor_ratio,34,26,0.0089,0.6001189528680158,1.0
fiber tracts,TH,cor_ratio,20,20,0.0085,0.8583138282599786,1.0
fiber tracts,HB,cor_ratio,17,17,0.0085,0.14521931287837284,1.0
HPF,Isocortex,cor_ratio,317,312,0.0083,0.247787890985953,1.0
CB,void_fluid,alpha_mean,22,22,0.0083,0.594201721507682,1.0
fiber tracts,VS,psd_pc1,16,14,0.0076,0.2700839439277496,1.0
HY,CNU,recovery_slope,34,26,0.0075,0.4547211363668606,1.0
fiber tracts,HB,csd_pc0,17,17,0.0071,0.941854598301987,1.0
OLF,Isocortex,peak_val,72,63,0.0069,0.9419594696270461,1.0
CB,void_fluid,csd_pc1,22,22,0.0069,0.4748103941421252,1.0
CTXsp,Isocortex,csd_pc0,18,12,0.0061,0.5950512003638031,1.0
fiber tracts,root,aperiodic_offset,18,13,0.006,0.0583991315101727,1.0
OLF,CNU,csd_pc1,20,15,0.0056,0.09531945553107565,1.0
root,fiber tracts,aperiodic_offset,25,19,0.0056,0.3000520274486873,1.0
fiber tracts,MB,psd_pc1,21,21,0.0055,0.10210519447369275,1.0
fiber tracts,VS,csd_pc0,16,14,0.0052,0.9119569889687003,1.0
HB,MB,recovery_slope,87,76,0.0049,0.213318066577163,1.0
HY,TH,alpha_std,80,79,0.0046,0.36089971772506846,1.0
MB,Isocortex,alpha_std,43,43,0.0046,0.7028050977395663,1.0
fiber tracts,VS,aperiodic_exponent,16,14,0.0044,0.6866811811482463,1.0
HB,MB,alpha_std,87,76,0.0036,0.002708549821860837,1.0
fiber tracts,TH,csd_pc1,20,20,0.0035,0.10573927856966653,1.0
CNU,OLF,cor_ratio,36,31,0.0027,0.7659137686828429,1.0
root,fiber tracts,tip_time_secs,25,19,0.0022,0.39836665297143703,1.0
Isocortex,void,aperiodic_offset,97,97,0.0022,0.015295020456240415,1.0
HB,MB,aperiodic_exponent,87,76,0.0019,0.4629769891162666,1.0
CTXsp,CNU,psd_pc1,58,53,0.0016,0.09847157688382638,1.0
HPF,Isocortex,aperiodic_offset,317,312,0.0012,0.49086853356698756,1.0
MB,TH,psd_pc0,110,77,0.0011,0.11136843871942398,1.0
HPF,MB,tip_val,18,18,0.001,0.35962842214744684,1.0
CTXsp,CNU,tip_val,58,53,0.0002,0.6522516398592078,1.0
