tier,seed,file_gb,accuracy,cv_accuracy,CB_f1,CNU_f1,CTXsp_f1,HB_f1,HPF_f1,HY_f1,Isocortex_f1,MB_f1,OLF_f1,TH_f1,macro_f1
v03-mild,43,34.2,0.5679702048417132,0.5131640085205501,0.25,0.4455611390284757,0.11764705882352941,0.5166666666666667,0.5814234016887817,0.2857142857142857,0.5907473309608541,0.6853482786228983,0.25,0.6802827965435978,0.4403390958049089
v03-mild,44,34.2,0.5682805710738672,0.5142109741305961,0.26291079812206575,0.3944153577661431,0.029850746268656716,0.5054945054945055,0.593939393939394,0.21875,0.5979238754325259,0.6804451510333863,0.2542372881355932,0.6869633099141296,0.42249304261064
v03-mild,45,34.2,0.5794537554314091,0.512711429726582,0.39655172413793105,0.4036036036036036,0.06521739130434782,0.4876712328767123,0.5985401459854015,0.3076923076923077,0.5937052932761088,0.7056,0.23796033994334279,0.7057926829268293,0.45023347217465853
v04-small,43,11.193513684,0.5735567970204841,0.517895626452567,0.3291139240506329,0.44680851063829785,0.0,0.4935064935064935,0.5906362545018007,0.29850746268656714,0.5877318116975749,0.6804123711340206,0.3058823529411765,0.6891679748822606,0.44217671560388244
v04-small,44,11.193513684,0.5735567970204841,0.5181642570402342,0.31092436974789917,0.4029574861367837,0.0,0.5154061624649859,0.599758162031439,0.34782608695652173,0.5912305516265912,0.6976024748646559,0.25806451612903225,0.6808176100628931,0.44045874200208013
v04-small,45,11.193513684,0.5819366852886406,0.5191603030394495,0.35443037974683544,0.3821428571428571,0.1095890410958904,0.480225988700565,0.5868263473053892,0.29850746268656714,0.5973106864826611,0.7136075949367089,0.26392961876832843,0.7138461538461538,0.4500416130711956
v04-default,43,21.532896189,0.5819366852886406,0.5388156107572968,0.5579399141630901,0.4386873920552677,0.1917808219178082,0.5114942528735632,0.5448577680525164,0.625,0.6234153616703952,0.7003205128205128,0.3436619718309859,0.6237234878240377,0.5160881483208178
v04-default,44,21.532896189,0.5775915580384854,0.5369955630678217,0.5738396624472574,0.4822934232715008,0.20588235294117646,0.5260115606936416,0.5323110624315444,0.4722222222222222,0.6002994011976048,0.6936790923824959,0.3235294117647059,0.6252873563218391,0.5035355545673988
v04-default,45,21.532896189,0.5810055865921788,0.5375237692795267,0.5785123966942148,0.4750830564784053,0.208955223880597,0.519774011299435,0.5220264317180616,0.6075949367088608,0.6149208741522231,0.6965572457966374,0.35294117647058826,0.6206896551724138,0.5197055008371436
v04-fine,43,46.05754587,0.5810055865921788,0.5439437384926504,0.6875,0.45137614678899085,0.09523809523809523,0.5917808219178082,0.5105105105105106,0.13793103448275862,0.6859756097560976,0.6822066822066822,0.3699421965317919,0.5654362416107382,0.47778973390434737
v04-fine,44,46.05754587,0.5983860955927995,0.5445926775527452,0.6584362139917695,0.5257731958762887,0.07894736842105263,0.576271186440678,0.5125628140703518,0.1694915254237288,0.6931137724550899,0.7193119624706802,0.41040462427745666,0.5724020442930153,0.49167147077201123
v04-fine,45,46.05754587,0.5999379267535692,0.5421116175183363,0.6333333333333333,0.5265017667844523,0.15,0.5659340659340659,0.5079365079365079,0.1694915254237288,0.6857585139318886,0.7210031347962382,0.43103448275862066,0.5945499587118084,0.4985543289610644
