pid,tier,wheel,choice,feedback,bytes
1a276285-8b0e-4cc9-9f0a-a3a002978724,uncompressed,0.1344642918216628,0.5055555555555555,0.5679983154715228,1908991616
1a276285-8b0e-4cc9-9f0a-a3a002978724,v03 default,0.1330720232428504,0.5016812865497077,0.539550114722198,21931124
1a276285-8b0e-4cc9-9f0a-a3a002978724,v03 aggressive,0.114719359542999,0.5027777777777778,0.500617176381749,10147805
1e104bf4-7a24-4624-a5b2-c2c8289c0de7,uncompressed,0.0541074653231749,0.5410695857290284,0.5622488990770345,2022833792
1e104bf4-7a24-4624-a5b2-c2c8289c0de7,v03 default,0.0400003201852671,0.5325667108948843,0.5423478313325693,22929716
1e104bf4-7a24-4624-a5b2-c2c8289c0de7,v03 aggressive,0.0295562007507035,0.5354562877782691,0.5084695662665139,9675048
6638cfb3-3831-4fc2-9327-194b76cf22e1,uncompressed,0.0238936222788037,0.6010741249649099,0.5117647058823529,1649665664
6638cfb3-3831-4fc2-9327-194b76cf22e1,v03 default,0.0428917447445794,0.5745164960182025,0.5142610543088567,14560974
6638cfb3-3831-4fc2-9327-194b76cf22e1,v03 aggressive,0.0064613181118323,0.5998256578461356,0.5117647058823529,5378433
749cb2b7-e57e-4453-a794-f6230e4d0226,uncompressed,0.0539637971497219,0.5,0.597416284208737,2159454848
749cb2b7-e57e-4453-a794-f6230e4d0226,v03 default,0.0634690981754524,0.4990421455938697,0.6062935577086521,24864656
749cb2b7-e57e-4453-a794-f6230e4d0226,v03 aggressive,0.0770703923330087,0.4961685823754789,0.6069309875913649,10587743
d7ec0892-0a6c-4f4f-9d8f-72083692af5c,uncompressed,0.3148839350542208,0.7801422715215819,0.8635105204872646,1781959808
d7ec0892-0a6c-4f4f-9d8f-72083692af5c,v03 default,0.3046869950684654,0.7808656860380998,0.8333926593893372,24692315
d7ec0892-0a6c-4f4f-9d8f-72083692af5c,v03 aggressive,0.2364356656537027,0.7507234145165179,0.7449770605916786,9548819
da8dfec1-d265-44e8-84ce-6ae9c109b8bd,uncompressed,0.0389336826560094,0.5672768642051919,0.5145000663922454,1649662592
da8dfec1-d265-44e8-84ce-6ae9c109b8bd,v03 default,0.0307473887394453,0.585508916566937,0.4977426636568848,19298157
da8dfec1-d265-44e8-84ce-6ae9c109b8bd,v03 aggressive,0.0239074953184197,0.5595348905929111,0.5013676802549463,7028815
dab512bd-a02d-4c1f-8dbc-9155a163efc0,uncompressed,0.1574138284330651,0.526062224286046,0.7866497020854022,1408886912
dab512bd-a02d-4c1f-8dbc-9155a163efc0,v03 default,0.169041264101914,0.528674251218946,0.6362648957298908,15291347
dab512bd-a02d-4c1f-8dbc-9155a163efc0,v03 aggressive,0.1654839273041088,0.5066751799396332,0.5836022840119166,5926609
dc7e9403-19f7-409f-9240-05ee57cb7aea,uncompressed,0.1103625729743904,0.5651442829247125,0.5616002407073092,1905543296
dc7e9403-19f7-409f-9240-05ee57cb7aea,v03 default,0.0852397241386581,0.573098828379258,0.5399018654816461,26547401
dc7e9403-19f7-409f-9240-05ee57cb7aea,v03 aggressive,0.0626234298649478,0.5087763072249946,0.5,10604583
e8f9fba4-d151-4b00-bee7-447f0f3e752c,uncompressed,0.1898027341403082,0.5455480837646665,0.7266710327855839,1930223744
e8f9fba4-d151-4b00-bee7-447f0f3e752c,v03 default,0.1331471194570282,0.5265391966739679,0.5927204890053187,25428937
e8f9fba4-d151-4b00-bee7-447f0f3e752c,v03 aggressive,0.0838606388065136,0.5087022336314299,0.5065194093831865,9513977
eebcaf65-7fa4-4118-869d-a084e84530e2,uncompressed,0.2656621520070269,0.4990566037735849,0.8304103645432059,1761964160
eebcaf65-7fa4-4118-869d-a084e84530e2,v03 default,0.2195246850275095,0.5,0.7690280199505292,16503410
eebcaf65-7fa4-4118-869d-a084e84530e2,v03 aggressive,0.1837085682322291,0.5,0.6626860224646203,6274029
fe380793-8035-414e-b000-09bfe5ece92a,uncompressed,0.1854604717725512,0.5723218980616851,0.5353443314789949,2223112832
fe380793-8035-414e-b000-09bfe5ece92a,v03 default,0.1716843432593158,0.5867459338905913,0.5,30110645
fe380793-8035-414e-b000-09bfe5ece92a,v03 aggressive,0.1618603310608166,0.5998304654494026,0.5,13728161
1a276285-8b0e-4cc9-9f0a-a3a002978724,v03 mild,0.1330781258656075,0.5016812865497077,0.5153422787604194,38740684
1e104bf4-7a24-4624-a5b2-c2c8289c0de7,v03 mild,0.0462213329765569,0.5254828247088309,0.5695481691500272,41376076
6638cfb3-3831-4fc2-9327-194b76cf22e1,v03 mild,0.0376074951006083,0.588087111977897,0.5095073695392378,26637468
749cb2b7-e57e-4453-a794-f6230e4d0226,v03 mild,0.0544661691654958,0.5,0.5923550909399966,43103926
d7ec0892-0a6c-4f4f-9d8f-72083692af5c,v03 mild,0.3083267414320333,0.766517964793827,0.869344249327638,47010047
da8dfec1-d265-44e8-84ce-6ae9c109b8bd,v03 mild,0.0362419262974488,0.5393451826898926,0.5330367813039437,37500703
dab512bd-a02d-4c1f-8dbc-9155a163efc0,v03 mild,0.1553542232861203,0.5126247968423496,0.7449726911618669,26060213
dc7e9403-19f7-409f-9240-05ee57cb7aea,v03 mild,0.1082694090191599,0.5848611412453895,0.540989677359626,49603375
e8f9fba4-d151-4b00-bee7-447f0f3e752c,v03 mild,0.1590513215862394,0.5306095400198111,0.6634516154639993,44862287
eebcaf65-7fa4-4118-869d-a084e84530e2,v03 mild,0.2520730516272368,0.5016472773487144,0.8377093386318478,29506542
fe380793-8035-414e-b000-09bfe5ece92a,v03 mild,0.1803324361507098,0.5661502057986256,0.5057461241999895,51461999
1a276285-8b0e-4cc9-9f0a-a3a002978724,v04 fine,0.1361257258359451,0.5055555555555555,0.5721588103743719,53842359
1a276285-8b0e-4cc9-9f0a-a3a002978724,v04 default,0.1343272741595051,0.5055555555555555,0.5354622288054369,29275322
1a276285-8b0e-4cc9-9f0a-a3a002978724,v04 small,0.1329946586397804,0.5016812865497077,0.5153422787604194,15924085
1e104bf4-7a24-4624-a5b2-c2c8289c0de7,v04 fine,0.0520724398832557,0.5459678608285419,0.595439464318031,54431160
1e104bf4-7a24-4624-a5b2-c2c8289c0de7,v04 default,0.0487300276860767,0.5365951643815421,0.5363576039090305,30188715
1e104bf4-7a24-4624-a5b2-c2c8289c0de7,v04 small,0.0459313828038633,0.541390240306649,0.5695481691500272,17067442
6638cfb3-3831-4fc2-9327-194b76cf22e1,v04 fine,0.0278762941796351,0.6009928637914986,0.5095073695392378,38182268
6638cfb3-3831-4fc2-9327-194b76cf22e1,v04 default,0.030909706836654,0.6101901511457826,0.5058823529411764,18510793
6638cfb3-3831-4fc2-9327-194b76cf22e1,v04 small,0.0369535800086989,0.5863806273362587,0.5153897224804143,9432529
749cb2b7-e57e-4453-a794-f6230e4d0226,v04 fine,0.054614618978689,0.5,0.5992180860105388,56999858
749cb2b7-e57e-4453-a794-f6230e4d0226,v04 default,0.0543516977009452,0.4990421455938697,0.6005439401665816,29485122
749cb2b7-e57e-4453-a794-f6230e4d0226,v04 small,0.053797049921991,0.5,0.5932559918408975,16979251
d7ec0892-0a6c-4f4f-9d8f-72083692af5c,v04 fine,0.3130771976898535,0.7875572703158911,0.872251226071824,72101285
d7ec0892-0a6c-4f4f-9d8f-72083692af5c,v04 default,0.3109450666554246,0.7827345068724378,0.8737146021199178,37431975
d7ec0892-0a6c-4f4f-9d8f-72083692af5c,v04 small,0.3082672204162855,0.7642874367012298,0.868375257079576,18904975
da8dfec1-d265-44e8-84ce-6ae9c109b8bd,v04 fine,0.0390818083096942,0.5353929347103409,0.5153897224804143,61142071
da8dfec1-d265-44e8-84ce-6ae9c109b8bd,v04 default,0.0379108479294262,0.537557436874843,0.5285221086177134,27801702
da8dfec1-d265-44e8-84ce-6ae9c109b8bd,v04 small,0.0361847490859384,0.5376386980482544,0.5330367813039437,12845201
dab512bd-a02d-4c1f-8dbc-9155a163efc0,v04 fine,0.1469991514003835,0.5166879498490828,0.7468346573982125,34291052
dab512bd-a02d-4c1f-8dbc-9155a163efc0,v04 default,0.1417270261683397,0.523624332482006,0.6994476166832175,16938792
dab512bd-a02d-4c1f-8dbc-9155a163efc0,v04 small,0.1534717268765174,0.5092001393081032,0.7447554617676266,9638617
dc7e9403-19f7-409f-9240-05ee57cb7aea,v04 fine,0.1092225565873336,0.5571897374701671,0.5677336481044299,75490037
dc7e9403-19f7-409f-9240-05ee57cb7aea,v04 default,0.1087605180404656,0.5732127359513994,0.5491019765773272,36876418
dc7e9403-19f7-409f-9240-05ee57cb7aea,v04 small,0.1076699396557608,0.5929865480581471,0.540989677359626,19348698
e8f9fba4-d151-4b00-bee7-447f0f3e752c,v04 fine,0.1893916636975291,0.5488231929349722,0.7155076605541002,68834276
e8f9fba4-d151-4b00-bee7-447f0f3e752c,v04 default,0.1802045453241654,0.540755751496296,0.6721838532984044,32966137
e8f9fba4-d151-4b00-bee7-447f0f3e752c,v04 small,0.159709732968026,0.5279203928735857,0.673176153052314,16433446
eebcaf65-7fa4-4118-869d-a084e84530e2,v04 fine,0.2701587605360965,0.4990566037735849,0.8221483313734236,43378739
eebcaf65-7fa4-4118-869d-a084e84530e2,v04 default,0.2633760033021597,0.5016472773487144,0.83129232391225,19148842
eebcaf65-7fa4-4118-869d-a084e84530e2,v04 small,0.2539991158121292,0.5,0.8349620858845951,9499501
fe380793-8035-414e-b000-09bfe5ece92a,v04 fine,0.1851313651604366,0.5796812387808018,0.5312243865859826,72669994
fe380793-8035-414e-b000-09bfe5ece92a,v04 default,0.1844736262468918,0.5715195554024406,0.539464276372007,37894210
fe380793-8035-414e-b000-09bfe5ece92a,v04 small,0.1803260689412862,0.5682716541857809,0.5057461241999895,20570079
