pid,m,epsilon,alpha,bytes,bytes_spatial,sig,err
1a276285-8b0e-4cc9-9f0a-a3a002978724,p48,100.0,2.0,3874137.2026359146,67406.20263591433,0.2132329076357336,0.0005193321495447496
1a276285-8b0e-4cc9-9f0a-a3a002978724,p48,100.0,2.3149729741653853,3666910.2026359146,67406.20263591433,0.2132329076357336,0.0005601935339993149
1a276285-8b0e-4cc9-9f0a-a3a002978724,p48,100.0,2.6795499355580645,3446725.2026359146,67406.20263591433,0.2132329076357336,0.0006176332992912323
1a276285-8b0e-4cc9-9f0a-a3a002978724,p48,100.0,3.1015428418717597,3215944.2026359146,67406.20263591433,0.2132329076357336,0.0006973161344551026
1a276285-8b0e-4cc9-9f0a-a3a002978724,p48,100.0,3.5899939285746147,2981016.2026359146,67406.20263591433,0.2132329076357336,0.0008053655487855043
1a276285-8b0e-4cc9-9f0a-a3a002978724,p48,100.0,4.1553694610340255,2744480.2026359146,67406.20263591433,0.2132329076357336,0.0009492704749974842
1a276285-8b0e-4cc9-9f0a-a3a002978724,p48,100.0,4.809783999982975,2509174.2026359146,67406.20263591433,0.2132329076357336,0.0011406890200688301
1a276285-8b0e-4cc9-9f0a-a3a002978724,p48,100.0,5.567259985766836,2279720.2026359146,67406.20263591433,0.2132329076357336,0.001388932955344482
1a276285-8b0e-4cc9-9f0a-a3a002978724,p48,100.0,6.444028203601297,2059972.2026359143,67406.20263591433,0.2132329076357336,0.0017086229722450426
1a276285-8b0e-4cc9-9f0a-a3a002978724,p48,100.0,7.458875568048258,1845627.2026359143,67406.20263591433,0.2132329076357336,0.0021235440252442834
1a276285-8b0e-4cc9-9f0a-a3a002978724,p48,100.0,8.633547678847101,1641677.2026359143,67406.20263591433,0.2132329076357336,0.0026501524301593892
1a276285-8b0e-4cc9-9f0a-a3a002978724,p48,100.0,9.993214773849669,1450045.2026359143,67406.20263591433,0.2132329076357336,0.0033085518990802094
1a276285-8b0e-4cc9-9f0a-a3a002978724,p48,100.0,11.567011063246117,1271792.2026359143,67406.20263591433,0.2132329076357336,0.004123398541851194
1a276285-8b0e-4cc9-9f0a-a3a002978724,p48,100.0,13.388659001643386,1109224.2026359143,67406.20263591433,0.2132329076357336,0.0051139898288370825
1a276285-8b0e-4cc9-9f0a-a3a002978724,p48,100.0,15.497191874560272,964366.2026359143,67406.20263591433,0.2132329076357336,0.00627464889889787
1a276285-8b0e-4cc9-9f0a-a3a002978724,p48,100.0,17.937790182531224,835704.2026359143,67406.20263591433,0.2132329076357336,0.007642597939053909
1a276285-8b0e-4cc9-9f0a-a3a002978724,p48,100.0,20.762749744404477,725905.2026359143,67406.20263591433,0.2132329076357336,0.009202956573417267
1a276285-8b0e-4cc9-9f0a-a3a002978724,p48,100.0,24.03260226382781,631632.2026359143,67406.20263591433,0.2132329076357336,0.010974826141618673
1a276285-8b0e-4cc9-9f0a-a3a002978724,p48,100.0,27.81741236981361,553552.2026359143,67406.20263591433,0.2132329076357336,0.012970321877610824
1a276285-8b0e-4cc9-9f0a-a3a002978724,p48,100.0,32.19827892366621,484213.2026359143,67406.20263591433,0.2132329076357336,0.015269988586444289
1a276285-8b0e-4cc9-9f0a-a3a002978724,p48,100.0,37.26907276146309,425121.2026359143,67406.20263591433,0.2132329076357336,0.017949098403723097
1a276285-8b0e-4cc9-9f0a-a3a002978724,p48,100.0,43.13844810749518,375839.2026359143,67406.20263591433,0.2132329076357336,0.02105103942246938
1a276285-8b0e-4cc9-9f0a-a3a002978724,p48,100.0,49.93217075814364,332601.2026359143,67406.20263591433,0.2132329076357336,0.02474564890339575
1a276285-8b0e-4cc9-9f0a-a3a002978724,p48,100.0,57.795812923256825,293854.2026359143,67406.20263591433,0.2132329076357336,0.029171571951223874
1a276285-8b0e-4cc9-9f0a-a3a002978724,p48,100.0,66.89787246862902,257097.20263591432,67406.20263591433,0.2132329076357336,0.03452081301851233
1a276285-8b0e-4cc9-9f0a-a3a002978724,p48,100.0,77.43338339701937,226157.20263591432,67406.20263591433,0.2132329076357336,0.0409729988389618
1a276285-8b0e-4cc9-9f0a-a3a002978724,p48,100.0,89.62809493114324,196849.20263591432,67406.20263591433,0.2132329076357336,0.048666355528884785
1a276285-8b0e-4cc9-9f0a-a3a002978724,p48,100.0,103.74330874576306,172938.20263591432,67406.20263591433,0.2132329076357336,0.05765750310883726
1a276285-8b0e-4cc9-9f0a-a3a002978724,p48,100.0,120.08147799846844,149891.20263591432,67406.20263591433,0.2132329076357336,0.06824895700496508
1a276285-8b0e-4cc9-9f0a-a3a002978724,p48,100.0,138.99268813214488,130532.20263591433,67406.20263591433,0.2132329076357336,0.08002766292456465
1a276285-8b0e-4cc9-9f0a-a3a002978724,p48,100.0,160.88215831625678,113987.20263591433,67406.20263591433,0.2132329076357336,0.0934146500202496
1a276285-8b0e-4cc9-9f0a-a3a002978724,p48,100.0,186.21892426376562,101848.20263591433,67406.20263591433,0.2132329076357336,0.10756547011289325
1a276285-8b0e-4cc9-9f0a-a3a002978724,p48,100.0,215.54588847438404,92086.20263591433,67406.20263591433,0.2132329076357336,0.12154278278294726
1a276285-8b0e-4cc9-9f0a-a3a002978724,p48,100.0,249.49145325533257,85653.20263591433,67406.20263591433,0.2132329076357336,0.13489013271758202
1a276285-8b0e-4cc9-9f0a-a3a002978724,p48,100.0,288.7829857856707,82840.20263591433,67406.20263591433,0.2132329076357336,0.14211253771814206
1a276285-8b0e-4cc9-9f0a-a3a002978724,p48,100.0,334.2624037463071,81215.20263591433,67406.20263591433,0.2132329076357336,0.14752842583888512
1a276285-8b0e-4cc9-9f0a-a3a002978724,p48,100.0,386.9042154761296,80223.20263591433,67406.20263591433,0.2132329076357336,0.15173596220787305
1a276285-8b0e-4cc9-9f0a-a3a002978724,p48,100.0,447.8364012089508,79491.20263591433,67406.20263591433,0.2132329076357336,0.15574866817274588
1a276285-8b0e-4cc9-9f0a-a3a002978724,p48,100.0,518.3645828231037,79010.20263591433,67406.20263591433,0.2132329076357336,0.15917457459719073
1a276285-8b0e-4cc9-9f0a-a3a002978724,p48,100.0,599.9999999999997,78697.20263591433,67406.20263591433,0.2132329076357336,0.1621184130254203
1e104bf4-7a24-4624-a5b2-c2c8289c0de7,p48,100.0,2.0,3747609.844720497,66130.8447204969,0.3815347500752587,0.0009391104596172406
1e104bf4-7a24-4624-a5b2-c2c8289c0de7,p48,100.0,2.3149729741653853,3542420.844720497,66130.8447204969,0.3815347500752587,0.0010222409676790025
1e104bf4-7a24-4624-a5b2-c2c8289c0de7,p48,100.0,2.6795499355580645,3328407.844720497,66130.8447204969,0.3815347500752587,0.0011374946777771959
1e104bf4-7a24-4624-a5b2-c2c8289c0de7,p48,100.0,3.1015428418717597,3108180.844720497,66130.8447204969,0.3815347500752587,0.0012963374406051514
1e104bf4-7a24-4624-a5b2-c2c8289c0de7,p48,100.0,3.5899939285746147,2882447.844720497,66130.8447204969,0.3815347500752587,0.0015100203799119699
1e104bf4-7a24-4624-a5b2-c2c8289c0de7,p48,100.0,4.1553694610340255,2660403.844720497,66130.8447204969,0.3815347500752587,0.0017926849552173437
1e104bf4-7a24-4624-a5b2-c2c8289c0de7,p48,100.0,4.809783999982975,2443370.844720497,66130.8447204969,0.3815347500752587,0.0021620314704038834
1e104bf4-7a24-4624-a5b2-c2c8289c0de7,p48,100.0,5.567259985766836,2229375.844720497,66130.8447204969,0.3815347500752587,0.002648057563901031
1e104bf4-7a24-4624-a5b2-c2c8289c0de7,p48,100.0,6.444028203601297,2022504.8447204968,66130.8447204969,0.3815347500752587,0.0032669854219263207
1e104bf4-7a24-4624-a5b2-c2c8289c0de7,p48,100.0,7.458875568048258,1823049.8447204968,66130.8447204969,0.3815347500752587,0.0040629544764095695
1e104bf4-7a24-4624-a5b2-c2c8289c0de7,p48,100.0,8.633547678847101,1633759.8447204968,66130.8447204969,0.3815347500752587,0.005079024922476714
1e104bf4-7a24-4624-a5b2-c2c8289c0de7,p48,100.0,9.993214773849669,1455742.8447204968,66130.8447204969,0.3815347500752587,0.006360020557549863
1e104bf4-7a24-4624-a5b2-c2c8289c0de7,p48,100.0,11.567011063246117,1288356.8447204968,66130.8447204969,0.3815347500752587,0.007974215237810498
1e104bf4-7a24-4624-a5b2-c2c8289c0de7,p48,100.0,13.388659001643386,1133432.8447204968,66130.8447204969,0.3815347500752587,0.009979988239023678
1e104bf4-7a24-4624-a5b2-c2c8289c0de7,p48,100.0,15.497191874560272,988233.8447204969,66130.8447204969,0.3815347500752587,0.012486625904630717
1e104bf4-7a24-4624-a5b2-c2c8289c0de7,p48,100.0,17.937790182531224,853054.8447204969,66130.8447204969,0.3815347500752587,0.015578916980743597
1e104bf4-7a24-4624-a5b2-c2c8289c0de7,p48,100.0,20.762749744404477,730531.8447204969,66130.8447204969,0.3815347500752587,0.019321486915116506
1e104bf4-7a24-4624-a5b2-c2c8289c0de7,p48,100.0,24.03260226382781,622775.8447204969,66130.8447204969,0.3815347500752587,0.023724090981461464
1e104bf4-7a24-4624-a5b2-c2c8289c0de7,p48,100.0,27.81741236981361,525879.8447204969,66130.8447204969,0.3815347500752587,0.028901344427420757
1e104bf4-7a24-4624-a5b2-c2c8289c0de7,p48,100.0,32.19827892366621,441027.8447204969,66130.8447204969,0.3815347500752587,0.03492188552158091
1e104bf4-7a24-4624-a5b2-c2c8289c0de7,p48,100.0,37.26907276146309,367697.8447204969,66130.8447204969,0.3815347500752587,0.04176260622344375
1e104bf4-7a24-4624-a5b2-c2c8289c0de7,p48,100.0,43.13844810749518,308892.8447204969,66130.8447204969,0.3815347500752587,0.049333957038674305
1e104bf4-7a24-4624-a5b2-c2c8289c0de7,p48,100.0,49.93217075814364,259179.8447204969,66130.8447204969,0.3815347500752587,0.05771435493767093
1e104bf4-7a24-4624-a5b2-c2c8289c0de7,p48,100.0,57.795812923256825,220420.8447204969,66130.8447204969,0.3815347500752587,0.0666230490744246
1e104bf4-7a24-4624-a5b2-c2c8289c0de7,p48,100.0,66.89787246862902,189441.8447204969,66130.8447204969,0.3815347500752587,0.07609084022604949
1e104bf4-7a24-4624-a5b2-c2c8289c0de7,p48,100.0,77.43338339701937,164539.8447204969,66130.8447204969,0.3815347500752587,0.0859622928269604
1e104bf4-7a24-4624-a5b2-c2c8289c0de7,p48,100.0,89.62809493114324,144918.8447204969,66130.8447204969,0.3815347500752587,0.09647976178686908
1e104bf4-7a24-4624-a5b2-c2c8289c0de7,p48,100.0,103.74330874576306,129627.8447204969,66130.8447204969,0.3815347500752587,0.10755721513446942
1e104bf4-7a24-4624-a5b2-c2c8289c0de7,p48,100.0,120.08147799846844,117101.8447204969,66130.8447204969,0.3815347500752587,0.1193149593860109
1e104bf4-7a24-4624-a5b2-c2c8289c0de7,p48,100.0,138.99268813214488,106784.8447204969,66130.8447204969,0.3815347500752587,0.132339982708742
1e104bf4-7a24-4624-a5b2-c2c8289c0de7,p48,100.0,160.88215831625678,97965.8447204969,66130.8447204969,0.3815347500752587,0.14684250581375896
1e104bf4-7a24-4624-a5b2-c2c8289c0de7,p48,100.0,186.21892426376562,91752.8447204969,66130.8447204969,0.3815347500752587,0.16118955798494247
1e104bf4-7a24-4624-a5b2-c2c8289c0de7,p48,100.0,215.54588847438404,86711.8447204969,66130.8447204969,0.3815347500752587,0.1780890887739463
1e104bf4-7a24-4624-a5b2-c2c8289c0de7,p48,100.0,249.49145325533257,82221.8447204969,66130.8447204969,0.3815347500752587,0.19666395736610096
1e104bf4-7a24-4624-a5b2-c2c8289c0de7,p48,100.0,288.7829857856707,78973.8447204969,66130.8447204969,0.3815347500752587,0.21488685675650143
1e104bf4-7a24-4624-a5b2-c2c8289c0de7,p48,100.0,334.2624037463071,77729.8447204969,66130.8447204969,0.3815347500752587,0.22393753522332385
1e104bf4-7a24-4624-a5b2-c2c8289c0de7,p48,100.0,386.9042154761296,77386.8447204969,66130.8447204969,0.3815347500752587,0.22630090577355125
1e104bf4-7a24-4624-a5b2-c2c8289c0de7,p48,100.0,447.8364012089508,77190.8447204969,66130.8447204969,0.3815347500752587,0.22816155810596417
1e104bf4-7a24-4624-a5b2-c2c8289c0de7,p48,100.0,518.3645828231037,77037.8447204969,66130.8447204969,0.3815347500752587,0.2294841901748344
1e104bf4-7a24-4624-a5b2-c2c8289c0de7,p48,100.0,599.9999999999997,76934.8447204969,66130.8447204969,0.3815347500752587,0.23050552791965256
6638cfb3-3831-4fc2-9327-194b76cf22e1,p48,100.0,2.0,3232628.4,60172.4,1.0724413988312285,0.002963761810973299
6638cfb3-3831-4fc2-9327-194b76cf22e1,p48,100.0,2.3149729741653853,3035300.4,60172.4,1.0724413988312285,0.0032286737733947
6638cfb3-3831-4fc2-9327-194b76cf22e1,p48,100.0,2.6795499355580645,2825006.4,60172.4,1.0724413988312285,0.003600436607862923
6638cfb3-3831-4fc2-9327-194b76cf22e1,p48,100.0,3.1015428418717597,2606584.4,60172.4,1.0724413988312285,0.00411339037927392
6638cfb3-3831-4fc2-9327-194b76cf22e1,p48,100.0,3.5899939285746147,2384923.4,60172.4,1.0724413988312285,0.00480502930306152
6638cfb3-3831-4fc2-9327-194b76cf22e1,p48,100.0,4.1553694610340255,2161014.4,60172.4,1.0724413988312285,0.005727771544349739
6638cfb3-3831-4fc2-9327-194b76cf22e1,p48,100.0,4.809783999982975,1943494.4,60172.4,1.0724413988312285,0.006921665276936604
6638cfb3-3831-4fc2-9327-194b76cf22e1,p48,100.0,5.567259985766836,1734467.4,60172.4,1.0724413988312285,0.008460845947536917
6638cfb3-3831-4fc2-9327-194b76cf22e1,p48,100.0,6.444028203601297,1536098.4,60172.4,1.0724413988312285,0.010395654461270666
6638cfb3-3831-4fc2-9327-194b76cf22e1,p48,100.0,7.458875568048258,1351926.4,60172.4,1.0724413988312285,0.012789657386065686
6638cfb3-3831-4fc2-9327-194b76cf22e1,p48,100.0,8.633547678847101,1182800.4,60172.4,1.0724413988312285,0.015719959170715447
6638cfb3-3831-4fc2-9327-194b76cf22e1,p48,100.0,9.993214773849669,1030149.4,60172.4,1.0724413988312285,0.019252221609570082
6638cfb3-3831-4fc2-9327-194b76cf22e1,p48,100.0,11.567011063246117,894417.4,60172.4,1.0724413988312285,0.023452343571123163
6638cfb3-3831-4fc2-9327-194b76cf22e1,p48,100.0,13.388659001643386,774534.4,60172.4,1.0724413988312285,0.028406397183287514
6638cfb3-3831-4fc2-9327-194b76cf22e1,p48,100.0,15.497191874560272,666816.4,60172.4,1.0724413988312285,0.034290492386802755
6638cfb3-3831-4fc2-9327-194b76cf22e1,p48,100.0,17.937790182531224,570501.4,60172.4,1.0724413988312285,0.04125233181357081
6638cfb3-3831-4fc2-9327-194b76cf22e1,p48,100.0,20.762749744404477,488715.4,60172.4,1.0724413988312285,0.049352801150608284
6638cfb3-3831-4fc2-9327-194b76cf22e1,p48,100.0,24.03260226382781,414927.4,60172.4,1.0724413988312285,0.059041744384957386
6638cfb3-3831-4fc2-9327-194b76cf22e1,p48,100.0,27.81741236981361,352742.4,60172.4,1.0724413988312285,0.07006955169441624
6638cfb3-3831-4fc2-9327-194b76cf22e1,p48,100.0,32.19827892366621,297084.4,60172.4,1.0724413988312285,0.0829340789117593
6638cfb3-3831-4fc2-9327-194b76cf22e1,p48,100.0,37.26907276146309,248665.4,60172.4,1.0724413988312285,0.0975920125661547
6638cfb3-3831-4fc2-9327-194b76cf22e1,p48,100.0,43.13844810749518,209761.4,60172.4,1.0724413988312285,0.11395089679697969
6638cfb3-3831-4fc2-9327-194b76cf22e1,p48,100.0,49.93217075814364,178351.4,60172.4,1.0724413988312285,0.1318432756288963
6638cfb3-3831-4fc2-9327-194b76cf22e1,p48,100.0,57.795812923256825,152705.4,60172.4,1.0724413988312285,0.150468658767207
6638cfb3-3831-4fc2-9327-194b76cf22e1,p48,100.0,66.89787246862902,131835.4,60172.4,1.0724413988312285,0.17006556549770696
6638cfb3-3831-4fc2-9327-194b76cf22e1,p48,100.0,77.43338339701937,116603.4,60172.4,1.0724413988312285,0.1901339126181438
6638cfb3-3831-4fc2-9327-194b76cf22e1,p48,100.0,89.62809493114324,105314.4,60172.4,1.0724413988312285,0.20858359025179551
6638cfb3-3831-4fc2-9327-194b76cf22e1,p48,100.0,103.74330874576306,97884.4,60172.4,1.0724413988312285,0.22700031527213987
6638cfb3-3831-4fc2-9327-194b76cf22e1,p48,100.0,120.08147799846844,91541.4,60172.4,1.0724413988312285,0.2457188366566697
6638cfb3-3831-4fc2-9327-194b76cf22e1,p48,100.0,138.99268813214488,86316.4,60172.4,1.0724413988312285,0.2661672817979116
6638cfb3-3831-4fc2-9327-194b76cf22e1,p48,100.0,160.88215831625678,82265.4,60172.4,1.0724413988312285,0.2874722752387399
6638cfb3-3831-4fc2-9327-194b76cf22e1,p48,100.0,186.21892426376562,79667.4,60172.4,1.0724413988312285,0.31168048295038314
6638cfb3-3831-4fc2-9327-194b76cf22e1,p48,100.0,215.54588847438404,77002.4,60172.4,1.0724413988312285,0.3403277974073278
6638cfb3-3831-4fc2-9327-194b76cf22e1,p48,100.0,249.49145325533257,74536.4,60172.4,1.0724413988312285,0.37403023992384277
6638cfb3-3831-4fc2-9327-194b76cf22e1,p48,100.0,288.7829857856707,72462.4,60172.4,1.0724413988312285,0.4119665341910027
6638cfb3-3831-4fc2-9327-194b76cf22e1,p48,100.0,334.2624037463071,71401.4,60172.4,1.0724413988312285,0.4354585592480758
6638cfb3-3831-4fc2-9327-194b76cf22e1,p48,100.0,386.9042154761296,71031.4,60172.4,1.0724413988312285,0.4445311850227879
6638cfb3-3831-4fc2-9327-194b76cf22e1,p48,100.0,447.8364012089508,70893.4,60172.4,1.0724413988312285,0.44738070101517274
6638cfb3-3831-4fc2-9327-194b76cf22e1,p48,100.0,518.3645828231037,70836.4,60172.4,1.0724413988312285,0.44808682657510035
6638cfb3-3831-4fc2-9327-194b76cf22e1,p48,100.0,599.9999999999997,70812.4,60172.4,1.0724413988312285,0.44808682375590636
749cb2b7-e57e-4453-a794-f6230e4d0226,p48,100.0,2.0,3715765.848617176,68456.84861717613,0.07777137462104397,0.0001657138479410085
749cb2b7-e57e-4453-a794-f6230e4d0226,p48,100.0,2.3149729741653853,3484331.848617176,68456.84861717613,0.07777137462104397,0.00017893540808379304
749cb2b7-e57e-4453-a794-f6230e4d0226,p48,100.0,2.6795499355580645,3239593.848617176,68456.84861717613,0.07777137462104397,0.00019733509544437572
749cb2b7-e57e-4453-a794-f6230e4d0226,p48,100.0,3.1015428418717597,2994127.848617176,68456.84861717613,0.07777137462104397,0.00022204037629681788
749cb2b7-e57e-4453-a794-f6230e4d0226,p48,100.0,3.5899939285746147,2748248.848617176,68456.84861717613,0.07777137462104397,0.00025487214119238684
749cb2b7-e57e-4453-a794-f6230e4d0226,p48,100.0,4.1553694610340255,2508290.848617176,68456.84861717613,0.07777137462104397,0.0002972986653865596
749cb2b7-e57e-4453-a794-f6230e4d0226,p48,100.0,4.809783999982975,2278561.848617176,68456.84861717613,0.07777137462104397,0.00035132160149342303
749cb2b7-e57e-4453-a794-f6230e4d0226,p48,100.0,5.567259985766836,2059690.848617176,68456.84861717613,0.07777137462104397,0.00041963203631809124
749cb2b7-e57e-4453-a794-f6230e4d0226,p48,100.0,6.444028203601297,1855412.848617176,68456.84861717613,0.07777137462104397,0.0005046702784274166
749cb2b7-e57e-4453-a794-f6230e4d0226,p48,100.0,7.458875568048258,1667838.848617176,68456.84861717613,0.07777137462104397,0.0006089215748610085
749cb2b7-e57e-4453-a794-f6230e4d0226,p48,100.0,8.633547678847101,1492822.848617176,68456.84861717613,0.07777137462104397,0.0007382075719118301
749cb2b7-e57e-4453-a794-f6230e4d0226,p48,100.0,9.993214773849669,1331989.848617176,68456.84861717613,0.07777137462104397,0.0008976975841265784
749cb2b7-e57e-4453-a794-f6230e4d0226,p48,100.0,11.567011063246117,1185127.848617176,68456.84861717613,0.07777137462104397,0.0010920652702947507
749cb2b7-e57e-4453-a794-f6230e4d0226,p48,100.0,13.388659001643386,1053897.848617176,68456.84861717613,0.07777137462104397,0.0013291473797609834
749cb2b7-e57e-4453-a794-f6230e4d0226,p48,100.0,15.497191874560272,934316.8486171762,68456.84861717613,0.07777137462104397,0.0016183999834796133
749cb2b7-e57e-4453-a794-f6230e4d0226,p48,100.0,17.937790182531224,827164.8486171762,68456.84861717613,0.07777137462104397,0.0019660054948200147
749cb2b7-e57e-4453-a794-f6230e4d0226,p48,100.0,20.762749744404477,726665.8486171762,68456.84861717613,0.07777137462104397,0.002394833416123136
749cb2b7-e57e-4453-a794-f6230e4d0226,p48,100.0,24.03260226382781,637848.8486171762,68456.84861717613,0.07777137462104397,0.002904521957542312
749cb2b7-e57e-4453-a794-f6230e4d0226,p48,100.0,27.81741236981361,558282.8486171762,68456.84861717613,0.07777137462104397,0.0035177477659732925
749cb2b7-e57e-4453-a794-f6230e4d0226,p48,100.0,32.19827892366621,486305.8486171761,68456.84861717613,0.07777137462104397,0.004243928910621428
749cb2b7-e57e-4453-a794-f6230e4d0226,p48,100.0,37.26907276146309,423657.8486171761,68456.84861717613,0.07777137462104397,0.005080565507874882
749cb2b7-e57e-4453-a794-f6230e4d0226,p48,100.0,43.13844810749518,367314.8486171761,68456.84861717613,0.07777137462104397,0.006074855804592901
749cb2b7-e57e-4453-a794-f6230e4d0226,p48,100.0,49.93217075814364,319883.8486171761,68456.84861717613,0.07777137462104397,0.0072168657363365415
749cb2b7-e57e-4453-a794-f6230e4d0226,p48,100.0,57.795812923256825,279301.8486171761,68456.84861717613,0.07777137462104397,0.008570782662264714
749cb2b7-e57e-4453-a794-f6230e4d0226,p48,100.0,66.89787246862902,245281.84861717612,68456.84861717613,0.07777137462104397,0.010105818105621306
749cb2b7-e57e-4453-a794-f6230e4d0226,p48,100.0,77.43338339701937,214436.84861717612,68456.84861717613,0.07777137462104397,0.011884978498036347
749cb2b7-e57e-4453-a794-f6230e4d0226,p48,100.0,89.62809493114324,189229.84861717612,68456.84861717613,0.07777137462104397,0.013891099800072935
749cb2b7-e57e-4453-a794-f6230e4d0226,p48,100.0,103.74330874576306,166957.84861717612,68456.84861717613,0.07777137462104397,0.016222946458938774
749cb2b7-e57e-4453-a794-f6230e4d0226,p48,100.0,120.08147799846844,147900.84861717612,68456.84861717613,0.07777137462104397,0.01882895799861125
749cb2b7-e57e-4453-a794-f6230e4d0226,p48,100.0,138.99268813214488,132242.84861717612,68456.84861717613,0.07777137462104397,0.02174462960074472
749cb2b7-e57e-4453-a794-f6230e4d0226,p48,100.0,160.88215831625678,118759.84861717613,68456.84861717613,0.07777137462104397,0.024931642155626935
749cb2b7-e57e-4453-a794-f6230e4d0226,p48,100.0,186.21892426376562,107787.84861717613,68456.84861717613,0.07777137462104397,0.028480056719897423
749cb2b7-e57e-4453-a794-f6230e4d0226,p48,100.0,215.54588847438404,98926.84861717613,68456.84861717613,0.07777137462104397,0.03237000521070222
749cb2b7-e57e-4453-a794-f6230e4d0226,p48,100.0,249.49145325533257,91532.84861717613,68456.84861717613,0.07777137462104397,0.036451712345578605
749cb2b7-e57e-4453-a794-f6230e4d0226,p48,100.0,288.7829857856707,86367.84861717613,68456.84861717613,0.07777137462104397,0.040882820117379017
749cb2b7-e57e-4453-a794-f6230e4d0226,p48,100.0,334.2624037463071,82362.84861717613,68456.84861717613,0.07777137462104397,0.0449269928436284
749cb2b7-e57e-4453-a794-f6230e4d0226,p48,100.0,386.9042154761296,80915.84861717613,68456.84861717613,0.07777137462104397,0.04674608359128426
749cb2b7-e57e-4453-a794-f6230e4d0226,p48,100.0,447.8364012089508,80280.84861717613,68456.84861717613,0.07777137462104397,0.04775496048560906
749cb2b7-e57e-4453-a794-f6230e4d0226,p48,100.0,518.3645828231037,79923.84861717613,68456.84861717613,0.07777137462104397,0.04851971333888234
749cb2b7-e57e-4453-a794-f6230e4d0226,p48,100.0,599.9999999999997,79657.84861717613,68456.84861717613,0.07777137462104397,0.04917822827751125
d7ec0892-0a6c-4f4f-9d8f-72083692af5c,p48,100.0,2.0,5602583.139329806,94550.139329806,0.021733636411931396,0.0001475547118936621
d7ec0892-0a6c-4f4f-9d8f-72083692af5c,p48,100.0,2.3149729741653853,5299615.139329806,94550.139329806,0.021733636411931396,0.00015802361788867602
d7ec0892-0a6c-4f4f-9d8f-72083692af5c,p48,100.0,2.6795499355580645,4970639.139329806,94550.139329806,0.021733636411931396,0.0001730102564785025
d7ec0892-0a6c-4f4f-9d8f-72083692af5c,p48,100.0,3.1015428418717597,4626715.139329806,94550.139329806,0.021733636411931396,0.00019395042502947442
d7ec0892-0a6c-4f4f-9d8f-72083692af5c,p48,100.0,3.5899939285746147,4269396.139329806,94550.139329806,0.021733636411931396,0.00022266284423585624
d7ec0892-0a6c-4f4f-9d8f-72083692af5c,p48,100.0,4.1553694610340255,3911135.139329806,94550.139329806,0.021733636411931396,0.0002611381521019278
d7ec0892-0a6c-4f4f-9d8f-72083692af5c,p48,100.0,4.809783999982975,3556234.139329806,94550.139329806,0.021733636411931396,0.0003119487981411639
d7ec0892-0a6c-4f4f-9d8f-72083692af5c,p48,100.0,5.567259985766836,3207245.139329806,94550.139329806,0.021733636411931396,0.00037836505027599206
d7ec0892-0a6c-4f4f-9d8f-72083692af5c,p48,100.0,6.444028203601297,2868154.139329806,94550.139329806,0.021733636411931396,0.00046427681443899136
d7ec0892-0a6c-4f4f-9d8f-72083692af5c,p48,100.0,7.458875568048258,2544784.139329806,94550.139329806,0.021733636411931396,0.0005737794775043585
d7ec0892-0a6c-4f4f-9d8f-72083692af5c,p48,100.0,8.633547678847101,2235958.139329806,94550.139329806,0.021733636411931396,0.0007120762664966239
d7ec0892-0a6c-4f4f-9d8f-72083692af5c,p48,100.0,9.993214773849669,1947745.139329806,94550.139329806,0.021733636411931396,0.0008850915400663394
d7ec0892-0a6c-4f4f-9d8f-72083692af5c,p48,100.0,11.567011063246117,1681021.139329806,94550.139329806,0.021733636411931396,0.0010976252495226166
d7ec0892-0a6c-4f4f-9d8f-72083692af5c,p48,100.0,13.388659001643386,1435483.139329806,94550.139329806,0.021733636411931396,0.0013581135821538067
d7ec0892-0a6c-4f4f-9d8f-72083692af5c,p48,100.0,15.497191874560272,1215719.139329806,94550.139329806,0.021733636411931396,0.0016666775254832059
d7ec0892-0a6c-4f4f-9d8f-72083692af5c,p48,100.0,17.937790182531224,1020503.139329806,94550.139329806,0.021733636411931396,0.002034440411616595
d7ec0892-0a6c-4f4f-9d8f-72083692af5c,p48,100.0,20.762749744404477,847686.139329806,94550.139329806,0.021733636411931396,0.002459511861946548
d7ec0892-0a6c-4f4f-9d8f-72083692af5c,p48,100.0,24.03260226382781,701796.139329806,94550.139329806,0.021733636411931396,0.0029444949044580356
d7ec0892-0a6c-4f4f-9d8f-72083692af5c,p48,100.0,27.81741236981361,577557.139329806,94550.139329806,0.021733636411931396,0.003485963066702814
d7ec0892-0a6c-4f4f-9d8f-72083692af5c,p48,100.0,32.19827892366621,474483.13932980597,94550.139329806,0.021733636411931396,0.0040837936728611
d7ec0892-0a6c-4f4f-9d8f-72083692af5c,p48,100.0,37.26907276146309,392099.13932980597,94550.139329806,0.021733636411931396,0.004721542434428701
d7ec0892-0a6c-4f4f-9d8f-72083692af5c,p48,100.0,43.13844810749518,327483.13932980597,94550.139329806,0.021733636411931396,0.00539038932052421
d7ec0892-0a6c-4f4f-9d8f-72083692af5c,p48,100.0,49.93217075814364,275523.13932980597,94550.139329806,0.021733636411931396,0.006099564302251654
d7ec0892-0a6c-4f4f-9d8f-72083692af5c,p48,100.0,57.795812923256825,234924.139329806,94550.139329806,0.021733636411931396,0.006840632861887628
d7ec0892-0a6c-4f4f-9d8f-72083692af5c,p48,100.0,66.89787246862902,203398.139329806,94550.139329806,0.021733636411931396,0.007623276484618233
d7ec0892-0a6c-4f4f-9d8f-72083692af5c,p48,100.0,77.43338339701937,178827.139329806,94550.139329806,0.021733636411931396,0.008420373911217348
d7ec0892-0a6c-4f4f-9d8f-72083692af5c,p48,100.0,89.62809493114324,159659.139329806,94550.139329806,0.021733636411931396,0.009254523997459073
d7ec0892-0a6c-4f4f-9d8f-72083692af5c,p48,100.0,103.74330874576306,143606.139329806,94550.139329806,0.021733636411931396,0.010138178769908404
d7ec0892-0a6c-4f4f-9d8f-72083692af5c,p48,100.0,120.08147799846844,132139.139329806,94550.139329806,0.021733636411931396,0.011009849451286
d7ec0892-0a6c-4f4f-9d8f-72083692af5c,p48,100.0,138.99268813214488,123524.139329806,94550.139329806,0.021733636411931396,0.011847952948075186
d7ec0892-0a6c-4f4f-9d8f-72083692af5c,p48,100.0,160.88215831625678,117634.139329806,94550.139329806,0.021733636411931396,0.012669931972844623
d7ec0892-0a6c-4f4f-9d8f-72083692af5c,p48,100.0,186.21892426376562,112993.139329806,94550.139329806,0.021733636411931396,0.013472604795106407
d7ec0892-0a6c-4f4f-9d8f-72083692af5c,p48,100.0,215.54588847438404,109925.139329806,94550.139329806,0.021733636411931396,0.01417420313897545
d7ec0892-0a6c-4f4f-9d8f-72083692af5c,p48,100.0,249.49145325533257,108127.139329806,94550.139329806,0.021733636411931396,0.014696544668728783
d7ec0892-0a6c-4f4f-9d8f-72083692af5c,p48,100.0,288.7829857856707,107141.139329806,94550.139329806,0.021733636411931396,0.015066452333039342
d7ec0892-0a6c-4f4f-9d8f-72083692af5c,p48,100.0,334.2624037463071,106452.139329806,94550.139329806,0.021733636411931396,0.015371373718017924
d7ec0892-0a6c-4f4f-9d8f-72083692af5c,p48,100.0,386.9042154761296,106112.139329806,94550.139329806,0.021733636411931396,0.015566428392698948
d7ec0892-0a6c-4f4f-9d8f-72083692af5c,p48,100.0,447.8364012089508,105936.139329806,94550.139329806,0.021733636411931396,0.01567789151849645
d7ec0892-0a6c-4f4f-9d8f-72083692af5c,p48,100.0,518.3645828231037,105841.139329806,94550.139329806,0.021733636411931396,0.015754171815081364
d7ec0892-0a6c-4f4f-9d8f-72083692af5c,p48,100.0,599.9999999999997,105799.139329806,94550.139329806,0.021733636411931396,0.01579517466250447
da8dfec1-d265-44e8-84ce-6ae9c109b8bd,p48,100.0,2.0,5224201.104761905,93495.10476190476,0.010072155320928967,0.00010277874493442668
da8dfec1-d265-44e8-84ce-6ae9c109b8bd,p48,100.0,2.3149729741653853,4889557.104761905,93495.10476190476,0.010072155320928967,0.000109879413660127
da8dfec1-d265-44e8-84ce-6ae9c109b8bd,p48,100.0,2.6795499355580645,4528587.104761905,93495.10476190476,0.010072155320928967,0.00011990052492374484
da8dfec1-d265-44e8-84ce-6ae9c109b8bd,p48,100.0,3.1015428418717597,4152854.1047619046,93495.10476190476,0.010072155320928967,0.00013381694209551974
da8dfec1-d265-44e8-84ce-6ae9c109b8bd,p48,100.0,3.5899939285746147,3768215.1047619046,93495.10476190476,0.010072155320928967,0.00015270001452929769
da8dfec1-d265-44e8-84ce-6ae9c109b8bd,p48,100.0,4.1553694610340255,3389886.1047619046,93495.10476190476,0.010072155320928967,0.00017762402212225233
da8dfec1-d265-44e8-84ce-6ae9c109b8bd,p48,100.0,4.809783999982975,3018545.1047619046,93495.10476190476,0.010072155320928967,0.00020999078854226196
da8dfec1-d265-44e8-84ce-6ae9c109b8bd,p48,100.0,5.567259985766836,2663720.1047619046,93495.10476190476,0.010072155320928967,0.0002509744399966717
da8dfec1-d265-44e8-84ce-6ae9c109b8bd,p48,100.0,6.444028203601297,2331769.1047619046,93495.10476190476,0.010072155320928967,0.0003023236147264511
da8dfec1-d265-44e8-84ce-6ae9c109b8bd,p48,100.0,7.458875568048258,2026706.1047619048,93495.10476190476,0.010072155320928967,0.000365113662125064
da8dfec1-d265-44e8-84ce-6ae9c109b8bd,p48,100.0,8.633547678847101,1748777.1047619048,93495.10476190476,0.010072155320928967,0.00044153310503162703
da8dfec1-d265-44e8-84ce-6ae9c109b8bd,p48,100.0,9.993214773849669,1494199.1047619048,93495.10476190476,0.010072155320928967,0.0005339140260092065
da8dfec1-d265-44e8-84ce-6ae9c109b8bd,p48,100.0,11.567011063246117,1267319.1047619048,93495.10476190476,0.010072155320928967,0.0006434855360097345
da8dfec1-d265-44e8-84ce-6ae9c109b8bd,p48,100.0,13.388659001643386,1067362.1047619048,93495.10476190476,0.010072155320928967,0.0007714496502458527
da8dfec1-d265-44e8-84ce-6ae9c109b8bd,p48,100.0,15.497191874560272,896973.1047619048,93495.10476190476,0.010072155320928967,0.0009202091812868708
da8dfec1-d265-44e8-84ce-6ae9c109b8bd,p48,100.0,17.937790182531224,751411.1047619048,93495.10476190476,0.010072155320928967,0.0010884192881046618
da8dfec1-d265-44e8-84ce-6ae9c109b8bd,p48,100.0,20.762749744404477,626011.1047619048,93495.10476190476,0.010072155320928967,0.00127880872240796
da8dfec1-d265-44e8-84ce-6ae9c109b8bd,p48,100.0,24.03260226382781,521864.10476190475,93495.10476190476,0.010072155320928967,0.0014895447549594521
da8dfec1-d265-44e8-84ce-6ae9c109b8bd,p48,100.0,27.81741236981361,437804.10476190475,93495.10476190476,0.010072155320928967,0.001721545752492239
da8dfec1-d265-44e8-84ce-6ae9c109b8bd,p48,100.0,32.19827892366621,368698.10476190475,93495.10476190476,0.010072155320928967,0.0019760762410616136
da8dfec1-d265-44e8-84ce-6ae9c109b8bd,p48,100.0,37.26907276146309,314145.10476190475,93495.10476190476,0.010072155320928967,0.002245879164845653
da8dfec1-d265-44e8-84ce-6ae9c109b8bd,p48,100.0,43.13844810749518,267042.10476190475,93495.10476190476,0.010072155320928967,0.0025512178614934557
da8dfec1-d265-44e8-84ce-6ae9c109b8bd,p48,100.0,49.93217075814364,229091.10476190475,93495.10476190476,0.010072155320928967,0.002876593713468775
da8dfec1-d265-44e8-84ce-6ae9c109b8bd,p48,100.0,57.795812923256825,199823.10476190475,93495.10476190476,0.010072155320928967,0.0032248923984463888
da8dfec1-d265-44e8-84ce-6ae9c109b8bd,p48,100.0,66.89787246862902,176485.10476190475,93495.10476190476,0.010072155320928967,0.003588173447346395
da8dfec1-d265-44e8-84ce-6ae9c109b8bd,p48,100.0,77.43338339701937,157337.10476190475,93495.10476190476,0.010072155320928967,0.003985744259145672
da8dfec1-d265-44e8-84ce-6ae9c109b8bd,p48,100.0,89.62809493114324,142771.10476190475,93495.10476190476,0.010072155320928967,0.004371682734602494
da8dfec1-d265-44e8-84ce-6ae9c109b8bd,p48,100.0,103.74330874576306,131774.10476190475,93495.10476190476,0.010072155320928967,0.004782160965261426
da8dfec1-d265-44e8-84ce-6ae9c109b8bd,p48,100.0,120.08147799846844,122761.10476190476,93495.10476190476,0.010072155320928967,0.005221734242503625
da8dfec1-d265-44e8-84ce-6ae9c109b8bd,p48,100.0,138.99268813214488,116139.10476190476,93495.10476190476,0.010072155320928967,0.005666974675970189
da8dfec1-d265-44e8-84ce-6ae9c109b8bd,p48,100.0,160.88215831625678,110989.10476190476,93495.10476190476,0.010072155320928967,0.006134848589243503
da8dfec1-d265-44e8-84ce-6ae9c109b8bd,p48,100.0,186.21892426376562,107492.10476190476,93495.10476190476,0.010072155320928967,0.00653121216637163
da8dfec1-d265-44e8-84ce-6ae9c109b8bd,p48,100.0,215.54588847438404,105851.10476190476,93495.10476190476,0.010072155320928967,0.006763035868527356
da8dfec1-d265-44e8-84ce-6ae9c109b8bd,p48,100.0,249.49145325533257,105073.10476190476,93495.10476190476,0.010072155320928967,0.006896842809855253
da8dfec1-d265-44e8-84ce-6ae9c109b8bd,p48,100.0,288.7829857856707,104684.10476190476,93495.10476190476,0.010072155320928967,0.006973898778394249
da8dfec1-d265-44e8-84ce-6ae9c109b8bd,p48,100.0,334.2624037463071,104442.10476190476,93495.10476190476,0.010072155320928967,0.0070276350414823305
da8dfec1-d265-44e8-84ce-6ae9c109b8bd,p48,100.0,386.9042154761296,104350.10476190476,93495.10476190476,0.010072155320928967,0.007046205065377678
da8dfec1-d265-44e8-84ce-6ae9c109b8bd,p48,100.0,447.8364012089508,104350.10476190476,93495.10476190476,0.010072155320928967,0.007046205086713
da8dfec1-d265-44e8-84ce-6ae9c109b8bd,p48,100.0,518.3645828231037,104319.10476190476,93495.10476190476,0.010072155320928967,0.007050346052572149
da8dfec1-d265-44e8-84ce-6ae9c109b8bd,p48,100.0,599.9999999999997,104319.10476190476,93495.10476190476,0.010072155320928967,0.007050346052572149
dab512bd-a02d-4c1f-8dbc-9155a163efc0,p48,100.0,2.0,3444293.125,70268.125,0.3536081111700137,0.0007637187552389737
dab512bd-a02d-4c1f-8dbc-9155a163efc0,p48,100.0,2.3149729741653853,3202389.125,70268.125,0.3536081111700137,0.0008441689014562872
dab512bd-a02d-4c1f-8dbc-9155a163efc0,p48,100.0,2.6795499355580645,2956431.125,70268.125,0.3536081111700137,0.0009525913299253138
dab512bd-a02d-4c1f-8dbc-9155a163efc0,p48,100.0,3.1015428418717597,2710184.125,70268.125,0.3536081111700137,0.0010976660751644178
dab512bd-a02d-4c1f-8dbc-9155a163efc0,p48,100.0,3.5899939285746147,2468611.125,70268.125,0.3536081111700137,0.0012841776327847643
dab512bd-a02d-4c1f-8dbc-9155a163efc0,p48,100.0,4.1553694610340255,2236806.125,70268.125,0.3536081111700137,0.0015220562999222497
dab512bd-a02d-4c1f-8dbc-9155a163efc0,p48,100.0,4.809783999982975,2016901.125,70268.125,0.3536081111700137,0.0018208778601856372
dab512bd-a02d-4c1f-8dbc-9155a163efc0,p48,100.0,5.567259985766836,1814565.125,70268.125,0.3536081111700137,0.002189594662016587
dab512bd-a02d-4c1f-8dbc-9155a163efc0,p48,100.0,6.444028203601297,1628808.125,70268.125,0.3536081111700137,0.0026420894504286937
dab512bd-a02d-4c1f-8dbc-9155a163efc0,p48,100.0,7.458875568048258,1457930.125,70268.125,0.3536081111700137,0.003199672582565702
dab512bd-a02d-4c1f-8dbc-9155a163efc0,p48,100.0,8.633547678847101,1302571.125,70268.125,0.3536081111700137,0.0038822493318080775
dab512bd-a02d-4c1f-8dbc-9155a163efc0,p48,100.0,9.993214773849669,1160337.125,70268.125,0.3536081111700137,0.004717151378066604
dab512bd-a02d-4c1f-8dbc-9155a163efc0,p48,100.0,11.567011063246117,1031118.125,70268.125,0.3536081111700137,0.005738486413025636
dab512bd-a02d-4c1f-8dbc-9155a163efc0,p48,100.0,13.388659001643386,912844.125,70268.125,0.3536081111700137,0.006980770355061708
dab512bd-a02d-4c1f-8dbc-9155a163efc0,p48,100.0,15.497191874560272,807563.125,70268.125,0.3536081111700137,0.008467730041580017
dab512bd-a02d-4c1f-8dbc-9155a163efc0,p48,100.0,17.937790182531224,709385.125,70268.125,0.3536081111700137,0.010281123490602
dab512bd-a02d-4c1f-8dbc-9155a163efc0,p48,100.0,20.762749744404477,623628.125,70268.125,0.3536081111700137,0.012426919034968871
dab512bd-a02d-4c1f-8dbc-9155a163efc0,p48,100.0,24.03260226382781,545642.125,70268.125,0.3536081111700137,0.014974896121876975
dab512bd-a02d-4c1f-8dbc-9155a163efc0,p48,100.0,27.81741236981361,479672.125,70268.125,0.3536081111700137,0.0179625997506408
dab512bd-a02d-4c1f-8dbc-9155a163efc0,p48,100.0,32.19827892366621,419542.125,70268.125,0.3536081111700137,0.021566998694572178
dab512bd-a02d-4c1f-8dbc-9155a163efc0,p48,100.0,37.26907276146309,365882.125,70268.125,0.3536081111700137,0.025739952189321257
dab512bd-a02d-4c1f-8dbc-9155a163efc0,p48,100.0,43.13844810749518,319704.125,70268.125,0.3536081111700137,0.030702540098413215
dab512bd-a02d-4c1f-8dbc-9155a163efc0,p48,100.0,49.93217075814364,279909.125,70268.125,0.3536081111700137,0.03652113472208779
dab512bd-a02d-4c1f-8dbc-9155a163efc0,p48,100.0,57.795812923256825,243649.125,70268.125,0.3536081111700137,0.043438295337770216
dab512bd-a02d-4c1f-8dbc-9155a163efc0,p48,100.0,66.89787246862902,212864.125,70268.125,0.3536081111700137,0.051361291512127004
dab512bd-a02d-4c1f-8dbc-9155a163efc0,p48,100.0,77.43338339701937,186206.125,70268.125,0.3536081111700137,0.06038505085186573
dab512bd-a02d-4c1f-8dbc-9155a163efc0,p48,100.0,89.62809493114324,163898.125,70268.125,0.3536081111700137,0.07032199221486848
dab512bd-a02d-4c1f-8dbc-9155a163efc0,p48,100.0,103.74330874576306,145866.125,70268.125,0.3536081111700137,0.08110930567730545
dab512bd-a02d-4c1f-8dbc-9155a163efc0,p48,100.0,120.08147799846844,131027.125,70268.125,0.3536081111700137,0.09340038835966027
dab512bd-a02d-4c1f-8dbc-9155a163efc0,p48,100.0,138.99268813214488,118087.125,70268.125,0.3536081111700137,0.10645160740201574
dab512bd-a02d-4c1f-8dbc-9155a163efc0,p48,100.0,160.88215831625678,107898.125,70268.125,0.3536081111700137,0.1208524883961613
dab512bd-a02d-4c1f-8dbc-9155a163efc0,p48,100.0,186.21892426376562,99974.125,70268.125,0.3536081111700137,0.13598535895310723
dab512bd-a02d-4c1f-8dbc-9155a163efc0,p48,100.0,215.54588847438404,93540.125,70268.125,0.3536081111700137,0.1515417621722537
dab512bd-a02d-4c1f-8dbc-9155a163efc0,p48,100.0,249.49145325533257,89177.125,70268.125,0.3536081111700137,0.1683695407148224
dab512bd-a02d-4c1f-8dbc-9155a163efc0,p48,100.0,288.7829857856707,85105.125,70268.125,0.3536081111700137,0.18676085168159573
dab512bd-a02d-4c1f-8dbc-9155a163efc0,p48,100.0,334.2624037463071,82544.125,70268.125,0.3536081111700137,0.20172584987975462
dab512bd-a02d-4c1f-8dbc-9155a163efc0,p48,100.0,386.9042154761296,81843.125,70268.125,0.3536081111700137,0.20621581926818236
dab512bd-a02d-4c1f-8dbc-9155a163efc0,p48,100.0,447.8364012089508,81561.125,70268.125,0.3536081111700137,0.20846133090357277
dab512bd-a02d-4c1f-8dbc-9155a163efc0,p48,100.0,518.3645828231037,81296.125,70268.125,0.3536081111700137,0.21070153432023725
dab512bd-a02d-4c1f-8dbc-9155a163efc0,p48,100.0,599.9999999999997,81219.125,70268.125,0.3536081111700137,0.21106338116525858
dc7e9403-19f7-409f-9240-05ee57cb7aea,p48,100.0,2.0,5563018.99669967,97189.99669966997,0.034939112495703,0.00013975121581813753
dc7e9403-19f7-409f-9240-05ee57cb7aea,p48,100.0,2.3149729741653853,5220476.99669967,97189.99669966997,0.034939112495703,0.00015127304604538295
dc7e9403-19f7-409f-9240-05ee57cb7aea,p48,100.0,2.6795499355580645,4855848.99669967,97189.99669966997,0.034939112495703,0.00016748726424331095
dc7e9403-19f7-409f-9240-05ee57cb7aea,p48,100.0,3.1015428418717597,4473703.99669967,97189.99669966997,0.034939112495703,0.00018988896905079865
dc7e9403-19f7-409f-9240-05ee57cb7aea,p48,100.0,3.5899939285746147,4084333.99669967,97189.99669966997,0.034939112495703,0.00022018924417065099
dc7e9403-19f7-409f-9240-05ee57cb7aea,p48,100.0,4.1553694610340255,3702538.99669967,97189.99669966997,0.034939112495703,0.000259722537489213
dc7e9403-19f7-409f-9240-05ee57cb7aea,p48,100.0,4.809783999982975,3331925.99669967,97189.99669966997,0.034939112495703,0.00031089506741590147
dc7e9403-19f7-409f-9240-05ee57cb7aea,p48,100.0,5.567259985766836,2981637.99669967,97189.99669966997,0.034939112495703,0.00037510403513104154
dc7e9403-19f7-409f-9240-05ee57cb7aea,p48,100.0,6.444028203601297,2651149.99669967,97189.99669966997,0.034939112495703,0.0004552424696457705
dc7e9403-19f7-409f-9240-05ee57cb7aea,p48,100.0,7.458875568048258,2348813.99669967,97189.99669966997,0.034939112495703,0.0005530227323472047
dc7e9403-19f7-409f-9240-05ee57cb7aea,p48,100.0,8.633547678847101,2072600.9966996699,97189.99669966997,0.034939112495703,0.0006728888695934314
dc7e9403-19f7-409f-9240-05ee57cb7aea,p48,100.0,9.993214773849669,1819113.9966996699,97189.99669966997,0.034939112495703,0.0008201483602730214
dc7e9403-19f7-409f-9240-05ee57cb7aea,p48,100.0,11.567011063246117,1587886.9966996699,97189.99669966997,0.034939112495703,0.0009993186824442753
dc7e9403-19f7-409f-9240-05ee57cb7aea,p48,100.0,13.388659001643386,1378583.9966996699,97189.99669966997,0.034939112495703,0.001214476499962711
dc7e9403-19f7-409f-9240-05ee57cb7aea,p48,100.0,15.497191874560272,1190756.9966996699,97189.99669966997,0.034939112495703,0.0014733347500545735
dc7e9403-19f7-409f-9240-05ee57cb7aea,p48,100.0,17.937790182531224,1026376.99669967,97189.99669966997,0.034939112495703,0.0017751053615097587
dc7e9403-19f7-409f-9240-05ee57cb7aea,p48,100.0,20.762749744404477,880608.99669967,97189.99669966997,0.034939112495703,0.0021368475583217507
dc7e9403-19f7-409f-9240-05ee57cb7aea,p48,100.0,24.03260226382781,751861.99669967,97189.99669966997,0.034939112495703,0.0025567002767149065
dc7e9403-19f7-409f-9240-05ee57cb7aea,p48,100.0,27.81741236981361,640656.99669967,97189.99669966997,0.034939112495703,0.0030427613760853713
dc7e9403-19f7-409f-9240-05ee57cb7aea,p48,100.0,32.19827892366621,544779.99669967,97189.99669966997,0.034939112495703,0.0036024791995606788
dc7e9403-19f7-409f-9240-05ee57cb7aea,p48,100.0,37.26907276146309,463440.99669967,97189.99669966997,0.034939112495703,0.004236752140341253
dc7e9403-19f7-409f-9240-05ee57cb7aea,p48,100.0,43.13844810749518,395791.99669967,97189.99669966997,0.034939112495703,0.004948528798332694
dc7e9403-19f7-409f-9240-05ee57cb7aea,p48,100.0,49.93217075814364,340032.99669967,97189.99669966997,0.034939112495703,0.005736632617124351
dc7e9403-19f7-409f-9240-05ee57cb7aea,p48,100.0,57.795812923256825,291949.99669967,97189.99669966997,0.034939112495703,0.0066219563868965955
dc7e9403-19f7-409f-9240-05ee57cb7aea,p48,100.0,66.89787246862902,253989.99669966998,97189.99669966997,0.034939112495703,0.007596697595321585
dc7e9403-19f7-409f-9240-05ee57cb7aea,p48,100.0,77.43338339701937,223930.99669966998,97189.99669966997,0.034939112495703,0.008630577834649725
dc7e9403-19f7-409f-9240-05ee57cb7aea,p48,100.0,89.62809493114324,198427.99669966998,97189.99669966997,0.034939112495703,0.00979536818773966
dc7e9403-19f7-409f-9240-05ee57cb7aea,p48,100.0,103.74330874576306,176416.99669966998,97189.99669966997,0.034939112495703,0.011095703854179111
dc7e9403-19f7-409f-9240-05ee57cb7aea,p48,100.0,120.08147799846844,159061.99669966998,97189.99669966997,0.034939112495703,0.012497897599998918
dc7e9403-19f7-409f-9240-05ee57cb7aea,p48,100.0,138.99268813214488,143171.99669966998,97189.99669966997,0.034939112495703,0.014042932309588575
dc7e9403-19f7-409f-9240-05ee57cb7aea,p48,100.0,160.88215831625678,132087.99669966998,97189.99669966997,0.034939112495703,0.01563315165782786
dc7e9403-19f7-409f-9240-05ee57cb7aea,p48,100.0,186.21892426376562,123204.99669966997,97189.99669966997,0.034939112495703,0.017313578069507778
dc7e9403-19f7-409f-9240-05ee57cb7aea,p48,100.0,215.54588847438404,116789.99669966997,97189.99669966997,0.034939112495703,0.01900657374299833
dc7e9403-19f7-409f-9240-05ee57cb7aea,p48,100.0,249.49145325533257,111880.99669966997,97189.99669966997,0.034939112495703,0.020704533375194595
dc7e9403-19f7-409f-9240-05ee57cb7aea,p48,100.0,288.7829857856707,109856.99669966997,97189.99669966997,0.034939112495703,0.021759788910148962
dc7e9403-19f7-409f-9240-05ee57cb7aea,p48,100.0,334.2624037463071,109043.99669966997,97189.99669966997,0.034939112495703,0.022386462226636296
dc7e9403-19f7-409f-9240-05ee57cb7aea,p48,100.0,386.9042154761296,108694.99669966997,97189.99669966997,0.034939112495703,0.022717835128999372
dc7e9403-19f7-409f-9240-05ee57cb7aea,p48,100.0,447.8364012089508,108448.99669966997,97189.99669966997,0.034939112495703,0.023007005277156933
dc7e9403-19f7-409f-9240-05ee57cb7aea,p48,100.0,518.3645828231037,108287.99669966997,97189.99669966997,0.034939112495703,0.023288250983008397
dc7e9403-19f7-409f-9240-05ee57cb7aea,p48,100.0,599.9999999999997,108150.99669966997,97189.99669966997,0.034939112495703,0.02353153416180282
e8f9fba4-d151-4b00-bee7-447f0f3e752c,p48,100.0,2.0,4994552.57980456,89702.57980456026,0.03732115852789589,0.00033086171718607474
e8f9fba4-d151-4b00-bee7-447f0f3e752c,p48,100.0,2.3149729741653853,4678390.57980456,89702.57980456026,0.03732115852789589,0.0003554860597224122
e8f9fba4-d151-4b00-bee7-447f0f3e752c,p48,100.0,2.6795499355580645,4342217.57980456,89702.57980456026,0.03732115852789589,0.000390195660759502
e8f9fba4-d151-4b00-bee7-447f0f3e752c,p48,100.0,3.1015428418717597,3998167.57980456,89702.57980456026,0.03732115852789589,0.00043755221187778204
e8f9fba4-d151-4b00-bee7-447f0f3e752c,p48,100.0,3.5899939285746147,3647362.57980456,89702.57980456026,0.03732115852789589,0.0005014975694783451
e8f9fba4-d151-4b00-bee7-447f0f3e752c,p48,100.0,4.1553694610340255,3297384.57980456,89702.57980456026,0.03732115852789589,0.0005862405652915811
e8f9fba4-d151-4b00-bee7-447f0f3e752c,p48,100.0,4.809783999982975,2960093.57980456,89702.57980456026,0.03732115852789589,0.0006950231956431874
e8f9fba4-d151-4b00-bee7-447f0f3e752c,p48,100.0,5.567259985766836,2640513.57980456,89702.57980456026,0.03732115852789589,0.0008326896906797316
e8f9fba4-d151-4b00-bee7-447f0f3e752c,p48,100.0,6.444028203601297,2335555.57980456,89702.57980456026,0.03732115852789589,0.0010063602502827103
e8f9fba4-d151-4b00-bee7-447f0f3e752c,p48,100.0,7.458875568048258,2051415.5798045602,89702.57980456026,0.03732115852789589,0.00122068117079417
e8f9fba4-d151-4b00-bee7-447f0f3e752c,p48,100.0,8.633547678847101,1789994.5798045602,89702.57980456026,0.03732115852789589,0.001483922816429786
e8f9fba4-d151-4b00-bee7-447f0f3e752c,p48,100.0,9.993214773849669,1553885.5798045602,89702.57980456026,0.03732115852789589,0.001800086748513766
e8f9fba4-d151-4b00-bee7-447f0f3e752c,p48,100.0,11.567011063246117,1340664.5798045602,89702.57980456026,0.03732115852789589,0.002176702992108763
e8f9fba4-d151-4b00-bee7-447f0f3e752c,p48,100.0,13.388659001643386,1150866.5798045602,89702.57980456026,0.03732115852789589,0.0026233981249156138
e8f9fba4-d151-4b00-bee7-447f0f3e752c,p48,100.0,15.497191874560272,987395.5798045603,89702.57980456026,0.03732115852789589,0.003134564088196647
e8f9fba4-d151-4b00-bee7-447f0f3e752c,p48,100.0,17.937790182531224,843851.5798045603,89702.57980456026,0.03732115852789589,0.0037272640147110354
e8f9fba4-d151-4b00-bee7-447f0f3e752c,p48,100.0,20.762749744404477,720484.5798045603,89702.57980456026,0.03732115852789589,0.004414699900890544
e8f9fba4-d151-4b00-bee7-447f0f3e752c,p48,100.0,24.03260226382781,614111.5798045603,89702.57980456026,0.03732115852789589,0.005205994135621137
e8f9fba4-d151-4b00-bee7-447f0f3e752c,p48,100.0,27.81741236981361,525247.5798045603,89702.57980456026,0.03732115852789589,0.00610337197043884
e8f9fba4-d151-4b00-bee7-447f0f3e752c,p48,100.0,32.19827892366621,447246.5798045603,89702.57980456026,0.03732115852789589,0.007135321524706117
e8f9fba4-d151-4b00-bee7-447f0f3e752c,p48,100.0,37.26907276146309,382649.5798045603,89702.57980456026,0.03732115852789589,0.008296983644465565
e8f9fba4-d151-4b00-bee7-447f0f3e752c,p48,100.0,43.13844810749518,326325.5798045603,89702.57980456026,0.03732115852789589,0.009620293000526355
e8f9fba4-d151-4b00-bee7-447f0f3e752c,p48,100.0,49.93217075814364,279663.5798045603,89702.57980456026,0.03732115852789589,0.011108055717553167
e8f9fba4-d151-4b00-bee7-447f0f3e752c,p48,100.0,57.795812923256825,240155.57980456026,89702.57980456026,0.03732115852789589,0.01273669819010265
e8f9fba4-d151-4b00-bee7-447f0f3e752c,p48,100.0,66.89787246862902,207976.57980456026,89702.57980456026,0.03732115852789589,0.01457867908101741
e8f9fba4-d151-4b00-bee7-447f0f3e752c,p48,100.0,77.43338339701937,180464.57980456026,89702.57980456026,0.03732115852789589,0.016588657288399204
e8f9fba4-d151-4b00-bee7-447f0f3e752c,p48,100.0,89.62809493114324,158005.57980456026,89702.57980456026,0.03732115852789589,0.018735207087948597
e8f9fba4-d151-4b00-bee7-447f0f3e752c,p48,100.0,103.74330874576306,139964.57980456026,89702.57980456026,0.03732115852789589,0.021164821582966786
e8f9fba4-d151-4b00-bee7-447f0f3e752c,p48,100.0,120.08147799846844,126139.57980456026,89702.57980456026,0.03732115852789589,0.023607200607337432
e8f9fba4-d151-4b00-bee7-447f0f3e752c,p48,100.0,138.99268813214488,116218.57980456026,89702.57980456026,0.03732115852789589,0.02571709960228299
e8f9fba4-d151-4b00-bee7-447f0f3e752c,p48,100.0,160.88215831625678,110080.57980456026,89702.57980456026,0.03732115852789589,0.027499342659912395
e8f9fba4-d151-4b00-bee7-447f0f3e752c,p48,100.0,186.21892426376562,106321.57980456026,89702.57980456026,0.03732115852789589,0.028759531039164725
e8f9fba4-d151-4b00-bee7-447f0f3e752c,p48,100.0,215.54588847438404,104209.57980456026,89702.57980456026,0.03732115852789589,0.02969249063034252
e8f9fba4-d151-4b00-bee7-447f0f3e752c,p48,100.0,249.49145325533257,102760.57980456026,89702.57980456026,0.03732115852789589,0.03052834852011998
e8f9fba4-d151-4b00-bee7-447f0f3e752c,p48,100.0,288.7829857856707,101842.57980456026,89702.57980456026,0.03732115852789589,0.031168321027347963
e8f9fba4-d151-4b00-bee7-447f0f3e752c,p48,100.0,334.2624037463071,101217.57980456026,89702.57980456026,0.03732115852789589,0.03172116740425153
e8f9fba4-d151-4b00-bee7-447f0f3e752c,p48,100.0,386.9042154761296,100935.57980456026,89702.57980456026,0.03732115852789589,0.032015334626019444
e8f9fba4-d151-4b00-bee7-447f0f3e752c,p48,100.0,447.8364012089508,100805.57980456026,89702.57980456026,0.03732115852789589,0.032161453751215596
e8f9fba4-d151-4b00-bee7-447f0f3e752c,p48,100.0,518.3645828231037,100754.57980456026,89702.57980456026,0.03732115852789589,0.032237648999487986
e8f9fba4-d151-4b00-bee7-447f0f3e752c,p48,100.0,599.9999999999997,100724.57980456026,89702.57980456026,0.03732115852789589,0.032261728324904454
eebcaf65-7fa4-4118-869d-a084e84530e2,p48,100.0,2.0,3483745.8199643493,67482.81996434937,0.12305946166862808,0.0008795997055111968
eebcaf65-7fa4-4118-869d-a084e84530e2,p48,100.0,2.3149729741653853,3238306.8199643493,67482.81996434937,0.12305946166862808,0.0009406982405102392
eebcaf65-7fa4-4118-869d-a084e84530e2,p48,100.0,2.6795499355580645,2978156.8199643493,67482.81996434937,0.12305946166862808,0.001025147019239
eebcaf65-7fa4-4118-869d-a084e84530e2,p48,100.0,3.1015428418717597,2712029.8199643493,67482.81996434937,0.12305946166862808,0.0011396927559275914
eebcaf65-7fa4-4118-869d-a084e84530e2,p48,100.0,3.5899939285746147,2446113.8199643493,67482.81996434937,0.12305946166862808,0.0012894372636368444
eebcaf65-7fa4-4118-869d-a084e84530e2,p48,100.0,4.1553694610340255,2186926.8199643493,67482.81996434937,0.12305946166862808,0.0014824572606841177
eebcaf65-7fa4-4118-869d-a084e84530e2,p48,100.0,4.809783999982975,1940342.8199643493,67482.81996434937,0.12305946166862808,0.0017233591840652444
eebcaf65-7fa4-4118-869d-a084e84530e2,p48,100.0,5.567259985766836,1709344.8199643493,67482.81996434937,0.12305946166862808,0.002023981496338758
eebcaf65-7fa4-4118-869d-a084e84530e2,p48,100.0,6.444028203601297,1495896.8199643493,67482.81996434937,0.12305946166862808,0.0023882327535411792
eebcaf65-7fa4-4118-869d-a084e84530e2,p48,100.0,7.458875568048258,1301449.8199643493,67482.81996434937,0.12305946166862808,0.002826777635936471
eebcaf65-7fa4-4118-869d-a084e84530e2,p48,100.0,8.633547678847101,1129490.8199643493,67482.81996434937,0.12305946166862808,0.003344462067533257
eebcaf65-7fa4-4118-869d-a084e84530e2,p48,100.0,9.993214773849669,977001.8199643494,67482.81996434937,0.12305946166862808,0.003950259170612435
eebcaf65-7fa4-4118-869d-a084e84530e2,p48,100.0,11.567011063246117,843620.8199643494,67482.81996434937,0.12305946166862808,0.004662411507038866
eebcaf65-7fa4-4118-869d-a084e84530e2,p48,100.0,13.388659001643386,728799.8199643494,67482.81996434937,0.12305946166862808,0.00547655334720874
eebcaf65-7fa4-4118-869d-a084e84530e2,p48,100.0,15.497191874560272,627231.8199643494,67482.81996434937,0.12305946166862808,0.006418363102345654
eebcaf65-7fa4-4118-869d-a084e84530e2,p48,100.0,17.937790182531224,541802.8199643494,67482.81996434937,0.12305946166862808,0.007506119328079847
eebcaf65-7fa4-4118-869d-a084e84530e2,p48,100.0,20.762749744404477,466969.8199643494,67482.81996434937,0.12305946166862808,0.008746207760497813
eebcaf65-7fa4-4118-869d-a084e84530e2,p48,100.0,24.03260226382781,402602.8199643494,67482.81996434937,0.12305946166862808,0.01015533605004889
eebcaf65-7fa4-4118-869d-a084e84530e2,p48,100.0,27.81741236981361,349211.8199643494,67482.81996434937,0.12305946166862808,0.01174312585808997
eebcaf65-7fa4-4118-869d-a084e84530e2,p48,100.0,32.19827892366621,303981.8199643494,67482.81996434937,0.12305946166862808,0.013547903816079484
eebcaf65-7fa4-4118-869d-a084e84530e2,p48,100.0,37.26907276146309,265275.8199643494,67482.81996434937,0.12305946166862808,0.015590096927154556
eebcaf65-7fa4-4118-869d-a084e84530e2,p48,100.0,43.13844810749518,233016.8199643494,67482.81996434937,0.12305946166862808,0.017926802708804975
eebcaf65-7fa4-4118-869d-a084e84530e2,p48,100.0,49.93217075814364,204809.8199643494,67482.81996434937,0.12305946166862808,0.020582217649067768
eebcaf65-7fa4-4118-869d-a084e84530e2,p48,100.0,57.795812923256825,180711.8199643494,67482.81996434937,0.12305946166862808,0.023711184224982525
eebcaf65-7fa4-4118-869d-a084e84530e2,p48,100.0,66.89787246862902,160310.8199643494,67482.81996434937,0.12305946166862808,0.02714178708012396
eebcaf65-7fa4-4118-869d-a084e84530e2,p48,100.0,77.43338339701937,142921.8199643494,67482.81996434937,0.12305946166862808,0.031004795180082735
eebcaf65-7fa4-4118-869d-a084e84530e2,p48,100.0,89.62809493114324,129166.81996434937,67482.81996434937,0.12305946166862808,0.03534128908275833
eebcaf65-7fa4-4118-869d-a084e84530e2,p48,100.0,103.74330874576306,116561.81996434937,67482.81996434937,0.12305946166862808,0.040101459275514985
eebcaf65-7fa4-4118-869d-a084e84530e2,p48,100.0,120.08147799846844,107032.81996434937,67482.81996434937,0.12305946166862808,0.04530375418570961
eebcaf65-7fa4-4118-869d-a084e84530e2,p48,100.0,138.99268813214488,98401.81996434937,67482.81996434937,0.12305946166862808,0.05124273441688344
eebcaf65-7fa4-4118-869d-a084e84530e2,p48,100.0,160.88215831625678,91661.81996434937,67482.81996434937,0.12305946166862808,0.05726347478338468
eebcaf65-7fa4-4118-869d-a084e84530e2,p48,100.0,186.21892426376562,87339.81996434937,67482.81996434937,0.12305946166862808,0.0627579161092052
eebcaf65-7fa4-4118-869d-a084e84530e2,p48,100.0,215.54588847438404,83927.81996434937,67482.81996434937,0.12305946166862808,0.06755723472760028
eebcaf65-7fa4-4118-869d-a084e84530e2,p48,100.0,249.49145325533257,81824.81996434937,67482.81996434937,0.12305946166862808,0.07112414973902122
eebcaf65-7fa4-4118-869d-a084e84530e2,p48,100.0,288.7829857856707,80449.81996434937,67482.81996434937,0.12305946166862808,0.07402748470386099
eebcaf65-7fa4-4118-869d-a084e84530e2,p48,100.0,334.2624037463071,79690.81996434937,67482.81996434937,0.12305946166862808,0.07613938344281944
eebcaf65-7fa4-4118-869d-a084e84530e2,p48,100.0,386.9042154761296,79100.81996434937,67482.81996434937,0.12305946166862808,0.07809961890295347
eebcaf65-7fa4-4118-869d-a084e84530e2,p48,100.0,447.8364012089508,78833.81996434937,67482.81996434937,0.12305946166862808,0.07918463347428929
eebcaf65-7fa4-4118-869d-a084e84530e2,p48,100.0,518.3645828231037,78627.81996434937,67482.81996434937,0.12305946166862808,0.0800435973473327
eebcaf65-7fa4-4118-869d-a084e84530e2,p48,100.0,599.9999999999997,78542.81996434937,67482.81996434937,0.12305946166862808,0.08046441391854971
fe380793-8035-414e-b000-09bfe5ece92a,p48,100.0,2.0,4500989.472418671,80782.47241867044,0.18287343951025295,0.000500954831009007
fe380793-8035-414e-b000-09bfe5ece92a,p48,100.0,2.3149729741653853,4234153.472418671,80782.47241867044,0.18287343951025295,0.0005445972766197725
fe380793-8035-414e-b000-09bfe5ece92a,p48,100.0,2.6795499355580645,3956112.4724186705,80782.47241867044,0.18287343951025295,0.0006051733046168293
fe380793-8035-414e-b000-09bfe5ece92a,p48,100.0,3.1015428418717597,3669483.4724186705,80782.47241867044,0.18287343951025295,0.0006875923483774672
fe380793-8035-414e-b000-09bfe5ece92a,p48,100.0,3.5899939285746147,3379602.4724186705,80782.47241867044,0.18287343951025295,0.0007977744675766377
fe380793-8035-414e-b000-09bfe5ece92a,p48,100.0,4.1553694610340255,3091266.4724186705,80782.47241867044,0.18287343951025295,0.0009432126101205484
fe380793-8035-414e-b000-09bfe5ece92a,p48,100.0,4.809783999982975,2810184.4724186705,80782.47241867044,0.18287343951025295,0.0011326767944182272
fe380793-8035-414e-b000-09bfe5ece92a,p48,100.0,5.567259985766836,2540821.4724186705,80782.47241867044,0.18287343951025295,0.0013749351466277938
fe380793-8035-414e-b000-09bfe5ece92a,p48,100.0,6.444028203601297,2284505.4724186705,80782.47241867044,0.18287343951025295,0.0016851486014648103
fe380793-8035-414e-b000-09bfe5ece92a,p48,100.0,7.458875568048258,2040664.4724186705,80782.47241867044,0.18287343951025295,0.002076254381722993
fe380793-8035-414e-b000-09bfe5ece92a,p48,100.0,8.633547678847101,1812129.4724186705,80782.47241867044,0.18287343951025295,0.002565346015848724
fe380793-8035-414e-b000-09bfe5ece92a,p48,100.0,9.993214773849669,1599557.4724186705,80782.47241867044,0.18287343951025295,0.0031769337684733976
fe380793-8035-414e-b000-09bfe5ece92a,p48,100.0,11.567011063246117,1403881.4724186705,80782.47241867044,0.18287343951025295,0.003925231885849089
fe380793-8035-414e-b000-09bfe5ece92a,p48,100.0,13.388659001643386,1226877.4724186705,80782.47241867044,0.18287343951025295,0.004826640778196474
fe380793-8035-414e-b000-09bfe5ece92a,p48,100.0,15.497191874560272,1067271.4724186705,80782.47241867044,0.18287343951025295,0.0058994860638234125
fe380793-8035-414e-b000-09bfe5ece92a,p48,100.0,17.937790182531224,927060.4724186704,80782.47241867044,0.18287343951025295,0.007156002744230486
fe380793-8035-414e-b000-09bfe5ece92a,p48,100.0,20.762749744404477,806507.4724186704,80782.47241867044,0.18287343951025295,0.008599459772733041
fe380793-8035-414e-b000-09bfe5ece92a,p48,100.0,24.03260226382781,703614.4724186704,80782.47241867044,0.18287343951025295,0.010247338788902893
fe380793-8035-414e-b000-09bfe5ece92a,p48,100.0,27.81741236981361,615742.4724186704,80782.47241867044,0.18287343951025295,0.012134330635869075
fe380793-8035-414e-b000-09bfe5ece92a,p48,100.0,32.19827892366621,539021.4724186704,80782.47241867044,0.18287343951025295,0.014313964488557936
fe380793-8035-414e-b000-09bfe5ece92a,p48,100.0,37.26907276146309,472680.4724186704,80782.47241867044,0.18287343951025295,0.016853111512622723
fe380793-8035-414e-b000-09bfe5ece92a,p48,100.0,43.13844810749518,417153.4724186704,80782.47241867044,0.18287343951025295,0.0198218948447981
fe380793-8035-414e-b000-09bfe5ece92a,p48,100.0,49.93217075814364,367724.4724186704,80782.47241867044,0.18287343951025295,0.023392615899405552
fe380793-8035-414e-b000-09bfe5ece92a,p48,100.0,57.795812923256825,323402.4724186704,80782.47241867044,0.18287343951025295,0.02758600087103138
fe380793-8035-414e-b000-09bfe5ece92a,p48,100.0,66.89787246862902,283271.4724186704,80782.47241867044,0.18287343951025295,0.03256682370380385
fe380793-8035-414e-b000-09bfe5ece92a,p48,100.0,77.43338339701937,248189.47241867043,80782.47241867044,0.18287343951025295,0.03855896866735407
fe380793-8035-414e-b000-09bfe5ece92a,p48,100.0,89.62809493114324,215698.47241867043,80782.47241867044,0.18287343951025295,0.04568721615666701
fe380793-8035-414e-b000-09bfe5ece92a,p48,100.0,103.74330874576306,188230.47241867043,80782.47241867044,0.18287343951025295,0.05392240237915372
fe380793-8035-414e-b000-09bfe5ece92a,p48,100.0,120.08147799846844,164497.47241867043,80782.47241867044,0.18287343951025295,0.0631747398361932
fe380793-8035-414e-b000-09bfe5ece92a,p48,100.0,138.99268813214488,144126.47241867043,80782.47241867044,0.18287343951025295,0.0733873176807156
fe380793-8035-414e-b000-09bfe5ece92a,p48,100.0,160.88215831625678,127793.47241867044,80782.47241867044,0.18287343951025295,0.08466454662593302
fe380793-8035-414e-b000-09bfe5ece92a,p48,100.0,186.21892426376562,115821.47241867044,80782.47241867044,0.18287343951025295,0.09602174322032231
fe380793-8035-414e-b000-09bfe5ece92a,p48,100.0,215.54588847438404,106270.47241867044,80782.47241867044,0.18287343951025295,0.10747762215183755
fe380793-8035-414e-b000-09bfe5ece92a,p48,100.0,249.49145325533257,100195.47241867044,80782.47241867044,0.18287343951025295,0.11767310513313908
fe380793-8035-414e-b000-09bfe5ece92a,p48,100.0,288.7829857856707,97622.47241867044,80782.47241867044,0.18287343951025295,0.12307529857169774
fe380793-8035-414e-b000-09bfe5ece92a,p48,100.0,334.2624037463071,95877.47241867044,80782.47241867044,0.18287343951025295,0.12800720318949801
fe380793-8035-414e-b000-09bfe5ece92a,p48,100.0,386.9042154761296,94521.47241867044,80782.47241867044,0.18287343951025295,0.13283793468649613
fe380793-8035-414e-b000-09bfe5ece92a,p48,100.0,447.8364012089508,93493.47241867044,80782.47241867044,0.18287343951025295,0.13773858332739786
fe380793-8035-414e-b000-09bfe5ece92a,p48,100.0,518.3645828231037,92885.47241867044,80782.47241867044,0.18287343951025295,0.14139358503709462
fe380793-8035-414e-b000-09bfe5ece92a,p48,100.0,599.9999999999997,92460.47241867044,80782.47241867044,0.18287343951025295,0.14500137663797785
