pid,tier,alpha,cr,cr_realized,file_bytes,r2_wheel,balanced_accuracy_choice,null_choice,balanced_accuracy_feedback,null_feedback,epsilon
1a276285-8b0e-4cc9-9f0a-a3a002978724,uncompressed,,1.0,1.0,1908991616,0.1344642918216628,0.5055555555555555,0.500521845304454,0.5679983154715228,0.4998385281385282,
1a276285-8b0e-4cc9-9f0a-a3a002978724,alpha28 (default),28.0,100.34689999447252,87.04485989865363,21931124,0.1330720232428504,0.5016812865497077,0.5011111111111112,0.539550114722198,0.5004675565175566,
1a276285-8b0e-4cc9-9f0a-a3a002978724,alpha40,40.0,114.39515478780363,83.57799886422735,22840839,0.1314286716154963,0.4989035087719298,0.5000641025641026,0.5171139380209695,0.5004850168350169,
1a276285-8b0e-4cc9-9f0a-a3a002978724,alpha55,55.0,125.98962291532288,89.53093677957823,21322145,0.1277219673818781,0.5005847953216375,0.5002018633540373,0.5042403647875461,0.4987024771524772,
1a276285-8b0e-4cc9-9f0a-a3a002978724,alpha70,70.0,134.30117298758836,93.5525227438012,20405560,0.1242697832988218,0.4978070175438596,0.5001365663322185,0.501619180389765,0.5014034391534392,
1a276285-8b0e-4cc9-9f0a-a3a002978724,"aggressive (eps450, alpha96, shipped)",96.0,231.04420629201684,188.1186735456584,10147805,0.114719359542999,0.5027777777777778,0.5000641025641026,0.500617176381749,0.4995079365079365,
1e104bf4-7a24-4624-a5b2-c2c8289c0de7,uncompressed,,1.0,1.0,2022833792,0.0541074653231749,0.5410695857290284,0.4948131515264335,0.5622488990770345,0.5004306047487866,
1e104bf4-7a24-4624-a5b2-c2c8289c0de7,alpha28 (default),28.0,103.806332940776,88.21887684958679,22929716,0.0400003201852671,0.5325667108948843,0.498493065897245,0.5423478313325693,0.5010317460317459,
1e104bf4-7a24-4624-a5b2-c2c8289c0de7,alpha40,40.0,122.56098262523372,86.55684406386922,23370004,0.0397280004701192,0.5707098628925255,0.5006451507818317,0.5597695602340592,0.4978967160785343,
1e104bf4-7a24-4624-a5b2-c2c8289c0de7,alpha55,55.0,136.8287817420952,93.18099922468696,21708651,0.036559102160475,0.5445599292348517,0.500647989575577,0.5141159437775231,0.5011430320521231,
1e104bf4-7a24-4624-a5b2-c2c8289c0de7,alpha70,70.0,145.19248183674551,99.98639183620894,20231091,0.0349981602379432,0.5575151113076809,0.4987903946388681,0.509639862460035,0.5000237220691766,
1e104bf4-7a24-4624-a5b2-c2c8289c0de7,"aggressive (eps450, alpha96, shipped)",96.0,259.38061012921645,209.07739083051575,9675048,0.0295562007507035,0.5354562877782691,0.4983752326880119,0.5084695662665139,0.49954501727229,
6638cfb3-3831-4fc2-9327-194b76cf22e1,uncompressed,,1.0,1.0,1649665664,0.0238936222788037,0.6010741249649099,0.501604685846763,0.5117647058823529,0.5005347593582887,
6638cfb3-3831-4fc2-9327-194b76cf22e1,alpha28 (default),28.0,134.49565386434065,113.2936343406698,14560974,0.0428917447445794,0.5745164960182025,0.5023601474596275,0.5142610543088567,0.4991892236976505,
6638cfb3-3831-4fc2-9327-194b76cf22e1,alpha40,40.0,154.57483256553542,100.94126701579845,16342827,0.038647450282768,0.5800127062925697,0.4980361834048717,0.5095073695392378,0.4989639037433155,
6638cfb3-3831-4fc2-9327-194b76cf22e1,alpha55,55.0,169.22179438706843,110.83210082094858,14884367,0.025504307776616,0.5697737984427405,0.5041727833342614,0.5047536847696189,0.5009054857898216,
6638cfb3-3831-4fc2-9327-194b76cf22e1,alpha70,70.0,177.18465327776255,114.99651936065986,14345353,0.020188020216301,0.5723519938537004,0.4953965592933789,0.5047536847696189,0.4995042961004627,
6638cfb3-3831-4fc2-9327-194b76cf22e1,"aggressive (eps450, alpha96, shipped)",96.0,430.24106747159215,306.7186416564081,5378433,0.0064613181118323,0.5998256578461356,0.4949070159294675,0.5117647058823529,0.4998545935228023,
749cb2b7-e57e-4453-a794-f6230e4d0226,uncompressed,,1.0,1.0,2159454848,0.0539637971497219,0.5,0.5,0.597416284208737,0.503810945496992,
749cb2b7-e57e-4453-a794-f6230e4d0226,alpha28 (default),28.0,103.00835525740854,86.84837015239624,24864656,0.0634690981754524,0.4990421455938697,0.500539638932496,0.6062935577086521,0.5007262578192812,
749cb2b7-e57e-4453-a794-f6230e4d0226,alpha40,40.0,118.59161887316468,83.82806049177957,25760525,0.0689752634475316,0.4993259543067972,0.5003980900052327,0.5757649158592555,0.4995777588219448,
749cb2b7-e57e-4453-a794-f6230e4d0226,alpha55,55.0,131.50944338498957,90.22218593854802,23934854,0.0688529487429692,0.4964523910884064,0.499541797488226,0.5756331803501615,0.5040934123492263,
749cb2b7-e57e-4453-a794-f6230e4d0226,alpha70,70.0,140.24603569041312,94.60170853513188,22826806,0.0722415366399834,0.4990421455938697,0.4999391679748822,0.5825769165391806,0.4990021250486366,
749cb2b7-e57e-4453-a794-f6230e4d0226,"aggressive (eps450, alpha96, shipped)",96.0,254.4789394557996,203.95799633595183,10587743,0.0770703923330087,0.4961685823754789,0.500357142857143,0.6069309875913649,0.5053370147556193,
d7ec0892-0a6c-4f4f-9d8f-72083692af5c,uncompressed,,1.0,1.0,1781959808,0.3148839350542208,0.7801422715215819,0.4967892921960073,0.8635105204872646,0.5014269816641344,
d7ec0892-0a6c-4f4f-9d8f-72083692af5c,alpha28 (default),28.0,83.45078428546363,72.1665752279606,24692315,0.3046869950684654,0.7808656860380998,0.4954197519661222,0.8333926593893372,0.5015176373258479,
d7ec0892-0a6c-4f4f-9d8f-72083692af5c,alpha40,40.0,97.0242737902972,72.66887935209543,24521636,0.2986268819199709,0.7787557270315891,0.5024774047186934,0.8062015503875969,0.4993339481771436,
d7ec0892-0a6c-4f4f-9d8f-72083692af5c,alpha55,55.0,105.9463747073119,78.95640006346784,22568909,0.278807790119697,0.7493368700265253,0.5040007259528131,0.7731767125454834,0.5049367225927738,
d7ec0892-0a6c-4f4f-9d8f-72083692af5c,alpha70,70.0,110.76421174649424,82.8224505029416,21515420,0.2611099492754507,0.746322642874367,0.4975602540834846,0.7882059800664452,0.4915274758998394,
d7ec0892-0a6c-4f4f-9d8f-72083692af5c,"aggressive (eps450, alpha96, shipped)",96.0,230.75111243887915,186.6157278716876,9548819,0.2364356656537027,0.7507234145165179,0.5028036600120993,0.7449770605916786,0.4958276130325426,
da8dfec1-d265-44e8-84ce-6ae9c109b8bd,uncompressed,,1.0,1.0,1649662592,0.0389336826560094,0.5672768642051919,0.5017459792462226,0.5145000663922454,0.4973760740251156,
da8dfec1-d265-44e8-84ce-6ae9c109b8bd,alpha28 (default),28.0,97.29994366609304,85.48290865288328,19298157,0.0307473887394453,0.585508916566937,0.4906954077955612,0.4977426636568848,0.5005551883674818,
da8dfec1-d265-44e8-84ce-6ae9c109b8bd,alpha40,40.0,109.95773030851744,79.9926504206995,20622677,0.036688390066206,0.5510024673847199,0.5011021950258192,0.5,0.5,
da8dfec1-d265-44e8-84ce-6ae9c109b8bd,alpha55,55.0,118.37014346808708,86.62901220311548,19042842,0.0366939336465936,0.5573703884284089,0.5008993718070643,0.4988713318284424,0.4995769993390614,
da8dfec1-d265-44e8-84ce-6ae9c109b8bd,alpha70,70.0,122.9350905503387,89.42380276338122,18447690,0.0342725756302256,0.5184906106407813,0.4998321899273946,0.5047536847696189,0.5009054857898215,
da8dfec1-d265-44e8-84ce-6ae9c109b8bd,"aggressive (eps450, alpha96, shipped)",96.0,293.93842609886724,234.69995895467443,7028815,0.0239074953184197,0.5595348905929111,0.4950632288435659,0.5013676802549463,0.4996160547978128,
dab512bd-a02d-4c1f-8dbc-9155a163efc0,uncompressed,,1.0,1.0,1408886912,0.1574138284330651,0.526062224286046,0.5007991078613236,0.7866497020854022,0.5020638528138528,
dab512bd-a02d-4c1f-8dbc-9155a163efc0,alpha28 (default),28.0,105.66858366339106,92.13622004654005,15291347,0.169041264101914,0.528674251218946,0.5021755118203609,0.6362648957298908,0.5040581044638422,
dab512bd-a02d-4c1f-8dbc-9155a163efc0,alpha40,40.0,119.59181442753436,85.94870042942416,16392184,0.1726165019202886,0.511725098676573,0.4948686832431241,0.5993979642502483,0.4979568518912781,
dab512bd-a02d-4c1f-8dbc-9155a163efc0,alpha55,55.0,131.1025316869372,91.5135042618902,15395399,0.1743943665612736,0.5294868818202926,0.5007988113993851,0.5746027805362462,0.5037633241075865,
dab512bd-a02d-4c1f-8dbc-9155a163efc0,alpha70,70.0,138.76062605154067,97.99001492711504,14377862,0.1725671935448458,0.4956756442999768,0.5022654668428497,0.5798783515392254,0.5016740650060324,
dab512bd-a02d-4c1f-8dbc-9155a163efc0,"aggressive (eps450, alpha96, shipped)",96.0,305.807524165004,237.72226445172947,5926609,0.1654839273041088,0.5066751799396332,0.4972507019795186,0.5836022840119166,0.4995974025974026,
dc7e9403-19f7-409f-9240-05ee57cb7aea,uncompressed,,1.0,1.0,1905543296,0.1103625729743904,0.5651442829247125,0.4988486087205966,0.5616002407073092,0.4989235224706794,
dc7e9403-19f7-409f-9240-05ee57cb7aea,alpha28 (default),28.0,82.28233698919261,71.7789020476995,26547401,0.0852397241386581,0.573098828379258,0.4998427150159077,0.5399018654816461,0.5024476033158046,
dc7e9403-19f7-409f-9240-05ee57cb7aea,alpha40,40.0,95.24539831724572,72.14006704576916,26414493,0.067930214055391,0.5798031026252983,0.5020807580973242,0.5,0.5,
dc7e9403-19f7-409f-9240-05ee57cb7aea,alpha55,55.0,105.0440494877694,77.74103737192551,24511421,0.0660546432942779,0.5372450640052072,0.5012324297188755,0.5,0.5,
dc7e9403-19f7-409f-9240-05ee57cb7aea,alpha70,70.0,110.99703596456762,81.39630320956849,23410686,0.0619802700182136,0.5363934692991972,0.5037059602044542,0.5230176364393834,0.5016592696633083,
dc7e9403-19f7-409f-9240-05ee57cb7aea,"aggressive (eps450, alpha96, shipped)",96.0,215.71015575143596,179.69054473900576,10604583,0.0626234298649478,0.5087763072249946,0.5010110898138006,0.5,0.5,
e8f9fba4-d151-4b00-bee7-447f0f3e752c,uncompressed,,1.0,1.0,1930223744,0.1898027341403082,0.5455480837646665,0.4949430256513006,0.7266710327855839,0.503949025717968,
e8f9fba4-d151-4b00-bee7-447f0f3e752c,alpha28 (default),28.0,87.70651562306718,75.90658406208644,25428937,0.1331471194570282,0.5265391966739679,0.4987727482117385,0.5927204890053187,0.5048569648421721,
e8f9fba4-d151-4b00-bee7-447f0f3e752c,alpha40,40.0,99.62552550238613,73.60207703101217,26225126,0.123896154822751,0.5231036455208784,0.4962776352134698,0.617805826784155,0.4984250040875604,
e8f9fba4-d151-4b00-bee7-447f0f3e752c,alpha55,55.0,108.4388040437414,79.10928127097895,24399460,0.1115228675402068,0.5213701745329743,0.5042593463105385,0.6161486861951259,0.5002528174110836,
e8f9fba4-d151-4b00-bee7-447f0f3e752c,alpha70,70.0,113.7550216523107,83.0394698066919,23244654,0.098123271993344,0.5269577409768824,0.498115852123566,0.5092780026990553,0.5014522566939812,
e8f9fba4-d151-4b00-bee7-447f0f3e752c,"aggressive (eps450, alpha96, shipped)",96.0,255.07177640961245,202.88295252342948,9513977,0.0838606388065136,0.5087022336314299,0.5013941954492446,0.5065194093831865,0.4999548324581145,
eebcaf65-7fa4-4118-869d-a084e84530e2,uncompressed,,1.0,1.0,1761964160,0.2656621520070269,0.4990566037735849,0.5003078450844092,0.8304103645432059,0.4979904904904905,
eebcaf65-7fa4-4118-869d-a084e84530e2,alpha28 (default),28.0,125.65185945162406,106.763642180616,16503410,0.2195246850275095,0.5,0.5,0.7690280199505292,0.5043658452030012,
eebcaf65-7fa4-4118-869d-a084e84530e2,alpha40,40.0,139.24159962473135,95.02409627118293,18542288,0.1982271401863395,0.5,0.5,0.7397104740278172,0.5049188408592079,
eebcaf65-7fa4-4118-869d-a084e84530e2,alpha55,55.0,149.13374898396827,100.91804411811958,17459357,0.1875610028088035,0.5,0.5,0.6957138802157252,0.5031272097785859,
eebcaf65-7fa4-4118-869d-a084e84530e2,alpha70,70.0,155.19310812223068,104.9716627343196,16785141,0.1817810192299119,0.4997604848958842,0.4999092888243831,0.672853898868659,0.5013874195296214,
eebcaf65-7fa4-4118-869d-a084e84530e2,"aggressive (eps450, alpha96, shipped)",96.0,419.7772805749999,280.8345578256014,6274029,0.1837085682322291,0.5,0.5,0.6626860224646203,0.5056890032234068,
fe380793-8035-414e-b000-09bfe5ece92a,uncompressed,,1.0,1.0,2223112832,0.1854604717725512,0.5723218980616851,0.5007395227321697,0.5353443314789949,0.4984292608160204,
fe380793-8035-414e-b000-09bfe5ece92a,alpha28 (default),28.0,85.24565973276694,73.83145834305442,30110645,0.1716843432593158,0.5867459338905913,0.5051402445593622,0.5,0.5,
fe380793-8035-414e-b000-09bfe5ece92a,alpha40,40.0,96.6204758286735,72.3419053109768,30730637,0.1652461771879058,0.5634802632771845,0.5007132891618186,0.4993765586034913,0.5000077639751553,
fe380793-8035-414e-b000-09bfe5ece92a,alpha55,55.0,106.0347715891061,77.68333128913889,28617630,0.1585830161362835,0.5737021994161484,0.4979984378366732,0.5,0.5,
fe380793-8035-414e-b000-09bfe5ece92a,alpha70,70.0,112.68919909771842,81.09632700435924,27413237,0.1555423443868793,0.5989170640604885,0.4990398890325361,0.5,0.5,
fe380793-8035-414e-b000-09bfe5ece92a,"aggressive (eps450, alpha96, shipped)",96.0,193.56112233215555,161.9381381089572,13728161,0.1618603310608166,0.5998304654494026,0.5068913757810817,0.5,0.5,
1a276285-8b0e-4cc9-9f0a-a3a002978724,alpha75,75.0,136.6033827622598,94.78710895615002,20139781,0.1200626672040723,0.4989035087719298,0.4998702686202687,0.4979959919839679,0.500587037037037,
1a276285-8b0e-4cc9-9f0a-a3a002978724,alpha80,80.0,138.73029646462476,96.40923835862172,19800920,0.1185867805231987,0.5,0.5,0.4979959919839679,0.4993912698412698,
1a276285-8b0e-4cc9-9f0a-a3a002978724,alpha85,85.0,140.6746197003572,98.68345233555397,19344597,0.1163100760284066,0.5,0.5,0.5114867415991403,0.5003135642135643,
1a276285-8b0e-4cc9-9f0a-a3a002978724,alpha90,90.0,142.4585357589937,100.42092892870862,19009898,0.1173051386707265,0.5,0.5,0.4969939879759519,0.4988550264550265,
1a276285-8b0e-4cc9-9f0a-a3a002978724,alpha96 (eps150),96.0,144.44156712354825,101.43950225665358,18819016,0.1145998737270717,0.5027777777777778,0.5008394383394383,0.500617176381749,0.4990309523809524,
1e104bf4-7a24-4624-a5b2-c2c8289c0de7,alpha75,75.0,147.19369745693115,100.93985531231029,20039991,0.0322906897838179,0.5376934984520124,0.4994699832464631,0.5056463775110093,0.4994123048668503,
1e104bf4-7a24-4624-a5b2-c2c8289c0de7,alpha80,80.0,148.91373469137645,102.18553011798473,19795697,0.0316920217328948,0.5695599292348519,0.5033130584512285,0.5112927550220184,0.500770584634221,
1e104bf4-7a24-4624-a5b2-c2c8289c0de7,alpha85,85.0,150.40459679087766,103.31154191483732,19579940,0.0292465930758135,0.562092731829574,0.5040712956068504,0.5149423900585148,0.4984181096681097,
1e104bf4-7a24-4624-a5b2-c2c8289c0de7,alpha90,90.0,151.70609542058477,103.65906024392986,19514298,0.0282128712990682,0.5721288515406162,0.4961502233804914,0.5181094287265489,0.500274716865626,
1e104bf4-7a24-4624-a5b2-c2c8289c0de7,alpha96 (eps150),96.0,153.06331172823334,103.98435140818614,19453252,0.0294662896080916,0.5369268760135634,0.4993246463142218,0.5084695662665139,0.4993052822598278,
6638cfb3-3831-4fc2-9327-194b76cf22e1,alpha75,75.0,178.93519424526292,116.04790612424496,14215385,0.016998071609989,0.5686878536707889,0.4979365992265318,0.5,0.5,
6638cfb3-3831-4fc2-9327-194b76cf22e1,alpha80,80.0,180.37612850388177,116.48662639037312,14161846,0.0115001656789121,0.584090539721939,0.5004082781004017,0.5,0.5,
6638cfb3-3831-4fc2-9327-194b76cf22e1,alpha85,85.0,181.5914549116683,116.85937239890926,14116674,0.0109856696798558,0.576060458313018,0.4943584824969412,0.5,0.5,
6638cfb3-3831-4fc2-9327-194b76cf22e1,alpha90,90.0,182.5966589610036,117.74765916607198,14010178,0.0120882019928004,0.6010741249649099,0.4954144632516052,0.5,0.5,
6638cfb3-3831-4fc2-9327-194b76cf22e1,alpha96 (eps150),96.0,183.5999738771468,119.0177089512386,13860674,0.0064105773988308,0.5998256578461356,0.5008624393176653,0.5117647058823529,0.5005551883674818,
749cb2b7-e57e-4453-a794-f6230e4d0226,alpha75,75.0,142.563315400494,96.50764394955702,22375998,0.0737441099782101,0.5,0.5,0.5996430392656807,0.5025784172877197,
749cb2b7-e57e-4453-a794-f6230e4d0226,alpha80,80.0,144.63868906500196,98.90350827857306,21833956,0.0752360270575078,0.5,0.5,0.5591237463878973,0.4987013259106282,
749cb2b7-e57e-4453-a794-f6230e4d0226,alpha85,85.0,146.49989203985243,99.9675462312697,21601559,0.0752266073991223,0.5,0.5,0.5990863505014448,0.4999526353596122,
749cb2b7-e57e-4453-a794-f6230e4d0226,alpha90,90.0,148.1908470472583,100.73776611163872,21436398,0.0761082046822302,0.4972683411380729,0.4999352433281005,0.6007564167941526,0.5043938373589537,
749cb2b7-e57e-4453-a794-f6230e4d0226,alpha96 (eps150),96.0,149.99664363032088,101.63318927898275,21247536,0.0770502462829858,0.4961685823754789,0.4999067896389324,0.6069309875913649,0.5007977911466284,
d7ec0892-0a6c-4f4f-9d8f-72083692af5c,alpha75,75.0,111.8959591363697,83.66242193150465,21299405,0.2560247487450281,0.7533759344104172,0.5137732002419841,0.7600458788166429,0.5017626617049951,
d7ec0892-0a6c-4f4f-9d8f-72083692af5c,alpha80,80.0,112.84800481286086,84.38925559420564,21115956,0.2511559504029707,0.7393899204244032,0.49976333938294,0.768311975953172,0.5071579011185221,
d7ec0892-0a6c-4f4f-9d8f-72083692af5c,alpha85,85.0,113.66870350299116,85.02915406251215,20957045,0.2447121367103528,0.73932963588136,0.4894668481548699,0.7580881189685176,0.5026007152790296,
d7ec0892-0a6c-4f4f-9d8f-72083692af5c,alpha90,90.0,114.37166761428172,85.55939910403556,20827166,0.2407627774668577,0.7230528092597057,0.4958885662431943,0.7488530295839266,0.5013293438232339,
d7ec0892-0a6c-4f4f-9d8f-72083692af5c,alpha96 (eps150),96.0,115.09340058279614,86.10051713175604,20696273,0.2377698109660979,0.7484928864239209,0.4976667271627344,0.7430390760955545,0.4938276355660856,
da8dfec1-d265-44e8-84ce-6ae9c109b8bd,alpha75,75.0,123.98826978923472,90.03844947839882,18321757,0.0347359498643283,0.5408004964318958,0.5043724653180082,0.5058823529411764,0.4988764044943819,
da8dfec1-d265-44e8-84ce-6ae9c109b8bd,alpha80,80.0,124.87343432707124,90.84782498315116,18158526,0.0328141033626955,0.5297711389861561,0.4950255069904644,0.5,0.5,
da8dfec1-d265-44e8-84ce-6ae9c109b8bd,alpha85,85.0,125.63707567043006,91.18723878149596,18090937,0.0312965581805679,0.5567867854557275,0.5034027671523056,0.5,0.5,
da8dfec1-d265-44e8-84ce-6ae9c109b8bd,alpha90,90.0,126.28777941391438,91.59161837459362,18011065,0.0282313617149922,0.5441322045417608,0.5089848066410357,0.5,0.5,
da8dfec1-d265-44e8-84ce-6ae9c109b8bd,alpha96 (eps150),96.0,126.96028615498209,92.49612667541244,17834937,0.02397250672778,0.5612413752345493,0.4917410822176362,0.5013676802549463,0.4999650754070779,
dab512bd-a02d-4c1f-8dbc-9155a163efc0,alpha75,75.0,140.73932425977733,99.07315997443722,14220672,0.1724022927745889,0.4948630136986301,0.499622630422077,0.5827333664349553,0.5081355475125966,
dab512bd-a02d-4c1f-8dbc-9155a163efc0,alpha80,80.0,142.48620321260722,99.92563574189286,14099354,0.1693110084864134,0.4973879730671,0.4995487108140843,0.5876675769612711,0.5041286104605776,
dab512bd-a02d-4c1f-8dbc-9155a163efc0,alpha85,85.0,144.03652905295323,100.7237328738037,13987636,0.1680078723956811,0.4991003018342233,0.4996657338703529,0.5508006454816287,0.4983396494216167,
dab512bd-a02d-4c1f-8dbc-9155a163efc0,alpha90,90.0,145.42103936030207,101.7895601767278,13841173,0.1689233409708241,0.4965753424657534,0.4986135057471266,0.5951154419066534,0.4899581470442126,
dab512bd-a02d-4c1f-8dbc-9155a163efc0,alpha96 (eps150),96.0,146.89164352693538,102.95468680190352,13684534,0.1653351192569015,0.5066751799396332,0.496692008868447,0.5836022840119166,0.497328596267121,
dc7e9403-19f7-409f-9240-05ee57cb7aea,alpha75,75.0,112.47735502191254,83.81227058534118,22735851,0.0631521430620267,0.5100835322195705,0.5049851027486569,0.4993403693931398,0.4998624401913875,
dc7e9403-19f7-409f-9240-05ee57cb7aea,alpha80,80.0,113.76740871384088,84.49650124589046,22551742,0.0619797168906954,0.5187188110219136,0.4956301830699421,0.5030667036985603,0.5002986530060328,
dc7e9403-19f7-409f-9240-05ee57cb7aea,alpha85,85.0,114.9257799117189,85.11673730905004,22387410,0.0622724822631953,0.4932631807333478,0.4998652075835811,0.5043859649122807,0.4995923913043478,
dc7e9403-19f7-409f-9240-05ee57cb7aea,alpha90,90.0,115.94579142684027,85.71578730174767,22230949,0.0624216612246841,0.5267872640486007,0.5053108212069056,0.4993403693931398,0.4998624401913875,
dc7e9403-19f7-409f-9240-05ee57cb7aea,alpha96 (eps150),96.0,117.02628533004784,86.72262007681115,21972852,0.0624403871034225,0.5075829898025602,0.5000540147603402,0.5,0.5,
e8f9fba4-d151-4b00-bee7-447f0f3e752c,alpha75,75.0,115.0623369387476,84.23388751060983,22915050,0.0945718935726072,0.5325522831591724,0.4994354988552043,0.5114908311502739,0.498973553484525,
e8f9fba4-d151-4b00-bee7-447f0f3e752c,alpha80,80.0,116.19558442771736,84.9760159444073,22714924,0.092878985490068,0.5264589756825759,0.5038131414323561,0.5113816781773438,0.4994093445236309,
e8f9fba4-d151-4b00-bee7-447f0f3e752c,alpha85,85.0,117.19950555138225,85.70874801049983,22520732,0.0880645345863873,0.5191379382507638,0.503130787126229,0.5106076843692943,0.5018844879489103,
e8f9fba4-d151-4b00-bee7-447f0f3e752c,alpha90,90.0,118.07020746317544,86.33907175591258,22356318,0.087144248032654,0.5163685701131465,0.4993261695838835,0.5009922997539097,0.5004144575807412,
e8f9fba4-d151-4b00-bee7-447f0f3e752c,alpha96 (eps150),96.0,118.98772260363889,87.04123174769808,22175970,0.0838594542816086,0.5102996777208868,0.4988191586736467,0.5065194093831865,0.5003599728057014,
eebcaf65-7fa4-4118-869d-a084e84530e2,alpha75,75.0,156.7122119595856,105.94022024109046,16631683,0.1840236085795428,0.5016472773487144,0.5003930817610063,0.6829204006325778,0.4953056267276451,
eebcaf65-7fa4-4118-869d-a084e84530e2,alpha80,80.0,158.0441623295816,106.82720094126256,16493591,0.184523338224683,0.5004643660181836,0.5009542179105239,0.6746989173188436,0.5019728673627756,
eebcaf65-7fa4-4118-869d-a084e84530e2,alpha85,85.0,159.2111887771801,107.60287551022329,16374694,0.1854675586889175,0.5065891093948578,0.5012384462607898,0.661864887879648,0.4951757721023777,
eebcaf65-7fa4-4118-869d-a084e84530e2,alpha90,90.0,160.24216409984342,108.33147202716286,16264564,0.1825652543350062,0.4981132075471698,0.5005684567005322,0.6563501074571185,0.4977029322900883,
eebcaf65-7fa4-4118-869d-a084e84530e2,alpha96 (eps150),96.0,161.3380908014151,108.97308712006536,16168801,0.184217750316969,0.5,0.5,0.6416710595677385,0.4969405070207821,
fe380793-8035-414e-b000-09bfe5ece92a,alpha75,75.0,114.49774134096428,82.02376229177888,27103278,0.1565886877793521,0.5996378125509964,0.497580693815988,0.5,0.5,
fe380793-8035-414e-b000-09bfe5ece92a,alpha80,80.0,116.1442265305875,82.96609415378842,26795438,0.1580636941405848,0.6096059001650016,0.497049531351002,0.5,0.5,
fe380793-8035-414e-b000-09bfe5ece92a,alpha85,85.0,117.64298348083268,84.23268851298354,26392519,0.1580438945228288,0.5918115718663306,0.4987867377720319,0.5,0.5,
fe380793-8035-414e-b000-09bfe5ece92a,alpha90,90.0,119.01019586521404,86.04194964955263,25837546,0.1591011842626859,0.5943795216768508,0.5052889463477699,0.5,0.5,
fe380793-8035-414e-b000-09bfe5ece92a,alpha96 (eps150),96.0,120.50544772591924,87.34607193257776,25451778,0.1618913350296896,0.5988762669761201,0.4995133322559792,0.5,0.5,
1a276285-8b0e-4cc9-9f0a-a3a002978724,eps225 (alpha28),,111.70845598184847,79.96822101721531,23871878,0.1329834670374242,0.5016812865497077,0.5007246376811594,0.540552118730214,0.5009976911976913,225.0
1a276285-8b0e-4cc9-9f0a-a3a002978724,eps300 (alpha28),,119.67009944771574,83.83411294862866,22771060,0.1328001720187488,0.5016812865497077,0.5005314009661835,0.5546600447271354,0.5043429052429054,300.0
1a276285-8b0e-4cc9-9f0a-a3a002978724,eps375 (alpha28),,126.32468394743196,86.72597931960195,22011762,0.132529841684435,0.5016812865497077,0.4995652173913044,0.5429409543725131,0.5070238816738817,375.0
1a276285-8b0e-4cc9-9f0a-a3a002978724,eps450 (alpha28),,137.0127381929018,91.4497734703952,20874755,0.1313049062168116,0.5027777777777778,0.49987922705314,0.573545642008655,0.4980656325156325,450.0
1e104bf4-7a24-4624-a5b2-c2c8289c0de7,eps225 (alpha28),,117.38720210573072,81.97311652505927,24676795,0.0397600837882347,0.530546955624355,0.4973279039463887,0.5415213850515775,0.4991256723074903,225.0
1e104bf4-7a24-4624-a5b2-c2c8289c0de7,eps300 (alpha28),,125.15918366536704,85.78435552398892,23580451,0.0399288697210529,0.5331674775173227,0.5014025037230081,0.5488206551245702,0.4985325659189296,300.0
1e104bf4-7a24-4624-a5b2-c2c8289c0de7,eps375 (alpha28),,134.09060103837058,89.70220111724115,22550548,0.0400447495803598,0.5316968892820286,0.4998227848101265,0.5459974663690655,0.504150159604705,375.0
1e104bf4-7a24-4624-a5b2-c2c8289c0de7,eps450 (alpha28),,145.9199041681687,94.94282953536286,21305809,0.0378481402725546,0.5182441397611677,0.4951565990320179,0.5386981962960729,0.4989334360925269,450.0
6638cfb3-3831-4fc2-9327-194b76cf22e1,eps225 (alpha28),,159.7816352527269,102.86383337221127,16037373,0.0430070457733562,0.5740584784953385,0.4947552269663942,0.5142610543088567,0.5002420311842816,225.0
6638cfb3-3831-4fc2-9327-194b76cf22e1,eps300 (alpha28),,190.394285423334,114.16370587102382,14450001,0.0432209987426172,0.5827164871533472,0.5083237915841935,0.5165183906519719,0.5017822432854653,300.0
6638cfb3-3831-4fc2-9327-194b76cf22e1,eps375 (alpha28),,215.29931385153645,122.6157124115966,13453950,0.0412905643293606,0.5788455003472068,0.5016064267721891,0.5176470588235295,0.4994111638526707,375.0
6638cfb3-3831-4fc2-9327-194b76cf22e1,eps450 (alpha28),,235.15149539459657,128.63443822299408,12824448,0.0381689309185588,0.5847554038680318,0.5005397936624907,0.5072500331961227,0.501995433515592,450.0
749cb2b7-e57e-4453-a794-f6230e4d0226,eps225 (alpha28),,119.41503787312826,82.60499911655367,26141939,0.0634836517226211,0.4990421455938697,0.4997890502354788,0.6097654258031616,0.4974297387088084,225.0
749cb2b7-e57e-4453-a794-f6230e4d0226,eps300 (alpha28),,128.68866985821484,86.88738877316626,24853490,0.0631182546811197,0.4990421455938697,0.4997890502354787,0.5912417134115248,0.5039927718416091,300.0
749cb2b7-e57e-4453-a794-f6230e4d0226,eps375 (alpha28),,139.48602780204342,91.80338471001043,23522606,0.0634804550531965,0.4990421455938697,0.5003895211930925,0.5910292367839538,0.4989288707311963,375.0
749cb2b7-e57e-4453-a794-f6230e4d0226,eps450 (alpha28),,144.8718372191799,94.25683221369997,22910327,0.0659376935260989,0.4990421455938697,0.4999391679748821,0.5924868264490906,0.5079156565203077,450.0
d7ec0892-0a6c-4f4f-9d8f-72083692af5c,eps225 (alpha28),,97.50902609663684,70.89761540717116,25134270,0.3046549454075358,0.7786954424885459,0.5053874470659406,0.8173548489163107,0.4968958274316912,225.0
d7ec0892-0a6c-4f4f-9d8f-72083692af5c,eps300 (alpha28),,110.5714006671693,77.22552037718454,23074753,0.3040262905326365,0.7821919459850495,0.4974211433756806,0.811046511627907,0.5007154281802341,300.0
d7ec0892-0a6c-4f4f-9d8f-72083692af5c,eps375 (alpha28),,122.62648385732209,82.02869586852833,21723615,0.3050118394790049,0.7659754039064384,0.498197005444646,0.8173548489163107,0.5017525452173092,375.0
d7ec0892-0a6c-4f4f-9d8f-72083692af5c,eps450 (alpha28),,133.97392902261316,86.29729789414347,20649080,0.3056241460651014,0.7765251989389921,0.49184555353902,0.8188182249644044,0.4960610637549036,450.0
da8dfec1-d265-44e8-84ce-6ae9c109b8bd,eps225 (alpha28),,117.32065961783742,84.29406967527575,19570328,0.0306834218475722,0.5859669340898009,0.4937093484451427,0.4977426636568848,0.5009054857898215,225.0
da8dfec1-d265-44e8-84ce-6ae9c109b8bd,eps300 (alpha28),,131.760985553631,91.2067849611822,18087060,0.0310264466133379,0.5842604494481628,0.4985342435165396,0.4977426636568848,0.5002048909451421,300.0
da8dfec1-d265-44e8-84ce-6ae9c109b8bd,eps375 (alpha28),,149.7758958805191,99.12871425633872,16641622,0.0301223585188301,0.5515860703574014,0.5011052767882196,0.5,0.5,375.0
da8dfec1-d265-44e8-84ce-6ae9c109b8bd,eps450 (alpha28),,174.8036905445119,109.09049134818127,15121965,0.0307601788475886,0.5437997724687145,0.5039187460903518,0.5,0.5,450.0
dab512bd-a02d-4c1f-8dbc-9155a163efc0,eps225 (alpha28),,130.4203240087375,89.56012608077522,15731185,0.171069875278312,0.5126247968423496,0.5000038328293482,0.6008254716981132,0.4963768895039387,225.0
dab512bd-a02d-4c1f-8dbc-9155a163efc0,eps300 (alpha28),,155.28717204198466,100.46022977932984,14024325,0.1722752190042026,0.5253366612491294,0.4987825843434216,0.5684582919563058,0.4995226385636222,300.0
dab512bd-a02d-4c1f-8dbc-9155a163efc0,eps375 (alpha28),,167.189119687,105.39487102454954,13367699,0.1696513235460689,0.5252495936846993,0.5000643587104752,0.5731752730883813,0.4968852813852814,375.0
dab512bd-a02d-4c1f-8dbc-9155a163efc0,eps450 (alpha28),,171.03125477156496,107.04799417441971,13161264,0.169717476082912,0.5083875087067564,0.4990496436103982,0.5913915094339622,0.4967004116102477,450.0
dc7e9403-19f7-409f-9240-05ee57cb7aea,eps225 (alpha28),,95.55139440545364,70.67391961299685,26962468,0.0853039718131458,0.573098828379258,0.4991367743702081,0.5399018654816461,0.4996933676330187,225.0
dc7e9403-19f7-409f-9240-05ee57cb7aea,eps300 (alpha28),,106.2763082765062,76.25511632992924,24989055,0.0855869391476038,0.575428509438056,0.4980803734418191,0.5372633430542054,0.4980513870156242,300.0
dc7e9403-19f7-409f-9240-05ee57cb7aea,eps375 (alpha28),,113.52673191517692,79.70888058479682,23906286,0.0870574919209198,0.5823605988283793,0.5043173342721535,0.5116071841873814,0.5011758471365572,375.0
dc7e9403-19f7-409f-9240-05ee57cb7aea,eps450 (alpha28),,122.29382023791048,83.83005730449399,22731027,0.090684341083264,0.5905999132132784,0.5024278607938247,0.4980211081794195,0.5003678229665072,450.0
e8f9fba4-d151-4b00-bee7-447f0f3e752c,eps225 (alpha28),,102.88229748720674,74.77375692676279,25814187,0.1332797711671596,0.524941752584511,0.4959674358289366,0.5936036357862984,0.5037359321801604,225.0
e8f9fba4-d151-4b00-bee7-447f0f3e752c,eps300 (alpha28),,118.43120953564656,81.88945627885685,23571090,0.1339547891089751,0.5254474936171993,0.5002329042704219,0.6007878860046043,0.5046112435560814,300.0
e8f9fba4-d151-4b00-bee7-447f0f3e752c,eps375 (alpha28),,133.90253428720484,88.95188274791116,21699639,0.1343967173675072,0.5195634582920603,0.5000931634206529,0.5934944828133683,0.4985009227066382,375.0
e8f9fba4-d151-4b00-bee7-447f0f3e752c,eps450 (alpha28),,147.2930596513211,94.67420467191,20388064,0.1341223663597438,0.5236093865535667,0.4974743833772587,0.6006787330316742,0.5008168063650529,450.0
eebcaf65-7fa4-4118-869d-a084e84530e2,eps225 (alpha28),,157.033434678005,100.19309797674065,17585684,0.2035660327966815,0.5,0.5,0.7634726896719517,0.5027000280096611,225.0
eebcaf65-7fa4-4118-869d-a084e84530e2,eps300 (alpha28),,183.31634069005167,109.38085020198932,16108525,0.1888335053865493,0.5068286244989735,0.5001420186896849,0.7708527634726896,0.5004186755562903,300.0
eebcaf65-7fa4-4118-869d-a084e84530e2,eps375 (alpha28),,216.30481030079085,118.66466535513278,14848263,0.1818353721485935,0.5,0.5,0.7296034224078505,0.4991024855130359,375.0
eebcaf65-7fa4-4118-869d-a084e84530e2,eps450 (alpha28),,250.9257896109131,127.31841726548004,13839036,0.168416258208963,0.5,0.5,0.7140626900774503,0.4995723131388269,450.0
fe380793-8035-414e-b000-09bfe5ece92a,eps225 (alpha28),,97.76123633100076,71.99246212734539,30879800,0.171834646338399,0.5915169262570035,0.4944704266321914,0.5,0.5,225.0
fe380793-8035-414e-b000-09bfe5ece92a,eps300 (alpha28),,105.63103846261164,76.16800802467868,29186963,0.1716863755922933,0.5798534931370238,0.4935972312001722,0.5,0.5,300.0
fe380793-8035-414e-b000-09bfe5ece92a,eps375 (alpha28),,111.64752007872912,79.14527554633013,28089015,0.1720754501418371,0.5855582854345343,0.4951450118508941,0.4993765586034913,0.5003933189655173,375.0
fe380793-8035-414e-b000-09bfe5ece92a,eps450 (alpha28),,117.45973803941008,81.88406563549547,27149517,0.1724495536892221,0.5610029736541495,0.502029708037061,0.5051226828034808,0.5001336206896552,450.0
1a276285-8b0e-4cc9-9f0a-a3a002978724,eps250/alpha50,50.0,144.42003469709542,98.15022850491557,19449691,0.13064970276795052,0.5,0.5,0.5048575411692952,0.5000390331890333,250.0
1a276285-8b0e-4cc9-9f0a-a3a002978724,eps350/alpha75,75.0,183.0063783464009,113.94299625914368,16753918,0.11999975101656368,0.49890350877192985,0.4998702686202687,0.49799599198396793,0.5005870370370371,350.0
1e104bf4-7a24-4624-a5b2-c2c8289c0de7,eps250/alpha50,50.0,164.13871257953593,105.40606042415591,19190868,0.03522264630748617,0.5468487394957984,0.49862113737900216,0.5245822525185498,0.49988188158642705,250.0
1e104bf4-7a24-4624-a5b2-c2c8289c0de7,eps350/alpha75,75.0,207.22394020156943,126.07412808027425,16044797,0.03232040570228112,0.5412354415450391,0.5023382352941177,0.5056463775110093,0.5005448423630242,350.0
6638cfb3-3831-4fc2-9327-194b76cf22e1,eps250/alpha50,50.0,221.66669242853987,130.1141919544896,12678599,0.03222554982192205,0.5547478687410428,0.49757706703806404,0.5,0.5,250.0
6638cfb3-3831-4fc2-9327-194b76cf22e1,eps350/alpha75,75.0,336.00979857998743,164.222343583349,10045318,0.01667485926516854,0.5686878536707889,0.5008488160355451,0.5,0.5,350.0
749cb2b7-e57e-4453-a794-f6230e4d0226,eps250/alpha50,50.0,159.60064524032097,103.3803099070903,20888454,0.06958604142155755,0.49851000425713066,0.5015333267922554,0.6323176950535441,0.5029639938942264,250.0
749cb2b7-e57e-4453-a794-f6230e4d0226,eps350/alpha75,75.0,214.02012368010435,125.56377528829975,17198072,0.0737426442160658,0.5,0.5,0.5996430392656807,0.5004479812037953,350.0
d7ec0892-0a6c-4f4f-9d8f-72083692af5c,eps250/alpha50,50.0,132.9021899519051,93.01484554593951,19157800,0.28669138654398285,0.7686279238003376,0.5005633393829401,0.7702499604492961,0.49434637703553,250.0
d7ec0892-0a6c-4f4f-9d8f-72083692af5c,eps350/alpha75,75.0,182.65225407801185,117.18928047710135,15205826,0.25630222669267,0.7577767060525682,0.5009408650937689,0.7600458788166429,0.5063358163151433,350.0
da8dfec1-d265-44e8-84ce-6ae9c109b8bd,eps250/alpha50,50.0,151.56036389255087,102.79083680878963,16048732,0.03758514682871239,0.5402242808386153,0.49995359649782023,0.5,0.5,250.0
da8dfec1-d265-44e8-84ce-6ae9c109b8bd,eps350/alpha75,75.0,208.2389957234749,128.31171969059818,12856679,0.03478107840350486,0.5408004964318958,0.501857726924493,0.5058823529411764,0.5002775941837408,350.0
dab512bd-a02d-4c1f-8dbc-9155a163efc0,eps250/alpha50,50.0,182.18823397872671,112.05689033792437,12572961,0.17495589747787466,0.5328244717901092,0.5009593931847636,0.5936879344587885,0.4977283727201761,250.0
dab512bd-a02d-4c1f-8dbc-9155a163efc0,eps350/alpha75,75.0,263.1609041062175,144.25871913777763,9766390,0.17253532430080176,0.4948630136986301,0.4992977028434934,0.5829505958291956,0.502876250798382,350.0
dc7e9403-19f7-409f-9240-05ee57cb7aea,eps250/alpha50,50.0,130.47992577636498,91.56355310409249,20811155,0.06594408500932947,0.5327565632458234,0.49548929484170445,0.49868073878627966,0.5009300316729053,250.0
dc7e9403-19f7-409f-9240-05ee57cb7aea,eps350/alpha75,75.0,172.9414791136026,113.9447230859321,16723401,0.06320039380254894,0.5100835322195705,0.49823153001616854,0.49934036939313986,0.49986244019138754,350.0
e8f9fba4-d151-4b00-bee7-447f0f3e752c,eps250/alpha50,50.0,138.16343615735207,93.85645274138723,20565701,0.11531558453333657,0.5379619682743418,0.50294528227733,0.5969179169643566,0.49677000860792114,250.0
e8f9fba4-d151-4b00-bee7-447f0f3e752c,eps350/alpha75,75.0,195.34789947472765,120.7718632425326,15982396,0.0945757662100355,0.52464528370328,0.49818189407600344,0.5114908311502739,0.5007858731509801,350.0
eebcaf65-7fa4-4118-869d-a084e84530e2,eps250/alpha50,50.0,202.69222981585298,120.92601010102743,14570597,0.18313681212954702,0.5,0.5,0.7039759133855075,0.4955164338650577,250.0
eebcaf65-7fa4-4118-869d-a084e84530e2,eps350/alpha75,75.0,295.8580608704852,150.7929207359974,11684661,0.1788712006156028,0.5025906735751295,0.4997581035316885,0.67650338591298,0.5027376803408913,350.0
fe380793-8035-414e-b000-09bfe5ece92a,eps250/alpha50,50.0,127.40251530934658,89.83875557937843,24745588,0.1607153517418619,0.5642418088520607,0.5012810816634345,0.5,0.5,250.0
fe380793-8035-414e-b000-09bfe5ece92a,eps350/alpha75,75.0,162.84056141999275,105.68862782000909,21034551,0.15668686481587024,0.5996378125509964,0.5008931534152122,0.5,0.5,350.0
