pid,m,epsilon,alpha,r2,r2_null,n_bins
1a276285-8b0e-4cc9-9f0a-a3a002978724,inf,100.0,14.0,0.13307816132927153,-0.13346090672026284,99381
1e104bf4-7a24-4624-a5b2-c2c8289c0de7,inf,100.0,14.0,0.04622133119789551,-0.24474152491944018,105141
6638cfb3-3831-4fc2-9327-194b76cf22e1,inf,100.0,14.0,0.03760749919044093,-0.11330970764128608,85916
749cb2b7-e57e-4453-a794-f6230e4d0226,inf,100.0,14.0,0.054466181055952134,-0.22260836407106172,112453
d7ec0892-0a6c-4f4f-9d8f-72083692af5c,inf,100.0,14.0,0.3083267444644574,-0.373589808645083,92762
da8dfec1-d265-44e8-84ce-6ae9c109b8bd,inf,100.0,14.0,0.036241934013052646,-0.12966522232447159,85916
dab512bd-a02d-4c1f-8dbc-9155a163efc0,inf,100.0,14.0,0.1553542330410529,-0.3894660754960877,73377
dc7e9403-19f7-409f-9240-05ee57cb7aea,inf,100.0,14.0,0.1082694113325835,-0.27918218014997714,99195
e8f9fba4-d151-4b00-bee7-447f0f3e752c,inf,100.0,14.0,0.15905131762954916,-0.17767129154474826,100516
eebcaf65-7fa4-4118-869d-a084e84530e2,inf,100.0,14.0,0.25207306849651767,-0.2730462762550481,91769
fe380793-8035-414e-b000-09bfe5ece92a,inf,100.0,14.0,0.18033251566993658,-0.3335393113983146,115565
1a276285-8b0e-4cc9-9f0a-a3a002978724,inf-f16,100.0,9.1591889176539,0.13454172887093474,-0.14003877888361466,99381
1e104bf4-7a24-4624-a5b2-c2c8289c0de7,inf-f16,100.0,9.1591889176539,0.048078688414684434,-0.2486936077567285,105141
6638cfb3-3831-4fc2-9327-194b76cf22e1,inf-f16,100.0,9.1591889176539,0.03348744808203985,-0.11697051427260571,85916
749cb2b7-e57e-4453-a794-f6230e4d0226,inf-f16,100.0,9.1591889176539,0.054478194893434195,-0.2249144795064839,112453
d7ec0892-0a6c-4f4f-9d8f-72083692af5c,inf-f16,100.0,9.1591889176539,0.31002073910231087,-0.37970935223603647,92762
da8dfec1-d265-44e8-84ce-6ae9c109b8bd,inf-f16,100.0,9.1591889176539,0.0385478073442872,-0.13080494647686586,85916
dab512bd-a02d-4c1f-8dbc-9155a163efc0,inf-f16,100.0,9.1591889176539,0.14986383785313984,-0.4124819802715507,73377
dc7e9403-19f7-409f-9240-05ee57cb7aea,inf-f16,100.0,9.1591889176539,0.10784627221251997,-0.2847147890837027,99195
e8f9fba4-d151-4b00-bee7-447f0f3e752c,inf-f16,100.0,9.1591889176539,0.17237375593884352,-0.18748153537605033,100516
eebcaf65-7fa4-4118-869d-a084e84530e2,inf-f16,100.0,9.1591889176539,0.2583038479857922,-0.26788605436546975,91769
fe380793-8035-414e-b000-09bfe5ece92a,inf-f16,100.0,9.1591889176539,0.18285408417680848,-0.3399525215127447,115565
1a276285-8b0e-4cc9-9f0a-a3a002978724,48,100.0,6.862673367512081,0.13459432977223507,-0.13590001752325448,99381
1e104bf4-7a24-4624-a5b2-c2c8289c0de7,48,100.0,6.862673367512081,0.04892101698774021,-0.24663660259363454,105141
6638cfb3-3831-4fc2-9327-194b76cf22e1,48,100.0,6.862673367512081,0.031161613372032826,-0.11778867656528332,85916
749cb2b7-e57e-4453-a794-f6230e4d0226,48,100.0,6.862673367512081,0.054564532673764043,-0.22612307174644303,112453
d7ec0892-0a6c-4f4f-9d8f-72083692af5c,48,100.0,6.862673367512081,0.31148834207970644,-0.38124428969206525,92762
da8dfec1-d265-44e8-84ce-6ae9c109b8bd,48,100.0,6.862673367512081,0.0375865647945951,-0.12869051177517937,85916
dab512bd-a02d-4c1f-8dbc-9155a163efc0,48,100.0,6.862673367512081,0.1421452020106191,-0.42907485748341284,73377
dc7e9403-19f7-409f-9240-05ee57cb7aea,48,100.0,6.862673367512081,0.10898515877377679,-0.2906609806035672,99195
e8f9fba4-d151-4b00-bee7-447f0f3e752c,48,100.0,6.862673367512081,0.17954439500957609,-0.19455167824601186,100516
eebcaf65-7fa4-4118-869d-a084e84530e2,48,100.0,6.862673367512081,0.2619632165900496,-0.27961561116068223,91769
fe380793-8035-414e-b000-09bfe5ece92a,48,100.0,6.862673367512081,0.18481547384390073,-0.3382466207527389,115565
1a276285-8b0e-4cc9-9f0a-a3a002978724,24,100.0,6.691195479571211,0.13442083212137113,-0.14335322482901,99381
1e104bf4-7a24-4624-a5b2-c2c8289c0de7,24,100.0,6.691195479571211,0.049420966749417095,-0.2431965567749413,105141
6638cfb3-3831-4fc2-9327-194b76cf22e1,24,100.0,6.691195479571211,0.03184015823488717,-0.11843835730280268,85916
749cb2b7-e57e-4453-a794-f6230e4d0226,24,100.0,6.691195479571211,0.05403972623908038,-0.21935803546626023,112453
d7ec0892-0a6c-4f4f-9d8f-72083692af5c,24,100.0,6.691195479571211,0.3119530717529573,-0.3721498094423411,92762
da8dfec1-d265-44e8-84ce-6ae9c109b8bd,24,100.0,6.691195479571211,0.03773592122008185,-0.13261756036794714,85916
dab512bd-a02d-4c1f-8dbc-9155a163efc0,24,100.0,6.691195479571211,0.13864854788276504,-0.4330359741884582,73377
dc7e9403-19f7-409f-9240-05ee57cb7aea,24,100.0,6.691195479571211,0.10843716682731297,-0.28058131741513537,99195
e8f9fba4-d151-4b00-bee7-447f0f3e752c,24,100.0,6.691195479571211,0.18084262502684112,-0.187656858052268,100516
eebcaf65-7fa4-4118-869d-a084e84530e2,24,100.0,6.691195479571211,0.2682375883967797,-0.27402603388078395,91769
fe380793-8035-414e-b000-09bfe5ece92a,24,100.0,6.691195479571211,0.18462091605865694,-0.34081972959406626,115565
1a276285-8b0e-4cc9-9f0a-a3a002978724,96,100.0,7.194063716581287,0.13451493083336874,-0.13782310306787715,99381
1e104bf4-7a24-4624-a5b2-c2c8289c0de7,96,100.0,7.194063716581287,0.048857107387412224,-0.24473630242080097,105141
6638cfb3-3831-4fc2-9327-194b76cf22e1,96,100.0,7.194063716581287,0.03158335386084066,-0.11522843505708887,85916
749cb2b7-e57e-4453-a794-f6230e4d0226,96,100.0,7.194063716581287,0.054499387813847,-0.22862758038330644,112453
d7ec0892-0a6c-4f4f-9d8f-72083692af5c,96,100.0,7.194063716581287,0.3116294638638082,-0.376723457779019,92762
da8dfec1-d265-44e8-84ce-6ae9c109b8bd,96,100.0,7.194063716581287,0.03794807516665233,-0.13080443216189153,85916
dab512bd-a02d-4c1f-8dbc-9155a163efc0,96,100.0,7.194063716581287,0.14464696216054163,-0.4282079487490623,73377
dc7e9403-19f7-409f-9240-05ee57cb7aea,96,100.0,7.194063716581287,0.10877073395020864,-0.2851128615424356,99195
e8f9fba4-d151-4b00-bee7-447f0f3e752c,96,100.0,7.194063716581287,0.17763505344984243,-0.18581161531420842,100516
eebcaf65-7fa4-4118-869d-a084e84530e2,96,100.0,7.194063716581287,0.26238516775596243,-0.27777569230221577,91769
fe380793-8035-414e-b000-09bfe5ece92a,96,100.0,7.194063716581287,0.18427807041568278,-0.34219534545495994,115565
1a276285-8b0e-4cc9-9f0a-a3a002978724,64,100.0,6.971532402922208,0.13447031056882985,-0.14363579153299472,99381
1e104bf4-7a24-4624-a5b2-c2c8289c0de7,64,100.0,6.971532402922208,0.049261693530853856,-0.24386230835481068,105141
6638cfb3-3831-4fc2-9327-194b76cf22e1,64,100.0,6.971532402922208,0.03135749621709327,-0.11493629882155024,85916
749cb2b7-e57e-4453-a794-f6230e4d0226,64,100.0,6.971532402922208,0.05457656285169621,-0.22073185654553978,112453
d7ec0892-0a6c-4f4f-9d8f-72083692af5c,64,100.0,6.971532402922208,0.3116904181966673,-0.3820032525903322,92762
da8dfec1-d265-44e8-84ce-6ae9c109b8bd,64,100.0,6.971532402922208,0.0377039840486445,-0.12912786475429652,85916
dab512bd-a02d-4c1f-8dbc-9155a163efc0,64,100.0,6.971532402922208,0.14442039939137863,-0.42838482683913803,73377
dc7e9403-19f7-409f-9240-05ee57cb7aea,64,100.0,6.971532402922208,0.10876414293340853,-0.2854529188593321,99195
e8f9fba4-d151-4b00-bee7-447f0f3e752c,64,100.0,6.971532402922208,0.1791219487890232,-0.18558010091836713,100516
eebcaf65-7fa4-4118-869d-a084e84530e2,64,100.0,6.971532402922208,0.26219859416253777,-0.2754544040308903,91769
fe380793-8035-414e-b000-09bfe5ece92a,64,100.0,6.971532402922208,0.18468170577933918,-0.3405730477694199,115565
1a276285-8b0e-4cc9-9f0a-a3a002978724,32,100.0,6.756806568927283,0.1344752676334412,-0.1389043155547458,99381
1e104bf4-7a24-4624-a5b2-c2c8289c0de7,32,100.0,6.756806568927283,0.04874555889241916,-0.24724447522785026,105141
6638cfb3-3831-4fc2-9327-194b76cf22e1,32,100.0,6.756806568927283,0.03048733303932205,-0.12075503209801859,85916
749cb2b7-e57e-4453-a794-f6230e4d0226,32,100.0,6.756806568927283,0.05440990919583466,-0.22447172441537405,112453
d7ec0892-0a6c-4f4f-9d8f-72083692af5c,32,100.0,6.756806568927283,0.3105271440486935,-0.3761032954753637,92762
da8dfec1-d265-44e8-84ce-6ae9c109b8bd,32,100.0,6.756806568927283,0.03802217200598024,-0.1307923208283503,85916
dab512bd-a02d-4c1f-8dbc-9155a163efc0,32,100.0,6.756806568927283,0.1410178068689244,-0.4290524297064625,73377
dc7e9403-19f7-409f-9240-05ee57cb7aea,32,100.0,6.756806568927283,0.10897869183650077,-0.2834535774606644,99195
e8f9fba4-d151-4b00-bee7-447f0f3e752c,32,100.0,6.756806568927283,0.18099149322755803,-0.18797602875403957,100516
eebcaf65-7fa4-4118-869d-a084e84530e2,32,100.0,6.756806568927283,0.2622760345853351,-0.2747009018362347,91769
fe380793-8035-414e-b000-09bfe5ece92a,32,100.0,6.756806568927283,0.18463751216647628,-0.3385401336959065,115565
1a276285-8b0e-4cc9-9f0a-a3a002978724,inf,150.0,11.16148584969421,0.1340666738459163,-0.13895021505661176,99381
1e104bf4-7a24-4624-a5b2-c2c8289c0de7,inf,150.0,11.16148584969421,0.04620621799175029,-0.2446655862180621,105141
6638cfb3-3831-4fc2-9327-194b76cf22e1,inf,150.0,11.16148584969421,0.03537793083399088,-0.11483804929578874,85916
749cb2b7-e57e-4453-a794-f6230e4d0226,inf,150.0,11.16148584969421,0.054242449962835115,-0.22219890300032655,112453
d7ec0892-0a6c-4f4f-9d8f-72083692af5c,inf,150.0,11.16148584969421,0.30887434539962455,-0.37368571332333705,92762
da8dfec1-d265-44e8-84ce-6ae9c109b8bd,inf,150.0,11.16148584969421,0.038187913648489835,-0.1298744637223775,85916
dab512bd-a02d-4c1f-8dbc-9155a163efc0,inf,150.0,11.16148584969421,0.15612950614798582,-0.40351926947307987,73377
dc7e9403-19f7-409f-9240-05ee57cb7aea,inf,150.0,11.16148584969421,0.1082947328657603,-0.2786235570966607,99195
e8f9fba4-d151-4b00-bee7-447f0f3e752c,inf,150.0,11.16148584969421,0.16802738870907974,-0.18657459519030448,100516
eebcaf65-7fa4-4118-869d-a084e84530e2,inf,150.0,11.16148584969421,0.2463424341201088,-0.26276005203216435,91769
fe380793-8035-414e-b000-09bfe5ece92a,inf,150.0,11.16148584969421,0.18121014902288024,-0.3322647545494103,115565
1a276285-8b0e-4cc9-9f0a-a3a002978724,inf-f16,150.0,8.289600098368158,0.1347767844143284,-0.13941444121329272,99381
1e104bf4-7a24-4624-a5b2-c2c8289c0de7,inf-f16,150.0,8.289600098368158,0.04847000507412247,-0.24519414000986434,105141
6638cfb3-3831-4fc2-9327-194b76cf22e1,inf-f16,150.0,8.289600098368158,0.03228339544873737,-0.11263797205791067,85916
749cb2b7-e57e-4453-a794-f6230e4d0226,inf-f16,150.0,8.289600098368158,0.05350688266913273,-0.22173838820114358,112453
d7ec0892-0a6c-4f4f-9d8f-72083692af5c,inf-f16,150.0,8.289600098368158,0.31106786613955617,-0.37045591231368746,92762
da8dfec1-d265-44e8-84ce-6ae9c109b8bd,inf-f16,150.0,8.289600098368158,0.037650716477670376,-0.12958010905979664,85916
dab512bd-a02d-4c1f-8dbc-9155a163efc0,inf-f16,150.0,8.289600098368158,0.14998153095474231,-0.4154606233042319,73377
dc7e9403-19f7-409f-9240-05ee57cb7aea,inf-f16,150.0,8.289600098368158,0.10878130944498621,-0.2861877138116939,99195
e8f9fba4-d151-4b00-bee7-447f0f3e752c,inf-f16,150.0,8.289600098368158,0.17373202564979262,-0.18722872774201468,100516
eebcaf65-7fa4-4118-869d-a084e84530e2,inf-f16,150.0,8.289600098368158,0.24936272697201833,-0.2670874841779395,91769
fe380793-8035-414e-b000-09bfe5ece92a,inf-f16,150.0,8.289600098368158,0.18319899698280273,-0.33750806979353176,115565
1a276285-8b0e-4cc9-9f0a-a3a002978724,48,150.0,6.646398720859205,0.13431580860636294,-0.14316812871706466,99381
1e104bf4-7a24-4624-a5b2-c2c8289c0de7,48,150.0,6.646398720859205,0.04834443959019241,-0.24712753125455816,105141
6638cfb3-3831-4fc2-9327-194b76cf22e1,48,150.0,6.646398720859205,0.030946595991672043,-0.11730857418282806,85916
749cb2b7-e57e-4453-a794-f6230e4d0226,48,150.0,6.646398720859205,0.054521340549680386,-0.22336931703482876,112453
d7ec0892-0a6c-4f4f-9d8f-72083692af5c,48,150.0,6.646398720859205,0.31106580517852034,-0.37475411271039694,92762
da8dfec1-d265-44e8-84ce-6ae9c109b8bd,48,150.0,6.646398720859205,0.03744282671385757,-0.1308227569981058,85916
dab512bd-a02d-4c1f-8dbc-9155a163efc0,48,150.0,6.646398720859205,0.1455179969037691,-0.4277193372875094,73377
dc7e9403-19f7-409f-9240-05ee57cb7aea,48,150.0,6.646398720859205,0.10936260355524552,-0.28213686890236,99195
e8f9fba4-d151-4b00-bee7-447f0f3e752c,48,150.0,6.646398720859205,0.1793867856496124,-0.18686862930974063,100516
eebcaf65-7fa4-4118-869d-a084e84530e2,48,150.0,6.646398720859205,0.25067148147951557,-0.2673489491381177,91769
fe380793-8035-414e-b000-09bfe5ece92a,48,150.0,6.646398720859205,0.1850247597395951,-0.33699974286999196,115565
1a276285-8b0e-4cc9-9f0a-a3a002978724,24,150.0,6.520632001780509,0.13407171883926605,-0.14160853362958853,99381
1e104bf4-7a24-4624-a5b2-c2c8289c0de7,24,150.0,6.520632001780509,0.04992940882730634,-0.24547176374208593,105141
6638cfb3-3831-4fc2-9327-194b76cf22e1,24,150.0,6.520632001780509,0.030819721863402316,-0.11579472164194127,85916
749cb2b7-e57e-4453-a794-f6230e4d0226,24,150.0,6.520632001780509,0.054070235096372654,-0.2248226620350812,112453
d7ec0892-0a6c-4f4f-9d8f-72083692af5c,24,150.0,6.520632001780509,0.3106567718126235,-0.37653590586099106,92762
da8dfec1-d265-44e8-84ce-6ae9c109b8bd,24,150.0,6.520632001780509,0.037261595298507255,-0.12774308044994842,85916
dab512bd-a02d-4c1f-8dbc-9155a163efc0,24,150.0,6.520632001780509,0.14264321332882912,-0.43693151579059847,73377
dc7e9403-19f7-409f-9240-05ee57cb7aea,24,150.0,6.520632001780509,0.10841149647167869,-0.28568097718954727,99195
e8f9fba4-d151-4b00-bee7-447f0f3e752c,24,150.0,6.520632001780509,0.180063947929627,-0.18761127588371346,100516
eebcaf65-7fa4-4118-869d-a084e84530e2,24,150.0,6.520632001780509,0.25170829061774735,-0.2710421986116211,91769
fe380793-8035-414e-b000-09bfe5ece92a,24,150.0,6.520632001780509,0.18515520103697658,-0.34028246412996127,115565
1a276285-8b0e-4cc9-9f0a-a3a002978724,96,150.0,6.904578312228136,0.13432275191955978,-0.14013025604938142,99381
1e104bf4-7a24-4624-a5b2-c2c8289c0de7,96,150.0,6.904578312228136,0.04865381640921229,-0.2458962267738781,105141
6638cfb3-3831-4fc2-9327-194b76cf22e1,96,150.0,6.904578312228136,0.03102874077964679,-0.11609455348014656,85916
749cb2b7-e57e-4453-a794-f6230e4d0226,96,150.0,6.904578312228136,0.05431193367152398,-0.22533223879116773,112453
d7ec0892-0a6c-4f4f-9d8f-72083692af5c,96,150.0,6.904578312228136,0.31068983009935747,-0.3802365335403488,92762
da8dfec1-d265-44e8-84ce-6ae9c109b8bd,96,150.0,6.904578312228136,0.03806640446059184,-0.1333473193001879,85916
dab512bd-a02d-4c1f-8dbc-9155a163efc0,96,150.0,6.904578312228136,0.14812358027887462,-0.4254848556775103,73377
dc7e9403-19f7-409f-9240-05ee57cb7aea,96,150.0,6.904578312228136,0.10896631968982395,-0.28877852623278816,99195
e8f9fba4-d151-4b00-bee7-447f0f3e752c,96,150.0,6.904578312228136,0.17849459204770413,-0.18550381101251592,100516
eebcaf65-7fa4-4118-869d-a084e84530e2,96,150.0,6.904578312228136,0.2500900618179672,-0.2642953669083018,91769
fe380793-8035-414e-b000-09bfe5ece92a,96,150.0,6.904578312228136,0.18492473045792845,-0.3395346712130384,115565
1a276285-8b0e-4cc9-9f0a-a3a002978724,64,150.0,6.730211287720995,0.13428877358154545,-0.14080201226849698,99381
1e104bf4-7a24-4624-a5b2-c2c8289c0de7,64,150.0,6.730211287720995,0.04860922232221043,-0.24850401610618356,105141
6638cfb3-3831-4fc2-9327-194b76cf22e1,64,150.0,6.730211287720995,0.031299717106220926,-0.11379204492130554,85916
749cb2b7-e57e-4453-a794-f6230e4d0226,64,150.0,6.730211287720995,0.054392427352135675,-0.22223369973578233,112453
d7ec0892-0a6c-4f4f-9d8f-72083692af5c,64,150.0,6.730211287720995,0.31068296646030946,-0.3720776854906693,92762
da8dfec1-d265-44e8-84ce-6ae9c109b8bd,64,150.0,6.730211287720995,0.037655792258652565,-0.12760564656204734,85916
dab512bd-a02d-4c1f-8dbc-9155a163efc0,64,150.0,6.730211287720995,0.14771677650115544,-0.42120258417389034,73377
dc7e9403-19f7-409f-9240-05ee57cb7aea,64,150.0,6.730211287720995,0.10934396680601743,-0.29153696322188954,99195
e8f9fba4-d151-4b00-bee7-447f0f3e752c,64,150.0,6.730211287720995,0.17892770917226042,-0.1846233491587011,100516
eebcaf65-7fa4-4118-869d-a084e84530e2,64,150.0,6.730211287720995,0.2508423960141847,-0.26525460967778114,91769
fe380793-8035-414e-b000-09bfe5ece92a,64,150.0,6.730211287720995,0.18483061602579876,-0.3432386769441615,115565
1a276285-8b0e-4cc9-9f0a-a3a002978724,32,150.0,6.562723612198428,0.13436089207696822,-0.13740112990251166,99381
1e104bf4-7a24-4624-a5b2-c2c8289c0de7,32,150.0,6.562723612198428,0.048692002296438996,-0.24886805174397147,105141
6638cfb3-3831-4fc2-9327-194b76cf22e1,32,150.0,6.562723612198428,0.030220658999493666,-0.11885646454211192,85916
749cb2b7-e57e-4453-a794-f6230e4d0226,32,150.0,6.562723612198428,0.05429032736141137,-0.22488773587762254,112453
d7ec0892-0a6c-4f4f-9d8f-72083692af5c,32,150.0,6.562723612198428,0.3107370522354965,-0.37723611800653123,92762
da8dfec1-d265-44e8-84ce-6ae9c109b8bd,32,150.0,6.562723612198428,0.03785233912046737,-0.1238565595514534,85916
dab512bd-a02d-4c1f-8dbc-9155a163efc0,32,150.0,6.562723612198428,0.14507998255532573,-0.42427570277417265,73377
dc7e9403-19f7-409f-9240-05ee57cb7aea,32,150.0,6.562723612198428,0.10909176608663773,-0.28750997373958564,99195
e8f9fba4-d151-4b00-bee7-447f0f3e752c,32,150.0,6.562723612198428,0.1801643757797713,-0.18958315230658523,100516
eebcaf65-7fa4-4118-869d-a084e84530e2,32,150.0,6.562723612198428,0.2513407673066045,-0.2697440770531562,91769
fe380793-8035-414e-b000-09bfe5ece92a,32,150.0,6.562723612198428,0.1852043143393377,-0.3427652853835951,115565
