pid,m,epsilon,alpha,target,balanced_accuracy,null,n_trials
1a276285-8b0e-4cc9-9f0a-a3a002978724,inf,100.0,14.0,choice,0.5016812865497077,0.5011027499070977,636
1a276285-8b0e-4cc9-9f0a-a3a002978724,inf,100.0,14.0,feedback,0.5153422787604194,0.5002415343915344,637
1e104bf4-7a24-4624-a5b2-c2c8289c0de7,inf,100.0,14.0,choice,0.5254828247088309,0.5040636634400596,739
1e104bf4-7a24-4624-a5b2-c2c8289c0de7,inf,100.0,14.0,feedback,0.5695481691500272,0.5024811972539245,742
6638cfb3-3831-4fc2-9327-194b76cf22e1,inf,100.0,14.0,choice,0.588087111977897,0.5035612913882042,524
6638cfb3-3831-4fc2-9327-194b76cf22e1,inf,100.0,14.0,feedback,0.5095073695392378,0.4990085922009253,528
749cb2b7-e57e-4453-a794-f6230e4d0226,inf,100.0,14.0,choice,0.5,0.5,765
749cb2b7-e57e-4453-a794-f6230e4d0226,inf,100.0,14.0,feedback,0.5923550909399966,0.5043112298344856,767
d7ec0892-0a6c-4f4f-9d8f-72083692af5c,inf,100.0,14.0,choice,0.766517964793827,0.5042502117362371,663
d7ec0892-0a6c-4f4f-9d8f-72083692af5c,inf,100.0,14.0,feedback,0.869344249327638,0.49419632510107897,663
da8dfec1-d265-44e8-84ce-6ae9c109b8bd,inf,100.0,14.0,choice,0.5393451826898926,0.4990444076555303,524
da8dfec1-d265-44e8-84ce-6ae9c109b8bd,inf,100.0,14.0,feedback,0.5330367813039437,0.49799547857958304,528
dab512bd-a02d-4c1f-8dbc-9155a163efc0,inf,100.0,14.0,choice,0.5126247968423496,0.49954741379310347,410
dab512bd-a02d-4c1f-8dbc-9155a163efc0,inf,100.0,14.0,feedback,0.7449726911618669,0.5021091654247392,410
dc7e9403-19f7-409f-9240-05ee57cb7aea,inf,100.0,14.0,choice,0.5836678238229551,0.4963567256037135,859
dc7e9403-19f7-409f-9240-05ee57cb7aea,inf,100.0,14.0,feedback,0.540989677359626,0.4988715554510048,872
e8f9fba4-d151-4b00-bee7-447f0f3e752c,inf,100.0,14.0,choice,0.5306095400198111,0.5011586839216572,771
e8f9fba4-d151-4b00-bee7-447f0f3e752c,inf,100.0,14.0,feedback,0.6649996030800984,0.49716971009579325,802
eebcaf65-7fa4-4118-869d-a084e84530e2,inf,100.0,14.0,choice,0.5016472773487144,0.5009731876861966,723
eebcaf65-7fa4-4118-869d-a084e84530e2,inf,100.0,14.0,feedback,0.8377093386318478,0.49539800121222144,724
fe380793-8035-414e-b000-09bfe5ece92a,inf,100.0,14.0,choice,0.5661502057986256,0.49495997629821153,945
fe380793-8035-414e-b000-09bfe5ece92a,inf,100.0,14.0,feedback,0.5057461241999895,0.5003512931034482,945
1a276285-8b0e-4cc9-9f0a-a3a002978724,inf-f16,100.0,9.1591889176539,choice,0.5044590643274854,0.500983171417954,636
1a276285-8b0e-4cc9-9f0a-a3a002978724,inf-f16,100.0,9.1591889176539,feedback,0.5550448723534025,0.5010012746512748,637
1e104bf4-7a24-4624-a5b2-c2c8289c0de7,inf-f16,100.0,9.1591889176539,choice,0.537796697626419,0.494821993670886,739
1e104bf4-7a24-4624-a5b2-c2c8289c0de7,inf-f16,100.0,9.1591889176539,feedback,0.5703746154310189,0.5020494446630811,742
6638cfb3-3831-4fc2-9327-194b76cf22e1,inf-f16,100.0,9.1591889176539,choice,0.6121034824106496,0.49440968841219485,524
6638cfb3-3831-4fc2-9327-194b76cf22e1,inf-f16,100.0,9.1591889176539,feedback,0.5072500331961227,0.502357222255603,528
749cb2b7-e57e-4453-a794-f6230e4d0226,inf-f16,100.0,9.1591889176539,choice,0.4990421455938697,0.49963893249607527,765
749cb2b7-e57e-4453-a794-f6230e4d0226,inf-f16,100.0,9.1591889176539,feedback,0.5925675675675676,0.5005667295202179,767
d7ec0892-0a6c-4f4f-9d8f-72083692af5c,inf-f16,100.0,9.1591889176539,choice,0.7748372317337835,0.5008795825771324,663
d7ec0892-0a6c-4f4f-9d8f-72083692af5c,inf-f16,100.0,9.1591889176539,feedback,0.8649738965353584,0.5007124408762759,663
da8dfec1-d265-44e8-84ce-6ae9c109b8bd,inf-f16,100.0,9.1591889176539,choice,0.5349349171874769,0.5050306567776335,524
da8dfec1-d265-44e8-84ce-6ae9c109b8bd,inf-f16,100.0,9.1591889176539,feedback,0.5262647722745983,0.4975809649702578,528
dab512bd-a02d-4c1f-8dbc-9155a163efc0,inf-f16,100.0,9.1591889176539,choice,0.5245240306477826,0.49925287356321846,410
dab512bd-a02d-4c1f-8dbc-9155a163efc0,inf-f16,100.0,9.1591889176539,feedback,0.6975856504468718,0.49860831381733023,410
dc7e9403-19f7-409f-9240-05ee57cb7aea,inf-f16,100.0,9.1591889176539,choice,0.563780104144066,0.5014139675585458,859
dc7e9403-19f7-409f-9240-05ee57cb7aea,inf-f16,100.0,9.1591889176539,feedback,0.6078669629218164,0.500437451867241,872
e8f9fba4-d151-4b00-bee7-447f0f3e752c,inf-f16,100.0,9.1591889176539,choice,0.5358029772451414,0.502617677631703,771
e8f9fba4-d151-4b00-bee7-447f0f3e752c,inf-f16,100.0,9.1591889176539,feedback,0.6588076526157022,0.502872783099621,802
eebcaf65-7fa4-4118-869d-a084e84530e2,inf-f16,100.0,9.1591889176539,choice,0.5032945546974289,0.4992550225345657,723
eebcaf65-7fa4-4118-869d-a084e84530e2,inf-f16,100.0,9.1591889176539,feedback,0.8413791006041929,0.5031929406470692,724
fe380793-8035-414e-b000-09bfe5ece92a,inf-f16,100.0,9.1591889176539,choice,0.5777524432920528,0.49923742189183357,945
fe380793-8035-414e-b000-09bfe5ece92a,inf-f16,100.0,9.1591889176539,feedback,0.5400877177685157,0.4985243962840009,945
1a276285-8b0e-4cc9-9f0a-a3a002978724,48,100.0,6.862673367512081,choice,0.5055555555555555,0.49974053724053724,636
1a276285-8b0e-4cc9-9f0a-a3a002978724,48,100.0,6.862673367512081,feedback,0.5538105195899045,0.5000029822029822,637
1e104bf4-7a24-4624-a5b2-c2c8289c0de7,48,100.0,6.862673367512081,choice,0.5463401149933658,0.5035862341772152,739
1e104bf4-7a24-4624-a5b2-c2c8289c0de7,48,100.0,6.862673367512081,feedback,0.5363576039090305,0.5013008876645241,742
6638cfb3-3831-4fc2-9327-194b76cf22e1,48,100.0,6.862673367512081,choice,0.6078188023580515,0.5001626954283407,524
6638cfb3-3831-4fc2-9327-194b76cf22e1,48,100.0,6.862673367512081,feedback,0.5273934404461559,0.4979720453043322,528
749cb2b7-e57e-4453-a794-f6230e4d0226,48,100.0,6.862673367512081,choice,0.4990421455938697,0.5000892857142856,765
749cb2b7-e57e-4453-a794-f6230e4d0226,48,100.0,6.862673367512081,feedback,0.6056051334353221,0.49635367094669425,767
d7ec0892-0a6c-4f4f-9d8f-72083692af5c,48,100.0,6.862673367512081,choice,0.7756812153363877,0.4999358439201453,663
d7ec0892-0a6c-4f4f-9d8f-72083692af5c,48,100.0,6.862673367512081,feedback,0.8742089859199493,0.4958164042045445,663
da8dfec1-d265-44e8-84ce-6ae9c109b8bd,48,100.0,6.862673367512081,choice,0.5296898778127447,0.49791253715010503,524
da8dfec1-d265-44e8-84ce-6ae9c109b8bd,48,100.0,6.862673367512081,feedback,0.5285221086177134,0.4977263714474553,528
dab512bd-a02d-4c1f-8dbc-9155a163efc0,48,100.0,6.862673367512081,choice,0.5218249361504528,0.5032496622451486,410
dab512bd-a02d-4c1f-8dbc-9155a163efc0,48,100.0,6.862673367512081,feedback,0.7374006951340616,0.49728134979774324,410
dc7e9403-19f7-409f-9240-05ee57cb7aea,48,100.0,6.862673367512081,choice,0.5762801041440659,0.49772609920200284,859
dc7e9403-19f7-409f-9240-05ee57cb7aea,48,100.0,6.862673367512081,feedback,0.5460352728787669,0.5006740540836556,872
e8f9fba4-d151-4b00-bee7-447f0f3e752c,48,100.0,6.862673367512081,choice,0.5417672335616726,0.5006042586056613,771
e8f9fba4-d151-4b00-bee7-447f0f3e752c,48,100.0,6.862673367512081,feedback,0.6753889815035325,0.501877835444438,802
eebcaf65-7fa4-4118-869d-a084e84530e2,48,100.0,6.862673367512081,choice,0.4981132075471698,0.5002581926514399,723
eebcaf65-7fa4-4118-869d-a084e84530e2,48,100.0,6.862673367512081,feedback,0.8276022870118811,0.49972958049792915,724
fe380793-8035-414e-b000-09bfe5ece92a,48,100.0,6.862673367512081,choice,0.5747878551612844,0.5028537222581341,945
fe380793-8035-414e-b000-09bfe5ece92a,48,100.0,6.862673367512081,feedback,0.532471269379,0.4994717150353394,945
1a276285-8b0e-4cc9-9f0a-a3a002978724,24,100.0,6.691195479571211,choice,0.5055555555555555,0.4993528693528694,636
1a276285-8b0e-4cc9-9f0a-a3a002978724,24,100.0,6.691195479571211,feedback,0.5318390403996398,0.5020324194324195,637
1e104bf4-7a24-4624-a5b2-c2c8289c0de7,24,100.0,6.691195479571211,choice,0.5365841073271413,0.5017384121370067,739
1e104bf4-7a24-4624-a5b2-c2c8289c0de7,24,100.0,6.691195479571211,feedback,0.5355311576280388,0.49869545017272293,742
6638cfb3-3831-4fc2-9327-194b76cf22e1,24,100.0,6.691195479571211,choice,0.6025737629833193,0.49916078338400216,524
6638cfb3-3831-4fc2-9327-194b76cf22e1,24,100.0,6.691195479571211,feedback,0.5083787013676803,0.5003153728294177,528
749cb2b7-e57e-4453-a794-f6230e4d0226,24,100.0,6.691195479571211,choice,0.5,0.5,765
749cb2b7-e57e-4453-a794-f6230e4d0226,24,100.0,6.691195479571211,feedback,0.6011006289308176,0.5023372541977195,767
d7ec0892-0a6c-4f4f-9d8f-72083692af5c,24,100.0,6.691195479571211,choice,0.7751989389920424,0.5064701754385965,663
d7ec0892-0a6c-4f4f-9d8f-72083692af5c,24,100.0,6.691195479571211,feedback,0.8679006486315457,0.4986251545157219,663
da8dfec1-d265-44e8-84ce-6ae9c109b8bd,24,100.0,6.691195479571211,choice,0.5469246339553507,0.5042942291025421,524
da8dfec1-d265-44e8-84ce-6ae9c109b8bd,24,100.0,6.691195479571211,feedback,0.5319081131323862,0.5000462656972902,528
dab512bd-a02d-4c1f-8dbc-9155a163efc0,24,100.0,6.691195479571211,choice,0.5219120037148828,0.5007137585868083,410
dab512bd-a02d-4c1f-8dbc-9155a163efc0,24,100.0,6.691195479571211,feedback,0.7357559582919563,0.4951538215882478,410
dc7e9403-19f7-409f-9240-05ee57cb7aea,24,100.0,6.691195479571211,choice,0.5492921458016924,0.49902786470557553,859
dc7e9403-19f7-409f-9240-05ee57cb7aea,24,100.0,6.691195479571211,feedback,0.5598527982224691,0.49865550652539,872
e8f9fba4-d151-4b00-bee7-447f0f3e752c,24,100.0,6.691195479571211,choice,0.5370551222846938,0.4981641869895727,771
e8f9fba4-d151-4b00-bee7-447f0f3e752c,24,100.0,6.691195479571211,feedback,0.6874355005159959,0.5010683668513282,802
eebcaf65-7fa4-4118-869d-a084e84530e2,24,100.0,6.691195479571211,choice,0.4981132075471698,0.5007944389275074,723
eebcaf65-7fa4-4118-869d-a084e84530e2,24,100.0,6.691195479571211,feedback,0.8321945582093184,0.49899230652671017,724
fe380793-8035-414e-b000-09bfe5ece92a,24,100.0,6.691195479571211,choice,0.5824622400319124,0.49677006571859517,945
fe380793-8035-414e-b000-09bfe5ece92a,24,100.0,6.691195479571211,feedback,0.532471269379,0.4998790426215463,945
1a276285-8b0e-4cc9-9f0a-a3a002978724,96,100.0,7.194063716581287,choice,0.5083333333333333,0.5003951000690131,636
1a276285-8b0e-4cc9-9f0a-a3a002978724,96,100.0,7.194063716581287,feedback,0.5330733931631378,0.499677873977874,637
1e104bf4-7a24-4624-a5b2-c2c8289c0de7,96,100.0,7.194063716581287,choice,0.5446115288220552,0.49870397431124347,739
1e104bf4-7a24-4624-a5b2-c2c8289c0de7,96,100.0,7.194063716581287,feedback,0.5327079688725342,0.4990554353054353,742
6638cfb3-3831-4fc2-9327-194b76cf22e1,96,100.0,7.194063716581287,choice,0.5967894449123118,0.5011422917282795,524
6638cfb3-3831-4fc2-9327-194b76cf22e1,96,100.0,7.194063716581287,feedback,0.5142610543088567,0.4995529276572734,528
749cb2b7-e57e-4453-a794-f6230e4d0226,96,100.0,7.194063716581287,choice,0.49808429118773945,0.49974738356881204,765
749cb2b7-e57e-4453-a794-f6230e4d0226,96,100.0,7.194063716581287,feedback,0.6056051334353221,0.497505088144623,767
d7ec0892-0a6c-4f4f-9d8f-72083692af5c,96,100.0,7.194063716581287,choice,0.7783337352302869,0.48633052026618273,663
d7ec0892-0a6c-4f4f-9d8f-72083692af5c,96,100.0,7.194063716581287,feedback,0.8596345514950166,0.5079757775145287,663
da8dfec1-d265-44e8-84ce-6ae9c109b8bd,96,100.0,7.194063716581287,choice,0.5395963535895276,0.4933862418772583,524
da8dfec1-d265-44e8-84ce-6ae9c109b8bd,96,100.0,7.194063716581287,feedback,0.5271544283627672,0.5012425644415068,528
dab512bd-a02d-4c1f-8dbc-9155a163efc0,96,100.0,7.194063716581287,choice,0.5303865799860692,0.5013720946730025,410
dab512bd-a02d-4c1f-8dbc-9155a163efc0,96,100.0,7.194063716581287,feedback,0.7086643495531282,0.508047583563977,410
dc7e9403-19f7-409f-9240-05ee57cb7aea,96,100.0,7.194063716581287,choice,0.5735544586678238,0.5015123480936734,859
dc7e9403-19f7-409f-9240-05ee57cb7aea,96,100.0,7.194063716581287,feedback,0.5997546637041151,0.5003277573957405,872
e8f9fba4-d151-4b00-bee7-447f0f3e752c,96,100.0,7.194063716581287,choice,0.5374806423259901,0.5018377288521048,771
e8f9fba4-d151-4b00-bee7-447f0f3e752c,96,100.0,7.194063716581287,feedback,0.6859966658728268,0.4990920710946969,802
eebcaf65-7fa4-4118-869d-a084e84530e2,96,100.0,7.194063716581287,choice,0.5007038811222994,0.5005660377358491,723
eebcaf65-7fa4-4118-869d-a084e84530e2,96,100.0,7.194063716581287,feedback,0.8321945582093184,0.49275713787181685,724
fe380793-8035-414e-b000-09bfe5ece92a,96,100.0,7.194063716581287,choice,0.5667893601203967,0.4995398890325361,945
fe380793-8035-414e-b000-09bfe5ece92a,96,100.0,7.194063716581287,feedback,0.5347208900824861,0.5006814896123367,945
1a276285-8b0e-4cc9-9f0a-a3a002978724,64,100.0,6.971532402922208,choice,0.5055555555555555,0.4993528693528694,636
1a276285-8b0e-4cc9-9f0a-a3a002978724,64,100.0,6.971532402922208,feedback,0.5292178560018588,0.5012178210678211,637
1e104bf4-7a24-4624-a5b2-c2c8289c0de7,64,100.0,6.971532402922208,choice,0.5479249594574672,0.49775944713328363,739
1e104bf4-7a24-4624-a5b2-c2c8289c0de7,64,100.0,6.971532402922208,feedback,0.5363576039090305,0.4997484039529494,742
6638cfb3-3831-4fc2-9327-194b76cf22e1,64,100.0,6.971532402922208,choice,0.6121478066870558,0.5026384522307906,524
6638cfb3-3831-4fc2-9327-194b76cf22e1,64,100.0,6.971532402922208,feedback,0.5058823529411764,0.4995655080213903,528
749cb2b7-e57e-4453-a794-f6230e4d0226,64,100.0,6.971532402922208,choice,0.4990421455938697,0.5000892857142857,765
749cb2b7-e57e-4453-a794-f6230e4d0226,64,100.0,6.971532402922208,feedback,0.6032466428692844,0.4992569064080692,767
d7ec0892-0a6c-4f4f-9d8f-72083692af5c,64,100.0,6.971532402922208,choice,0.7844827586206896,0.495566333938294,663
d7ec0892-0a6c-4f4f-9d8f-72083692af5c,64,100.0,6.971532402922208,feedback,0.8737146021199178,0.4957445146918698,663
da8dfec1-d265-44e8-84ce-6ae9c109b8bd,64,100.0,6.971532402922208,choice,0.5324379829499284,0.49980588681497684,524
da8dfec1-d265-44e8-84ce-6ae9c109b8bd,64,100.0,6.971532402922208,feedback,0.5271544283627672,0.5015928618638467,528
dab512bd-a02d-4c1f-8dbc-9155a163efc0,64,100.0,6.971532402922208,choice,0.526149291850476,0.5009216631091234,410
dab512bd-a02d-4c1f-8dbc-9155a163efc0,64,100.0,6.971532402922208,feedback,0.7246772591857,0.4925823397913561,410
dc7e9403-19f7-409f-9240-05ee57cb7aea,64,100.0,6.971532402922208,choice,0.5662236927750055,0.5053802873832994,859
dc7e9403-19f7-409f-9240-05ee57cb7aea,64,100.0,6.971532402922208,feedback,0.5447160116650465,0.49889547545177637,872
e8f9fba4-d151-4b00-bee7-447f0f3e752c,64,100.0,6.971532402922208,choice,0.540755751496296,0.49733283585667876,771
e8f9fba4-d151-4b00-bee7-447f0f3e752c,64,100.0,6.971532402922208,feedback,0.6690878780662063,0.49819992197568624,802
eebcaf65-7fa4-4118-869d-a084e84530e2,64,100.0,6.971532402922208,choice,0.4990566037735849,0.49959285004965254,723
eebcaf65-7fa4-4118-869d-a084e84530e2,64,100.0,6.971532402922208,feedback,0.8340395766595028,0.506323663112654,724
fe380793-8035-414e-b000-09bfe5ece92a,64,100.0,6.971532402922208,choice,0.5695907599136915,0.4966894796380092,945
fe380793-8035-414e-b000-09bfe5ece92a,64,100.0,6.971532402922208,feedback,0.5359677728755036,0.4988467150353395,945
1a276285-8b0e-4cc9-9f0a-a3a002978724,32,100.0,6.756806568927283,choice,0.5055555555555555,0.4999343711843711,636
1a276285-8b0e-4cc9-9f0a-a3a002978724,32,100.0,6.756806568927283,feedback,0.5318390403996398,0.4983162578162578,637
1e104bf4-7a24-4624-a5b2-c2c8289c0de7,32,100.0,6.756806568927283,choice,0.5444862155388471,0.4955887006701415,739
1e104bf4-7a24-4624-a5b2-c2c8289c0de7,32,100.0,6.756806568927283,feedback,0.5380104964710141,0.4987824128733219,742
6638cfb3-3831-4fc2-9327-194b76cf22e1,32,100.0,6.756806568927283,choice,0.5940413397751282,0.49634971190928157,524
6638cfb3-3831-4fc2-9327-194b76cf22e1,32,100.0,6.756806568927283,feedback,0.5178860709069181,0.4989749444210779,528
749cb2b7-e57e-4453-a794-f6230e4d0226,32,100.0,6.756806568927283,choice,0.5,0.5,765
749cb2b7-e57e-4453-a794-f6230e4d0226,32,100.0,6.756806568927283,feedback,0.6079636240013598,0.49989711472269605,767
d7ec0892-0a6c-4f4f-9d8f-72083692af5c,32,100.0,6.756806568927283,choice,0.7700144682903304,0.5075624924379916,663
d7ec0892-0a6c-4f4f-9d8f-72083692af5c,32,100.0,6.756806568927283,feedback,0.8727456098718558,0.5052762977174594,663
da8dfec1-d265-44e8-84ce-6ae9c109b8bd,32,100.0,6.756806568927283,choice,0.5537062482454974,0.4976490491681674,524
da8dfec1-d265-44e8-84ce-6ae9c109b8bd,32,100.0,6.756806568927283,feedback,0.5391581463285089,0.49996034368803705,528
dab512bd-a02d-4c1f-8dbc-9155a163efc0,32,100.0,6.756806568927283,choice,0.5363361968887858,0.4989625949736996,410
dab512bd-a02d-4c1f-8dbc-9155a163efc0,32,100.0,6.756806568927283,feedback,0.7293942403177756,0.5022225179192392,410
dc7e9403-19f7-409f-9240-05ee57cb7aea,32,100.0,6.756806568927283,choice,0.5777012367107832,0.49971186694831277,859
dc7e9403-19f7-409f-9240-05ee57cb7aea,32,100.0,6.756806568927283,feedback,0.5997546637041151,0.4998751458620637,872
e8f9fba4-d151-4b00-bee7-447f0f3e752c,32,100.0,6.756806568927283,choice,0.535377457203845,0.5055018670358783,771
e8f9fba4-d151-4b00-bee7-447f0f3e752c,32,100.0,6.756806568927283,feedback,0.6874355005159959,0.5019958240762113,802
eebcaf65-7fa4-4118-869d-a084e84530e2,32,100.0,6.756806568927283,choice,0.4981132075471698,0.5009731876861966,723
eebcaf65-7fa4-4118-869d-a084e84530e2,32,100.0,6.756806568927283,feedback,0.8248550342646284,0.5044090765077004,724
fe380793-8035-414e-b000-09bfe5ece92a,32,100.0,6.756806568927283,choice,0.5786454461387827,0.4981694947209652,945
fe380793-8035-414e-b000-09bfe5ece92a,32,100.0,6.756806568927283,feedback,0.5184852553929861,0.4997433403833797,945
1a276285-8b0e-4cc9-9f0a-a3a002978724,inf,150.0,11.16148584969421,choice,0.5044590643274854,0.49904960981047936,636
1a276285-8b0e-4cc9-9f0a-a3a002978724,inf,150.0,11.16148584969421,feedback,0.5484156719235572,0.49536022126022117,637
1e104bf4-7a24-4624-a5b2-c2c8289c0de7,inf,150.0,11.16148584969421,choice,0.5267875571281144,0.5020686895011169,739
1e104bf4-7a24-4624-a5b2-c2c8289c0de7,inf,150.0,11.16148584969421,feedback,0.596748506967485,0.502113614499978,742
6638cfb3-3831-4fc2-9327-194b76cf22e1,inf,150.0,11.16148584969421,choice,0.6007860171682697,0.5064934017845026,524
6638cfb3-3831-4fc2-9327-194b76cf22e1,inf,150.0,11.16148584969421,feedback,0.5131323861372992,0.49979860151414995,528
749cb2b7-e57e-4453-a794-f6230e4d0226,inf,150.0,11.16148584969421,choice,0.4990421455938697,0.49993916797488214,765
749cb2b7-e57e-4453-a794-f6230e4d0226,inf,150.0,11.16148584969421,feedback,0.6005439401665816,0.5002140762024483,767
d7ec0892-0a6c-4f4f-9d8f-72083692af5c,inf,150.0,11.16148584969421,choice,0.7660356884494816,0.5001941621294617,663
d7ec0892-0a6c-4f4f-9d8f-72083692af5c,inf,150.0,11.16148584969421,feedback,0.8688696408796077,0.503808515318517,663
da8dfec1-d265-44e8-84ce-6ae9c109b8bd,inf,150.0,11.16148584969421,choice,0.5125807071199563,0.5057453093683955,524
da8dfec1-d265-44e8-84ce-6ae9c109b8bd,inf,150.0,11.16148584969421,feedback,0.5273934404461559,0.49554230757675893,528
dab512bd-a02d-4c1f-8dbc-9155a163efc0,inf,150.0,11.16148584969421,choice,0.5338112375203158,0.4999493579481446,410
dab512bd-a02d-4c1f-8dbc-9155a163efc0,inf,150.0,11.16148584969421,feedback,0.6822244289970208,0.5008868604073521,410
dc7e9403-19f7-409f-9240-05ee57cb7aea,inf,150.0,11.16148584969421,choice,0.5808255586895206,0.5030413211286705,859
dc7e9403-19f7-409f-9240-05ee57cb7aea,inf,150.0,11.16148584969421,feedback,0.5872563995741332,0.50235131454956,872
e8f9fba4-d151-4b00-bee7-447f0f3e752c,inf,150.0,11.16148584969421,choice,0.5324232319991071,0.5000945676576813,771
e8f9fba4-d151-4b00-bee7-447f0f3e752c,inf,150.0,11.16148584969421,feedback,0.664553068190839,0.5005505120270453,802
eebcaf65-7fa4-4118-869d-a084e84530e2,inf,150.0,11.16148584969421,choice,0.5,0.5,723
eebcaf65-7fa4-4118-869d-a084e84530e2,inf,150.0,11.16148584969421,feedback,0.8514456023681116,0.5002140787576568,724
fe380793-8035-414e-b000-09bfe5ece92a,inf,150.0,11.16148584969421,choice,0.5811023372196333,0.5053704212454213,945
fe380793-8035-414e-b000-09bfe5ece92a,inf,150.0,11.16148584969421,feedback,0.5034965034965035,0.4993788819875776,945
1a276285-8b0e-4cc9-9f0a-a3a002978724,inf-f16,150.0,8.289600098368158,choice,0.5055555555555555,0.5011057360513882,636
1a276285-8b0e-4cc9-9f0a-a3a002978724,inf-f16,150.0,8.289600098368158,feedback,0.5596700647672156,0.49929444444444443,637
1e104bf4-7a24-4624-a5b2-c2c8289c0de7,inf-f16,150.0,8.289600098368158,choice,0.5314794338788147,0.4994883655994044,739
1e104bf4-7a24-4624-a5b2-c2c8289c0de7,inf-f16,150.0,8.289600098368158,feedback,0.5355311576280388,0.5002743889107526,742
6638cfb3-3831-4fc2-9327-194b76cf22e1,inf-f16,150.0,8.289600098368158,choice,0.6225935611601141,0.5005521977561527,524
6638cfb3-3831-4fc2-9327-194b76cf22e1,inf-f16,150.0,8.289600098368158,feedback,0.5215110875049794,0.4991160698191432,528
749cb2b7-e57e-4453-a794-f6230e4d0226,inf-f16,150.0,8.289600098368158,choice,0.49808429118773945,0.49959392987964407,765
749cb2b7-e57e-4453-a794-f6230e4d0226,inf-f16,150.0,8.289600098368158,feedback,0.6032466428692844,0.49913434198317913,767
d7ec0892-0a6c-4f4f-9d8f-72083692af5c,inf-f16,150.0,8.289600098368158,choice,0.773932963588136,0.5048279189352692,663
d7ec0892-0a6c-4f4f-9d8f-72083692af5c,inf-f16,150.0,8.289600098368158,feedback,0.8805370985603544,0.5007608193196158,663
da8dfec1-d265-44e8-84ce-6ae9c109b8bd,inf-f16,150.0,8.289600098368158,choice,0.550086432338992,0.49629005142217936,524
da8dfec1-d265-44e8-84ce-6ae9c109b8bd,inf-f16,150.0,8.289600098368158,feedback,0.5307794449608286,0.4982112224358588,528
dab512bd-a02d-4c1f-8dbc-9155a163efc0,inf-f16,150.0,8.289600098368158,choice,0.535523566287439,0.5000967683531116,410
dab512bd-a02d-4c1f-8dbc-9155a163efc0,inf-f16,150.0,8.289600098368158,feedback,0.702085402184707,0.503384944290682,410
dc7e9403-19f7-409f-9240-05ee57cb7aea,inf-f16,150.0,8.289600098368158,choice,0.5825884139726623,0.5013638645491055,859
dc7e9403-19f7-409f-9240-05ee57cb7aea,inf-f16,150.0,8.289600098368158,feedback,0.6183863352312179,0.49814013039069677,872
e8f9fba4-d151-4b00-bee7-447f0f3e752c,inf-f16,150.0,8.289600098368158,choice,0.5371353432760858,0.5004152859762958,771
e8f9fba4-d151-4b00-bee7-447f0f3e752c,inf-f16,150.0,8.289600098368158,feedback,0.6515142494244661,0.49809680485025104,802
eebcaf65-7fa4-4118-869d-a084e84530e2,inf-f16,150.0,8.289600098368158,choice,0.5,0.5,723
eebcaf65-7fa4-4118-869d-a084e84530e2,inf-f16,150.0,8.289600098368158,feedback,0.8413385507481448,0.5013143877822778,724
fe380793-8035-414e-b000-09bfe5ece92a,inf-f16,150.0,8.289600098368158,choice,0.5698446084386503,0.5063787707390649,945
fe380793-8035-414e-b000-09bfe5ece92a,inf-f16,150.0,8.289600098368158,feedback,0.5359677728755036,0.500883352966374,945
1a276285-8b0e-4cc9-9f0a-a3a002978724,48,150.0,6.646398720859205,choice,0.5083333333333333,0.49962095875139356,636
1a276285-8b0e-4cc9-9f0a-a3a002978724,48,150.0,6.646398720859205,feedback,0.538700589584967,0.49746936026936034,637
1e104bf4-7a24-4624-a5b2-c2c8289c0de7,48,150.0,6.646398720859205,choice,0.5216607695709863,0.5086533413998511,739
1e104bf4-7a24-4624-a5b2-c2c8289c0de7,48,150.0,6.646398720859205,feedback,0.5363576039090305,0.5004609952337224,742
6638cfb3-3831-4fc2-9327-194b76cf22e1,48,150.0,6.646398720859205,choice,0.5882126974277145,0.5010988726696874,524
6638cfb3-3831-4fc2-9327-194b76cf22e1,48,150.0,6.646398720859205,feedback,0.5,0.5,528
749cb2b7-e57e-4453-a794-f6230e4d0226,48,150.0,6.646398720859205,choice,0.5,0.5,765
749cb2b7-e57e-4453-a794-f6230e4d0226,48,150.0,6.646398720859205,feedback,0.6032466428692844,0.4938916823800544,767
d7ec0892-0a6c-4f4f-9d8f-72083692af5c,48,150.0,6.646398720859205,choice,0.7685676392572944,0.5001538717483364,663
d7ec0892-0a6c-4f4f-9d8f-72083692af5c,48,150.0,6.646398720859205,feedback,0.8503994621104256,0.5021112674152095,663
da8dfec1-d265-44e8-84ce-6ae9c109b8bd,48,150.0,6.646398720859205,choice,0.5567867854557275,0.4945196140660287,524
da8dfec1-d265-44e8-84ce-6ae9c109b8bd,48,150.0,6.646398720859205,feedback,0.5271544283627672,0.4994910773298083,528
dab512bd-a02d-4c1f-8dbc-9155a163efc0,48,150.0,6.646398720859205,choice,0.5278616206175992,0.49926384794890694,410
dab512bd-a02d-4c1f-8dbc-9155a163efc0,48,150.0,6.646398720859205,feedback,0.6871586395233367,0.4987166453764813,410
dc7e9403-19f7-409f-9240-05ee57cb7aea,48,150.0,6.646398720859205,choice,0.5718485571707529,0.4970390653523183,859
dc7e9403-19f7-409f-9240-05ee57cb7aea,48,150.0,6.646398720859205,feedback,0.5460352728787669,0.5009673513515748,872
e8f9fba4-d151-4b00-bee7-447f0f3e752c,48,150.0,6.646398720859205,choice,0.5370551222846938,0.49574429914016166,771
e8f9fba4-d151-4b00-bee7-447f0f3e752c,48,150.0,6.646398720859205,feedback,0.6753889815035325,0.5006971286090753,802
eebcaf65-7fa4-4118-869d-a084e84530e2,48,150.0,6.646398720859205,choice,0.5,0.5,723
eebcaf65-7fa4-4118-869d-a084e84530e2,48,150.0,6.646398720859205,feedback,0.8321945582093184,0.4959349487101781,724
fe380793-8035-414e-b000-09bfe5ece92a,48,150.0,6.646398720859205,choice,0.571732606843031,0.5018650883430295,945
fe380793-8035-414e-b000-09bfe5ece92a,48,150.0,6.646398720859205,feedback,0.532471269379,0.49620116727350594,945
1a276285-8b0e-4cc9-9f0a-a3a002978724,24,150.0,6.520632001780509,choice,0.5083333333333333,0.5000074321813451,636
1a276285-8b0e-4cc9-9f0a-a3a002978724,24,150.0,6.520632001780509,feedback,0.5245926635880457,0.4986435064935065,637
1e104bf4-7a24-4624-a5b2-c2c8289c0de7,24,150.0,6.520632001780509,choice,0.5299461890019166,0.49662974683544303,739
1e104bf4-7a24-4624-a5b2-c2c8289c0de7,24,150.0,6.520632001780509,feedback,0.533534415153526,0.5003348965848966,742
6638cfb3-3831-4fc2-9327-194b76cf22e1,24,150.0,6.520632001780509,choice,0.5849253135942556,0.49618353327843834,524
6638cfb3-3831-4fc2-9327-194b76cf22e1,24,150.0,6.520632001780509,feedback,0.5,0.5,528
749cb2b7-e57e-4453-a794-f6230e4d0226,24,150.0,6.520632001780509,choice,0.5,0.5,765
749cb2b7-e57e-4453-a794-f6230e4d0226,24,150.0,6.520632001780509,feedback,0.6001997280299167,0.4991639729430426,767
d7ec0892-0a6c-4f4f-9d8f-72083692af5c,24,150.0,6.520632001780509,choice,0.7725464190981433,0.5021482153660012,663
d7ec0892-0a6c-4f4f-9d8f-72083692af5c,24,150.0,6.520632001780509,feedback,0.8630359120392344,0.5011505809361937,663
da8dfec1-d265-44e8-84ce-6ae9c109b8bd,24,150.0,6.520632001780509,choice,0.549835261439357,0.49759804464879,524
da8dfec1-d265-44e8-84ce-6ae9c109b8bd,24,150.0,6.520632001780509,feedback,0.5271544283627672,0.5008814141080333,528
dab512bd-a02d-4c1f-8dbc-9155a163efc0,24,150.0,6.520632001780509,choice,0.5219120037148828,0.5003520114942528,410
dab512bd-a02d-4c1f-8dbc-9155a163efc0,24,150.0,6.520632001780509,feedback,0.6843036246276067,0.4988562735079127,410
dc7e9403-19f7-409f-9240-05ee57cb7aea,24,150.0,6.520632001780509,choice,0.5752006942937731,0.4995473778229802,859
dc7e9403-19f7-409f-9240-05ee57cb7aea,24,150.0,6.520632001780509,feedback,0.5828704346618525,0.5014325807287111,872
e8f9fba4-d151-4b00-bee7-447f0f3e752c,24,150.0,6.520632001780509,choice,0.5359634192279252,0.4976221579184412,771
e8f9fba4-d151-4b00-bee7-447f0f3e752c,24,150.0,6.520632001780509,feedback,0.6480908152734778,0.5032177635755093,802
eebcaf65-7fa4-4118-869d-a084e84530e2,24,150.0,6.520632001780509,choice,0.5,0.5,723
eebcaf65-7fa4-4118-869d-a084e84530e2,24,150.0,6.520632001780509,feedback,0.8239527999675602,0.49653378148790994,724
fe380793-8035-414e-b000-09bfe5ece92a,24,150.0,6.520632001780509,choice,0.5801073416619826,0.495821805645335,945
fe380793-8035-414e-b000-09bfe5ece92a,24,150.0,6.520632001780509,feedback,0.5283513244859879,0.499908860301992,945
1a276285-8b0e-4cc9-9f0a-a3a002978724,96,150.0,6.904578312228136,choice,0.5055555555555555,0.49915903540903545,636
1a276285-8b0e-4cc9-9f0a-a3a002978724,96,150.0,6.904578312228136,feedback,0.5711568063663559,0.4993458633958634,637
1e104bf4-7a24-4624-a5b2-c2c8289c0de7,96,150.0,6.904578312228136,choice,0.5296771340114994,0.500720215934475,739
1e104bf4-7a24-4624-a5b2-c2c8289c0de7,96,150.0,6.904578312228136,feedback,0.5363576039090305,0.4998079277624733,742
6638cfb3-3831-4fc2-9327-194b76cf22e1,96,150.0,6.904578312228136,choice,0.5941669252249457,0.5006131733988758,524
6638cfb3-3831-4fc2-9327-194b76cf22e1,96,150.0,6.904578312228136,feedback,0.5,0.5,528
749cb2b7-e57e-4453-a794-f6230e4d0226,96,150.0,6.904578312228136,choice,0.5,0.5,765
749cb2b7-e57e-4453-a794-f6230e4d0226,96,150.0,6.904578312228136,feedback,0.6029024307326194,0.5015467959654006,767
d7ec0892-0a6c-4f4f-9d8f-72083692af5c,96,150.0,6.904578312228136,choice,0.7891849529780564,0.5003737144585603,663
d7ec0892-0a6c-4f4f-9d8f-72083692af5c,96,150.0,6.904578312228136,feedback,0.8679006486315457,0.49830057385422305,663
da8dfec1-d265-44e8-84ce-6ae9c109b8bd,96,150.0,6.904578312228136,choice,0.5479219301744899,0.4958022949398002,524
da8dfec1-d265-44e8-84ce-6ae9c109b8bd,96,150.0,6.904578312228136,feedback,0.529650776789271,0.5027032385988103,528
dab512bd-a02d-4c1f-8dbc-9155a163efc0,96,150.0,6.904578312228136,choice,0.5227246343162294,0.4948850574712644,410
dab512bd-a02d-4c1f-8dbc-9155a163efc0,96,150.0,6.904578312228136,feedback,0.6727904667328699,0.5031574409197359,410
dc7e9403-19f7-409f-9240-05ee57cb7aea,96,150.0,6.904578312228136,choice,0.5700314601865915,0.5062660707766129,859
dc7e9403-19f7-409f-9240-05ee57cb7aea,96,150.0,6.904578312228136,feedback,0.559193167615609,0.4995411105424347,872
e8f9fba4-d151-4b00-bee7-447f0f3e752c,96,150.0,6.904578312228136,choice,0.5385723453827588,0.49470129352492614,771
e8f9fba4-d151-4b00-bee7-447f0f3e752c,96,150.0,6.904578312228136,feedback,0.6795864094625704,0.49735096093734965,802
eebcaf65-7fa4-4118-869d-a084e84530e2,96,150.0,6.904578312228136,choice,0.4971698113207547,0.4998510427010923,723
eebcaf65-7fa4-4118-869d-a084e84530e2,96,150.0,6.904578312228136,feedback,0.8376890637038239,0.4996011148763443,724
fe380793-8035-414e-b000-09bfe5ece92a,96,150.0,6.904578312228136,choice,0.5750417036862432,0.5015225705666881,945
fe380793-8035-414e-b000-09bfe5ece92a,96,150.0,6.904578312228136,feedback,0.5289747658824966,0.5007196334868281,945
1a276285-8b0e-4cc9-9f0a-a3a002978724,64,150.0,6.730211287720995,choice,0.5055555555555555,0.49974053724053724,636
1a276285-8b0e-4cc9-9f0a-a3a002978724,64,150.0,6.730211287720995,feedback,0.5445601347622782,0.4988375901875904,637
1e104bf4-7a24-4624-a5b2-c2c8289c0de7,64,150.0,6.730211287720995,choice,0.5130546955624355,0.5050431403574088,739
1e104bf4-7a24-4624-a5b2-c2c8289c0de7,64,150.0,6.730211287720995,feedback,0.5712010617120106,0.5033487472123835,742
6638cfb3-3831-4fc2-9327-194b76cf22e1,64,150.0,6.730211287720995,choice,0.6101901511457826,0.5024638122698479,524
6638cfb3-3831-4fc2-9327-194b76cf22e1,64,150.0,6.730211287720995,feedback,0.5047536847696189,0.49878008021390374,528
749cb2b7-e57e-4453-a794-f6230e4d0226,64,150.0,6.730211287720995,choice,0.5,0.5,765
749cb2b7-e57e-4453-a794-f6230e4d0226,64,150.0,6.730211287720995,feedback,0.6032466428692844,0.5009061386968364,767
d7ec0892-0a6c-4f4f-9d8f-72083692af5c,64,150.0,6.730211287720995,choice,0.7940077164215096,0.4957955232909861,663
d7ec0892-0a6c-4f4f-9d8f-72083692af5c,64,150.0,6.730211287720995,feedback,0.8722710014238253,0.5027894766209129,663
da8dfec1-d265-44e8-84ce-6ae9c109b8bd,64,150.0,6.730211287720995,choice,0.5496284148161281,0.4895896444132783,524
da8dfec1-d265-44e8-84ce-6ae9c109b8bd,64,150.0,6.730211287720995,feedback,0.5271544283627672,0.5022934567085261,528
dab512bd-a02d-4c1f-8dbc-9155a163efc0,64,150.0,6.730211287720995,choice,0.5219120037148828,0.4977011494252874,410
dab512bd-a02d-4c1f-8dbc-9155a163efc0,64,150.0,6.730211287720995,feedback,0.6965926017874876,0.4949865516996664,410
dc7e9403-19f7-409f-9240-05ee57cb7aea,64,150.0,6.730211287720995,choice,0.573098828379258,0.5033955301726387,859
dc7e9403-19f7-409f-9240-05ee57cb7aea,64,150.0,6.730211287720995,feedback,0.5703721705318706,0.5035648163136817,872
e8f9fba4-d151-4b00-bee7-447f0f3e752c,64,150.0,6.730211287720995,choice,0.5348717161711567,0.5028309696770427,771
e8f9fba4-d151-4b00-bee7-447f0f3e752c,64,150.0,6.730211287720995,feedback,0.6488648090815273,0.5017196709033027,802
eebcaf65-7fa4-4118-869d-a084e84530e2,64,150.0,6.730211287720995,choice,0.5,0.5,723
eebcaf65-7fa4-4118-869d-a084e84530e2,64,150.0,6.730211287720995,feedback,0.8386115729289161,0.4995765375467211,724
fe380793-8035-414e-b000-09bfe5ece92a,64,150.0,6.730211287720995,choice,0.5727276024006818,0.4954335811247576,945
fe380793-8035-414e-b000-09bfe5ece92a,64,150.0,6.730211287720995,feedback,0.5289747658824966,0.5007157514992503,945
1a276285-8b0e-4cc9-9f0a-a3a002978724,32,150.0,6.562723612198428,choice,0.5083333333333333,0.4996197642936773,636
1a276285-8b0e-4cc9-9f0a-a3a002978724,32,150.0,6.562723612198428,feedback,0.538700589584967,0.49943239538239553,637
1e104bf4-7a24-4624-a5b2-c2c8289c0de7,32,150.0,6.562723612198428,choice,0.5402403066489754,0.4944162788533134,739
1e104bf4-7a24-4624-a5b2-c2c8289c0de7,32,150.0,6.562723612198428,feedback,0.5630753453580262,0.4990845686300232,742
6638cfb3-3831-4fc2-9327-194b76cf22e1,32,150.0,6.562723612198428,choice,0.584799728144438,0.4888205973644984,524
6638cfb3-3831-4fc2-9327-194b76cf22e1,32,150.0,6.562723612198428,feedback,0.5,0.5,528
749cb2b7-e57e-4453-a794-f6230e4d0226,32,150.0,6.562723612198428,choice,0.5,0.5,765
749cb2b7-e57e-4453-a794-f6230e4d0226,32,150.0,6.562723612198428,feedback,0.606161822199558,0.5007207955463769,767
d7ec0892-0a6c-4f4f-9d8f-72083692af5c,32,150.0,6.562723612198428,choice,0.7839401977333011,0.5039947670901391,663
d7ec0892-0a6c-4f4f-9d8f-72083692af5c,32,150.0,6.562723612198428,feedback,0.8751977535200126,0.49671757530495386,663
da8dfec1-d265-44e8-84ce-6ae9c109b8bd,32,150.0,6.562723612198428,choice,0.5631547064994165,0.4957113086082273,524
da8dfec1-d265-44e8-84ce-6ae9c109b8bd,32,150.0,6.562723612198428,feedback,0.5282830965343248,0.5016655651024454,528
dab512bd-a02d-4c1f-8dbc-9155a163efc0,32,150.0,6.562723612198428,choice,0.5219120037148828,0.500941091954023,410
dab512bd-a02d-4c1f-8dbc-9155a163efc0,32,150.0,6.562723612198428,feedback,0.6762971698113207,0.4940541302959334,410
dc7e9403-19f7-409f-9240-05ee57cb7aea,32,150.0,6.562723612198428,choice,0.5740643306574094,0.4928380730715069,859
dc7e9403-19f7-409f-9240-05ee57cb7aea,32,150.0,6.562723612198428,feedback,0.5865967689672731,0.49809016531493117,872
e8f9fba4-d151-4b00-bee7-447f0f3e752c,32,150.0,6.562723612198428,choice,0.5364691602606135,0.5024466304305014,771
e8f9fba4-d151-4b00-bee7-447f0f3e752c,32,150.0,6.562723612198428,feedback,0.674614987695483,0.5017185089541616,802
eebcaf65-7fa4-4118-869d-a084e84530e2,32,150.0,6.562723612198428,choice,0.5,0.5,723
eebcaf65-7fa4-4118-869d-a084e84530e2,32,150.0,6.562723612198428,feedback,0.8358643201816633,0.4942923428015171,724
fe380793-8035-414e-b000-09bfe5ece92a,32,150.0,6.562723612198428,choice,0.5815080415586299,0.49938092544710194,945
fe380793-8035-414e-b000-09bfe5ece92a,32,150.0,6.562723612198428,feedback,0.5283513244859879,0.5001005970229172,945
