pid,epsilon,alpha,cr,cr_realized,file_bytes,r2_wheel,balanced_accuracy_choice,null_choice,balanced_accuracy_feedback,null_feedback
1a276285-8b0e-4cc9-9f0a-a3a002978724,50.0,14.0,50.11182377114555,40.64348253453104,46969194,0.1330651766965428,0.5016812865497077,0.5011057360513882,0.5429409543725131,0.4976141173641173
1a276285-8b0e-4cc9-9f0a-a3a002978724,50.0,28.0,63.686658561371246,51.50144964132954,37066755,0.1329704260556818,0.5016812865497077,0.5009178743961352,0.539550114722198,0.499277898027898
1a276285-8b0e-4cc9-9f0a-a3a002978724,50.0,40.0,69.10120420536862,55.8841419751498,34159809,0.1315032657128326,0.4989035087719298,0.4998702686202687,0.5171139380209695,0.4990739057239057
1a276285-8b0e-4cc9-9f0a-a3a002978724,50.0,55.0,73.19985823429899,58.48439389635926,32641043,0.1277261902936317,0.5005847953216375,0.5002018633540373,0.5042403647875461,0.4991911736411737
1a276285-8b0e-4cc9-9f0a-a3a002978724,50.0,75.0,76.68677215507451,60.68253548958497,31458666,0.1200626672040723,0.4989035087719298,0.4998702686202687,0.4979959919839679,0.5008222222222222
1a276285-8b0e-4cc9-9f0a-a3a002978724,50.0,96.0,79.11329259360573,63.3418901999844,30137901,0.1145998737270717,0.5027777777777778,0.4998702686202687,0.500617176381749,0.5004552910052911
1a276285-8b0e-4cc9-9f0a-a3a002978724,100.0,14.0,63.56365577070524,49.27614638915513,38740684,0.1330781258656075,0.5016812865497077,0.5003298030471943,0.5153422787604194,0.4997640452140451
1a276285-8b0e-4cc9-9f0a-a3a002978724,100.0,28.0,87.02075238630499,66.17919240785088,28845798,0.132991398063286,0.5016812865497077,0.499951690821256,0.539550114722198,0.5008646705146705
1a276285-8b0e-4cc9-9f0a-a3a002978724,100.0,40.0,97.40505579777012,73.59557668979984,25938945,0.1315032657128326,0.4989035087719298,0.4996764346764347,0.5171139380209695,0.4988458393458394
1a276285-8b0e-4cc9-9f0a-a3a002978724,100.0,55.0,105.70601870478114,78.17271183802544,24420179,0.1277261902936317,0.5005847953216375,0.4998141954663693,0.5042403647875461,0.4987141895141894
1a276285-8b0e-4cc9-9f0a-a3a002978724,100.0,75.0,113.0959783628296,82.15026601913554,23237802,0.1200626672040723,0.4989035087719298,0.5000641025641026,0.4979959919839679,0.4998814814814815
1a276285-8b0e-4cc9-9f0a-a3a002978724,100.0,96.0,118.42644910513324,87.10080728521834,21917037,0.1145998737270717,0.5027777777777778,0.4998702686202687,0.500617176381749,0.501121164021164
1a276285-8b0e-4cc9-9f0a-a3a002978724,150.0,14.0,70.43440703988648,53.60128259531755,35614663,0.1333302454041917,0.5016812865497077,0.5001371635610766,0.5153422787604194,0.4994901875901876
1a276285-8b0e-4cc9-9f0a-a3a002978724,250.0,14.0,77.59652340796637,57.617283256802715,33132274,0.1325669684269524,0.5016812865497077,0.5001359691033603,0.5685356219685748,0.4962623857623858
1a276285-8b0e-4cc9-9f0a-a3a002978724,250.0,28.0,114.5617915239321,81.38093333128708,23457480,0.1330212028096051,0.5016812865497077,0.4995652173913044,0.5441753071360111,0.4999768398268399
1a276285-8b0e-4cc9-9f0a-a3a002978724,250.0,40.0,133.18372210438744,92.83969451764364,20562235,0.1314911408498402,0.4989035087719298,0.5000641025641026,0.5171139380209695,0.5000288840788842
1a276285-8b0e-4cc9-9f0a-a3a002978724,250.0,55.0,149.1506550587854,100.23763175609332,19044660,0.1278236834546168,0.5005847953216375,0.4990400541487497,0.5042403647875461,0.4998468494468496
1a276285-8b0e-4cc9-9f0a-a3a002978724,250.0,75.0,164.24823935812543,106.87182803693112,17862440,0.1200626672040723,0.4989035087719298,0.4998702686202687,0.4979959919839679,0.4996462962962962
1a276285-8b0e-4cc9-9f0a-a3a002978724,250.0,96.0,175.7060036246409,115.40494169878755,16541680,0.1145998737270717,0.5027777777777778,0.4994826007326008,0.500617176381749,0.5004222222222222
1a276285-8b0e-4cc9-9f0a-a3a002978724,300.0,14.0,80.31372196059426,59.12609989276107,32286784,0.1326386763375732,0.5044590643274854,0.4998219594415246,0.5495701548023584,0.4969093554593554
1a276285-8b0e-4cc9-9f0a-a3a002978724,300.0,40.0,140.0296274301335,95.9700503757,19891535,0.1315633113922275,0.4989035087719298,0.5002579365079365,0.5183482907844674,0.5016053391053392
1a276285-8b0e-4cc9-9f0a-a3a002978724,300.0,55.0,157.76486819497276,103.8833901919174,18376293,0.1278425656847598,0.5005847953216375,0.4996215559802516,0.5042403647875461,0.5000942520442521
1a276285-8b0e-4cc9-9f0a-a3a002978724,300.0,75.0,174.75348540100578,111.02423863441796,17194368,0.1200573269610351,0.4989035087719298,0.4998702686202687,0.4979959919839679,0.5008222222222222
1a276285-8b0e-4cc9-9f0a-a3a002978724,300.0,96.0,187.78460889832945,120.261705235313,15873645,0.1147202895818737,0.5027777777777778,0.4998702686202687,0.500617176381749,0.5001936507936509
1a276285-8b0e-4cc9-9f0a-a3a002978724,350.0,14.0,82.59579133716286,60.29743017793821,31659585,0.1316610434767532,0.5033625730994152,0.4998872564633434,0.5324562167813889,0.5006474266474267
1a276285-8b0e-4cc9-9f0a-a3a002978724,350.0,28.0,123.67875549366263,85.58057060569298,22306367,0.1329034854781157,0.5016812865497077,0.5001449275362319,0.5475661467863263,0.5025945406445407
1a276285-8b0e-4cc9-9f0a-a3a002978724,350.0,40.0,145.36200911865487,98.16233117894608,19447293,0.1314619142242764,0.4989035087719298,0.4996764346764347,0.5171139380209695,0.4988524531024531
1a276285-8b0e-4cc9-9f0a-a3a002978724,350.0,55.0,164.49929641013648,106.4379055314556,17935261,0.1278017190731937,0.5005847953216375,0.4994253331209852,0.5042403647875461,0.4994065175565175
1a276285-8b0e-4cc9-9f0a-a3a002978724,350.0,96.0,197.32388984770856,123.6929002166482,15433316,0.1147292509067114,0.5027777777777778,0.5006456043956043,0.500617176381749,0.4985539682539682
1a276285-8b0e-4cc9-9f0a-a3a002978724,450.0,14.0,90.97125982008282,64.8413684448791,29440952,0.13185770616841,0.5016812865497077,0.5003220390720391,0.537930934332433,0.4994209716209717
1a276285-8b0e-4cc9-9f0a-a3a002978724,450.0,40.0,163.1991327722047,105.42247294485192,18108014,0.1302421990123561,0.5,0.5,0.5127210943626384,0.5006623376623377
1a276285-8b0e-4cc9-9f0a-a3a002978724,450.0,55.0,187.3744186414052,114.87334186613136,16618230,0.1273299599428836,0.5005847953216375,0.5003933083824388,0.4979959919839679,0.500587037037037
1a276285-8b0e-4cc9-9f0a-a3a002978724,450.0,75.0,211.66822555735524,123.64560772147864,15439219,0.1198691622941576,0.4989035087719298,0.5008394383394383,0.4979959919839679,0.4998814814814815
1e104bf4-7a24-4624-a5b2-c2c8289c0de7,50.0,14.0,51.869872257432235,41.317224378601615,48958608,0.0461951201508229,0.5376308418104083,0.4996083395383471,0.5695481691500272,0.4986437972801609
1e104bf4-7a24-4624-a5b2-c2c8289c0de7,50.0,28.0,68.67321304157107,54.03680751236918,37434369,0.0400089264237093,0.5338198437269644,0.4963328369322412,0.5423478313325693,0.4974539223402858
1e104bf4-7a24-4624-a5b2-c2c8289c0de7,50.0,40.0,76.41323608912505,59.80662135280093,33822907,0.0397293517826354,0.5707098628925255,0.503097635889799,0.5597695602340592,0.5001684048274958
1e104bf4-7a24-4624-a5b2-c2c8289c0de7,50.0,55.0,81.72581612407892,62.89615839866096,32161484,0.0365740231807193,0.5445599292348517,0.4942553983618763,0.5141159437775231,0.5000171083125629
1e104bf4-7a24-4624-a5b2-c2c8289c0de7,50.0,75.0,85.31433626435371,66.33806431792259,30492807,0.0322950811282075,0.539764853309745,0.4967661950856292,0.5056463775110093,0.4996388123660851
1e104bf4-7a24-4624-a5b2-c2c8289c0de7,50.0,96.0,87.2524608615716,67.63961554134981,29906051,0.0294662896080916,0.5369268760135634,0.5030164277736411,0.5084695662665139,0.5002245397699944
1e104bf4-7a24-4624-a5b2-c2c8289c0de7,100.0,14.0,63.94466979793832,48.88897129829324,41376076,0.0462213329765569,0.5254828247088309,0.4987640543559195,0.5695481691500272,0.4996771284271283
1e104bf4-7a24-4624-a5b2-c2c8289c0de7,100.0,28.0,91.50068386092188,67.74168318794243,29860991,0.0400091770541157,0.5325667108948843,0.496580742740134,0.5423478313325693,0.4985996873496872
1e104bf4-7a24-4624-a5b2-c2c8289c0de7,100.0,40.0,105.76089078074442,77.06136241816557,26249650,0.0397293517826354,0.5707098628925255,0.5028303239017127,0.5597695602340592,0.5037859110586385
1e104bf4-7a24-4624-a5b2-c2c8289c0de7,100.0,55.0,116.20933340963464,82.26838771254226,24588227,0.0365740231807193,0.5445599292348517,0.4923573157110945,0.5141159437775231,0.4993772683545411
1e104bf4-7a24-4624-a5b2-c2c8289c0de7,100.0,75.0,123.5968424473108,88.25800646173245,22919550,0.0322950811282075,0.539764853309745,0.509428006329114,0.5056463775110093,0.5005448423630241
1e104bf4-7a24-4624-a5b2-c2c8289c0de7,100.0,96.0,127.70396356413072,90.57683476595004,22332794,0.0294662896080916,0.5369268760135634,0.4953592237527923,0.5084695662665139,0.4995516310289038
1e104bf4-7a24-4624-a5b2-c2c8289c0de7,150.0,14.0,69.78319094920877,52.60102337809633,38456168,0.0460728947417673,0.5359427981719003,0.5004953927773641,0.5877963443325089,0.5023996458087369
1e104bf4-7a24-4624-a5b2-c2c8289c0de7,250.0,14.0,78.26828277660198,57.459924928390755,35204254,0.0446023227983999,0.5273367241633495,0.5004504374534623,0.5869698980515172,0.5048649919104463
1e104bf4-7a24-4624-a5b2-c2c8289c0de7,250.0,28.0,122.06996890357442,84.248167097792,24010419,0.039880591289398,0.5253796255344243,0.4978340469099032,0.5415213850515775,0.4988396409987318
1e104bf4-7a24-4624-a5b2-c2c8289c0de7,250.0,40.0,148.6666885324435,99.02905813963108,20426669,0.0397340263301487,0.5677686864219372,0.4953993857036485,0.5597695602340592,0.499968352354716
1e104bf4-7a24-4624-a5b2-c2c8289c0de7,250.0,55.0,170.14192050244762,107.7795577222406,18768251,0.0365057869698399,0.5445599292348517,0.4999979058078927,0.5141159437775231,0.5013827670645853
1e104bf4-7a24-4624-a5b2-c2c8289c0de7,250.0,75.0,186.45088585495947,118.29361284810447,17100110,0.0322986014127019,0.539764853309745,0.501936895011169,0.5056463775110093,0.4996388123660851
1e104bf4-7a24-4624-a5b2-c2c8289c0de7,250.0,96.0,195.95941289140728,122.49558555763144,16513524,0.0294661945735961,0.5354562877782691,0.50424902271035,0.5084695662665139,0.5004378197560017
1e104bf4-7a24-4624-a5b2-c2c8289c0de7,300.0,14.0,79.74319948581574,58.31149284238959,34690139,0.0454643347584136,0.5324008550788737,0.5047734084139985,0.565072087832539,0.4997366522366521
1e104bf4-7a24-4624-a5b2-c2c8289c0de7,300.0,40.0,153.18908744744394,101.0982173665324,20008600,0.0396838738591907,0.5721804511278196,0.5017060685033506,0.5645894914640767,0.5014194433512615
1e104bf4-7a24-4624-a5b2-c2c8289c0de7,300.0,55.0,176.0751322769995,110.22245470917952,18352284,0.0364760627062922,0.5433067964027716,0.5053951507818316,0.5141159437775231,0.4995773208273208
1e104bf4-7a24-4624-a5b2-c2c8289c0de7,300.0,75.0,193.6062600205565,121.23966820395374,16684587,0.0322962190167794,0.5376934984520124,0.4993299981384959,0.5056463775110093,0.5012243648607285
1e104bf4-7a24-4624-a5b2-c2c8289c0de7,300.0,96.0,203.89285424364044,125.65733516478056,16098016,0.029466267697485,0.5354562877782691,0.4981411485480267,0.5084695662665139,0.500178243473698
1e104bf4-7a24-4624-a5b2-c2c8289c0de7,350.0,14.0,82.66800390374227,59.85173456915179,33797413,0.0452622532752471,0.5362229102167183,0.5022265450483991,0.5614224527960427,0.5028959508504963
1e104bf4-7a24-4624-a5b2-c2c8289c0de7,350.0,28.0,130.98255664683015,88.33746163304102,22898935,0.0404359878977518,0.5185131947515849,0.4998637844378257,0.5451710200880738,0.4990928221610039
1e104bf4-7a24-4624-a5b2-c2c8289c0de7,350.0,40.0,161.70822132262631,104.4757295282794,19361758,0.0400154679489171,0.5752874834144184,0.5008565711094565,0.5561199251975629,0.4983428986838077
1e104bf4-7a24-4624-a5b2-c2c8289c0de7,350.0,55.0,187.30562738332068,114.21198334027996,17711222,0.0367488421766221,0.5435242518059855,0.5022221239761727,0.5141159437775231,0.4977784883466702
1e104bf4-7a24-4624-a5b2-c2c8289c0de7,350.0,96.0,219.02899462807437,130.8559394491528,15458479,0.0294662183037993,0.5369268760135634,0.503683125465376,0.5084695662665139,0.499738455988456
1e104bf4-7a24-4624-a5b2-c2c8289c0de7,450.0,14.0,90.43096184516818,64.04220813768858,31585947,0.042852350506225,0.5333333333333333,0.5086302587490692,0.5566025215660252,0.4979662425116972
1e104bf4-7a24-4624-a5b2-c2c8289c0de7,450.0,40.0,183.49954444874624,112.89015064399833,17918603,0.0383366995016195,0.5758882500368568,0.4977530249441549,0.5274054412740544,0.4985017928199746
1e104bf4-7a24-4624-a5b2-c2c8289c0de7,450.0,55.0,216.34879649297667,124.08922447738684,16301446,0.036911483820784,0.5452122954444936,0.4995635238272525,0.5048199312300176,0.5000920460011369
1e104bf4-7a24-4624-a5b2-c2c8289c0de7,450.0,75.0,243.0520532717884,138.0808793123103,14649630,0.0326376170467583,0.5516438154209051,0.5053610852568875,0.5056463775110093,0.4996388123660851
6638cfb3-3831-4fc2-9327-194b76cf22e1,50.0,14.0,64.1388938979091,50.75067817416689,32505293,0.0375980690080343,0.5863806273362587,0.5007258064080112,0.5095073695392378,0.4979576999339061
6638cfb3-3831-4fc2-9327-194b76cf22e1,50.0,28.0,80.77097492682793,63.00957775447097,26181189,0.0429233737351454,0.5745164960182025,0.4950068096135848,0.5142610543088567,0.4998930105750165
6638cfb3-3831-4fc2-9327-194b76cf22e1,50.0,40.0,87.6136914603983,67.11016344107823,24581458,0.0386430057914424,0.5800127062925697,0.4985619807297937,0.5095073695392378,0.5010695187165777
6638cfb3-3831-4fc2-9327-194b76cf22e1,50.0,55.0,92.14206470665508,71.34314709445019,23122973,0.0256978965120283,0.5697737984427405,0.4938579367006004,0.5047536847696189,0.4991539986781229
6638cfb3-3831-4fc2-9327-194b76cf22e1,50.0,75.0,94.95959062956489,73.46876492636737,22453973,0.0170749456726704,0.5686878536707889,0.4988934526606153,0.5,0.5
6638cfb3-3831-4fc2-9327-194b76cf22e1,50.0,96.0,96.26399915744928,74.64799792861861,22099262,0.0064105773988308,0.5998256578461356,0.4989760979589542,0.5117647058823529,0.5002048909451421
6638cfb3-3831-4fc2-9327-194b76cf22e1,100.0,14.0,82.8713010423559,61.930272952369194,26637468,0.0376074951006083,0.588087111977897,0.5047186404994402,0.5095073695392378,0.4986582947785855
6638cfb3-3831-4fc2-9327-194b76cf22e1,100.0,28.0,112.86343855704962,81.19398363535824,20317585,0.0429278723264657,0.5745164960182025,0.5056596147472603,0.5142610543088567,0.500245223216968
6638cfb3-3831-4fc2-9327-194b76cf22e1,100.0,40.0,126.6783119544266,88.13297248833831,18717917,0.0386430057914424,0.5800127062925697,0.5065476245829482,0.5095073695392378,0.4996657754010696
6638cfb3-3831-4fc2-9327-194b76cf22e1,100.0,55.0,136.35003955671434,95.58053034421992,17259432,0.0256978965120283,0.5697737984427405,0.5033416847292185,0.5047536847696189,0.5012557832121612
6638cfb3-3831-4fc2-9327-194b76cf22e1,100.0,75.0,142.58010668061252,99.4347623979894,16590432,0.0170749456726704,0.5686878536707889,0.4909810979832838,0.5,0.5
6638cfb3-3831-4fc2-9327-194b76cf22e1,100.0,96.0,145.5217345422026,101.6071700172724,16235721,0.0064105773988308,0.5998256578461356,0.500510488535033,0.5117647058823529,0.4995042961004626
6638cfb3-3831-4fc2-9327-194b76cf22e1,150.0,14.0,94.03309044029189,68.04347184429818,24244290,0.0376051635230566,0.5902516141423991,0.4922149748241637,0.5153897224804143,0.4982231643934386
6638cfb3-3831-4fc2-9327-194b76cf22e1,250.0,14.0,110.94868008358668,76.39346365457969,21594330,0.0395750468552719,0.6059867322665957,0.5081220672570315,0.5260257601912096,0.5008093492759719
6638cfb3-3831-4fc2-9327-194b76cf22e1,250.0,28.0,169.6436000055757,106.6815566532115,15463457,0.0433695499719114,0.5676905574516496,0.4988862726948822,0.5142610543088567,0.5012961154839871
6638cfb3-3831-4fc2-9327-194b76cf22e1,250.0,40.0,202.79951979532945,118.93523060735734,13870286,0.0384105806193157,0.5661096582598288,0.5032113113115277,0.5095073695392378,0.5000167112299466
6638cfb3-3831-4fc2-9327-194b76cf22e1,250.0,55.0,228.7707015041754,132.8983853601692,12412985,0.0255112089149504,0.5653192086639186,0.4968372656441343,0.5047536847696189,0.4998545935228023
6638cfb3-3831-4fc2-9327-194b76cf22e1,250.0,75.0,246.8270017404792,140.46673733433593,11744173,0.0170668775726613,0.5686878536707889,0.4962091443459662,0.5,0.5
6638cfb3-3831-4fc2-9327-194b76cf22e1,250.0,96.0,255.73706333571857,144.84140374672657,11389462,0.0064105773988308,0.5998256578461356,0.4993783274248198,0.5117647058823529,0.4984534038334435
6638cfb3-3831-4fc2-9327-194b76cf22e1,300.0,14.0,120.9652817723874,81.00023372075987,20366184,0.0424811380628037,0.5935833222522642,0.5004094513327542,0.5212720754215907,0.4995529276572732
6638cfb3-3831-4fc2-9327-194b76cf22e1,300.0,40.0,232.9427690837683,128.20465174113886,12867440,0.0380835648477929,0.558116513747913,0.497736625286347,0.5095073695392378,0.5000167112299466
6638cfb3-3831-4fc2-9327-194b76cf22e1,300.0,55.0,267.8320887895724,144.5845667727811,11409694,0.0239783176864396,0.5636127240222804,0.4972915133670092,0.5047536847696189,0.4995042961004626
6638cfb3-3831-4fc2-9327-194b76cf22e1,300.0,75.0,292.8666311093381,153.55163033209058,10743394,0.0166159739092597,0.5686878536707889,0.5074303332466475,0.5,0.5
6638cfb3-3831-4fc2-9327-194b76cf22e1,300.0,96.0,305.4469271614832,158.79449435505924,10388683,0.0064105773988308,0.5998256578461356,0.4985360141782696,0.5117647058823529,0.5012557832121612
6638cfb3-3831-4fc2-9327-194b76cf22e1,350.0,14.0,129.9364319167222,85.0656640978505,19392850,0.0442670002348128,0.5908352171150806,0.5064381720066761,0.5153897224804143,0.501336898395722
6638cfb3-3831-4fc2-9327-194b76cf22e1,350.0,28.0,208.14916598520364,120.12911793230016,13732438,0.0417291919796127,0.5718939763308364,0.5027024677347588,0.5153897224804143,0.5010057531695006
6638cfb3-3831-4fc2-9327-194b76cf22e1,350.0,40.0,259.5184906767305,135.59765922514808,12165886,0.0373851804460844,0.5589069633438234,0.5004565441765234,0.5142610543088567,0.5030080213903744
6638cfb3-3831-4fc2-9327-194b76cf22e1,350.0,55.0,303.46542172604387,154.01608440522244,10710996,0.0246900083830962,0.5636127240222804,0.5009278267465618,0.5047536847696189,0.4988037012557831
6638cfb3-3831-4fc2-9327-194b76cf22e1,350.0,96.0,352.68143420774885,170.23315462108997,9690625,0.0064254486522702,0.5998256578461356,0.4952489712590512,0.5117647058823529,0.4988037012557831
6638cfb3-3831-4fc2-9327-194b76cf22e1,450.0,14.0,144.62061957939736,91.6955397920902,17990686,0.0409407886731998,0.584341710621574,0.4943197725875612,0.5153897224804143,0.4989358889623264
6638cfb3-3831-4fc2-9327-194b76cf22e1,450.0,40.0,300.24138304864454,146.09227694472068,11291943,0.0372982091409229,0.5798427965663461,0.497624026068466,0.5106360377107954,0.5011530748663102
6638cfb3-3831-4fc2-9327-194b76cf22e1,450.0,55.0,359.31659464698964,167.28230554028585,9861567,0.0251142087680616,0.5634871385724628,0.5007224935134308,0.5,0.5
6638cfb3-3831-4fc2-9327-194b76cf22e1,450.0,75.0,405.61118235186507,179.24366486984653,9203481,0.0147980676389386,0.5683554215977424,0.5006141465870022,0.5,0.5
749cb2b7-e57e-4453-a794-f6230e4d0226,50.0,14.0,49.84465604262646,39.98613034617825,54005097,0.0544783272310925,0.5,0.5,0.5923550909399966,0.5013215707401755
749cb2b7-e57e-4453-a794-f6230e4d0226,50.0,28.0,61.58098658365176,49.06734195526324,44010023,0.0634700345318806,0.4990421455938697,0.5000892857142857,0.6062935577086521,0.5013743228278112
749cb2b7-e57e-4453-a794-f6230e4d0226,50.0,40.0,66.8260778926025,53.20169278293292,40589965,0.068974308759425,0.4993259543067972,0.5000995225013081,0.5757649158592555,0.4968241746730119
749cb2b7-e57e-4453-a794-f6230e4d0226,50.0,55.0,70.73809056038125,55.707445773749264,38764205,0.0688514377543627,0.4964523910884064,0.4980406200941915,0.5756331803501615,0.4964032055311125
749cb2b7-e57e-4453-a794-f6230e4d0226,50.0,75.0,73.81500000333104,58.041520377206005,37205346,0.073740646798701,0.5,0.5,0.5996430392656807,0.4969293047200024
749cb2b7-e57e-4453-a794-f6230e4d0226,50.0,96.0,75.7588222201349,59.85702390087303,36076883,0.077050164612189,0.4961685823754789,0.5011077315541601,0.6069309875913649,0.5000998922510551
749cb2b7-e57e-4453-a794-f6230e4d0226,100.0,14.0,65.71262475150273,50.09879721861066,43103926,0.0544661691654958,0.5,0.5,0.5923550909399966,0.4956170871868546
749cb2b7-e57e-4453-a794-f6230e4d0226,100.0,28.0,87.73998826261901,65.20119913535876,33119864,0.0634700322268124,0.4990421455938697,0.4993386970172683,0.6062935577086521,0.4965124509891953
749cb2b7-e57e-4453-a794-f6230e4d0226,100.0,40.0,98.78722476376326,72.7091965268823,29699886,0.0689743096067185,0.4993259543067972,0.4999527407116692,0.5757649158592555,0.4994164347071323
749cb2b7-e57e-4453-a794-f6230e4d0226,100.0,55.0,107.58419333177584,77.47164182649196,27874133,0.0688514377543627,0.4964523910884064,0.5013432103610675,0.5756331803501615,0.4994988177546316
749cb2b7-e57e-4453-a794-f6230e4d0226,100.0,75.0,114.86949893506002,82.0608916327453,26315274,0.073740646798701,0.5,0.5,0.5996430392656807,0.5008287689683039
749cb2b7-e57e-4453-a794-f6230e4d0226,100.0,96.0,119.65066763918912,85.73752540565775,25186811,0.077050164612189,0.4961685823754789,0.4999067896389324,0.6069309875913649,0.5082657657657658
749cb2b7-e57e-4453-a794-f6230e4d0226,150.0,14.0,73.97749792310734,55.197999017278704,39121977,0.0543561589289507,0.5,0.5,0.5956144824069353,0.4987376163538953
749cb2b7-e57e-4453-a794-f6230e4d0226,250.0,14.0,84.36500418774125,61.16510382947441,35305341,0.0546714110442745,0.5,0.5,0.5958269590345062,0.4982777378707612
749cb2b7-e57e-4453-a794-f6230e4d0226,250.0,28.0,122.83017199811256,84.21286556147855,25642814,0.0633248751945112,0.4990421455938697,0.5002394034536891,0.6092894781574026,0.4954663883152255
749cb2b7-e57e-4453-a794-f6230e4d0226,250.0,40.0,145.53436393685635,97.08176096104997,22243672,0.0689502263603135,0.4993259543067972,0.4990570381998953,0.5725055243923168,0.499059815629583
749cb2b7-e57e-4453-a794-f6230e4d0226,250.0,55.0,165.47046988150515,105.74900474124888,20420569,0.0688496902192383,0.4964523910884064,0.5002923861852433,0.5756331803501615,0.4977159468438538
749cb2b7-e57e-4453-a794-f6230e4d0226,250.0,75.0,183.36333560191233,114.48695269440168,18862017,0.0737433069309029,0.5,0.5,0.5996430392656807,0.4994634252192392
749cb2b7-e57e-4453-a794-f6230e4d0226,250.0,96.0,195.85098933248548,121.77204146820849,17733585,0.0770515922117149,0.4961685823754789,0.4996065541601255,0.6069309875913649,0.4988176049803957
749cb2b7-e57e-4453-a794-f6230e4d0226,300.0,14.0,87.58906718946122,62.88655613408643,34338895,0.054565483079832,0.5,0.5,0.6011006289308176,0.5054917542126843
749cb2b7-e57e-4453-a794-f6230e4d0226,300.0,40.0,153.6572682713347,100.55148944571432,21476110,0.0689146017813344,0.5026252305945792,0.5013707155939298,0.5652175760666327,0.5010211457304482
749cb2b7-e57e-4453-a794-f6230e4d0226,300.0,55.0,176.00157017452156,109.8590329822078,19656598,0.0688813192679104,0.4964523910884064,0.4989413265306123,0.5756331803501615,0.5008254018137739
749cb2b7-e57e-4453-a794-f6230e4d0226,300.0,75.0,196.3790515188469,119.31648914318804,18098545,0.073745590453361,0.5,0.5,0.5996430392656807,0.5073343359971266
749cb2b7-e57e-4453-a794-f6230e4d0226,300.0,96.0,210.7812426944309,127.24998217461244,16970178,0.0770515673792615,0.4961685823754789,0.5002070251177394,0.6069309875913649,0.5029060788363114
749cb2b7-e57e-4453-a794-f6230e4d0226,350.0,14.0,92.01026987682675,65.29711847270671,33071212,0.0544053533127218,0.5,0.5,0.597628760836308,0.4970898805782526
749cb2b7-e57e-4453-a794-f6230e4d0226,350.0,28.0,136.4184768042812,90.36720854229226,23896443,0.063186705831432,0.501099758762594,0.5008048796441653,0.5997747747747748,0.4979394510789859
749cb2b7-e57e-4453-a794-f6230e4d0226,350.0,40.0,164.3826336395597,105.0003760059667,20566163,0.0690632984323502,0.5026252305945792,0.4995476190476189,0.5734064252932177,0.4999357995869623
749cb2b7-e57e-4453-a794-f6230e4d0226,350.0,55.0,190.06647003423677,115.13066940434054,18756556,0.0688223981124035,0.4964523910884064,0.4990914442700156,0.5756331803501615,0.5018404118404118
749cb2b7-e57e-4453-a794-f6230e4d0226,350.0,96.0,231.23328294760975,134.3610513419898,16072030,0.0770515803363899,0.4961685823754789,0.5000569073783359,0.6069309875913649,0.5046584957050073
749cb2b7-e57e-4453-a794-f6230e4d0226,450.0,14.0,97.13385198962555,68.18666099564079,31669755,0.0582801112821413,0.5,0.5,0.5829211286758457,0.4982333662566221
749cb2b7-e57e-4453-a794-f6230e4d0226,450.0,40.0,176.09690735887204,109.8739126859882,19653936,0.0705095240993448,0.5046828437633035,0.4993524986917843,0.5806943736189019,0.500937191344168
749cb2b7-e57e-4453-a794-f6230e4d0226,450.0,55.0,205.59787129835763,120.88155693998635,17864221,0.0690270808748116,0.4964523910884064,0.5002923861852433,0.5893081761006289,0.4997961000867977
749cb2b7-e57e-4453-a794-f6230e4d0226,450.0,75.0,233.8138492074845,132.3800979050833,16312534,0.0737610197717746,0.5,0.5,0.5995622981472037,0.4980185417976116
d7ec0892-0a6c-4f4f-9d8f-72083692af5c,50.0,14.0,35.023174351804975,29.30916554463102,60798722,0.3085044840604314,0.7686882083433808,0.5047268602540834,0.8659428887834204,0.4996925094211669
d7ec0892-0a6c-4f4f-9d8f-72083692af5c,50.0,28.0,45.246530929649346,38.1052082441002,46764206,0.3046078482657163,0.7791174342898481,0.5067752873563218,0.8173548489163107,0.4962818785248898
d7ec0892-0a6c-4f4f-9d8f-72083692af5c,50.0,40.0,49.02493402379223,41.42866769908987,43012723,0.2986485023378785,0.7787557270315891,0.5038243799153056,0.8062015503875969,0.4980168969380134
d7ec0892-0a6c-4f4f-9d8f-72083692af5c,50.0,55.0,51.25872333200912,43.39909706409933,41059836,0.2788077900031537,0.7493368700265253,0.48942574107683,0.7731767125454834,0.4993272793215042
d7ec0892-0a6c-4f4f-9d8f-72083692af5c,50.0,75.0,52.65005344484744,44.78374037109016,39790330,0.2560247487450281,0.7533759344104172,0.4939358136721112,0.7600458788166429,0.5002904970684934
d7ec0892-0a6c-4f4f-9d8f-72083692af5c,50.0,96.0,53.36708153755737,45.47301481889759,39187193,0.2377698109660979,0.7484928864239209,0.5045917120387174,0.7430390760955545,0.5037551730576086
d7ec0892-0a6c-4f4f-9d8f-72083692af5c,100.0,14.0,47.72132792037658,37.905935469496555,47010047,0.3083267414320333,0.766517964793827,0.5007287356321839,0.869344249327638,0.5007896332826864
d7ec0892-0a6c-4f4f-9d8f-72083692af5c,100.0,28.0,68.84624360049261,54.01367510393244,32990901,0.3046078482676977,0.7791174342898481,0.4919981548699334,0.8173548489163107,0.5040397792142016
d7ec0892-0a6c-4f4f-9d8f-72083692af5c,100.0,40.0,77.84767806950565,60.943648801806134,29239467,0.2986485023378785,0.7787557270315891,0.4987375680580762,0.8062015503875969,0.501255612998206
d7ec0892-0a6c-4f4f-9d8f-72083692af5c,100.0,55.0,83.5006603059307,65.30532441334834,27286593,0.2788077900031537,0.7493368700265253,0.5005022081064731,0.7731767125454834,0.5001488243928819
d7ec0892-0a6c-4f4f-9d8f-72083692af5c,100.0,75.0,87.15674964760123,68.49190334029325,26017087,0.2560247487450281,0.7533759344104172,0.4968713551119177,0.7600458788166429,0.4941963701681645
d7ec0892-0a6c-4f4f-9d8f-72083692af5c,100.0,96.0,89.08321099376823,70.11738859956834,25413950,0.2377698109660979,0.7484928864239209,0.5021136418632789,0.7430390760955545,0.5041925952632347
d7ec0892-0a6c-4f4f-9d8f-72083692af5c,150.0,14.0,54.37164201487239,42.17789522632501,42248666,0.3079803857995358,0.7774294670846396,0.492934150030248,0.8717766176237938,0.4948705050947267
d7ec0892-0a6c-4f4f-9d8f-72083692af5c,250.0,14.0,61.82353202851704,46.65669995635327,38193010,0.3086414362907581,0.7642874367012298,0.5063701451905627,0.8557388071507673,0.4948137398813662
d7ec0892-0a6c-4f4f-9d8f-72083692af5c,250.0,28.0,101.69157934940996,73.08147303911566,24383195,0.3042472759607754,0.7694719074029419,0.5065191470054445,0.811046511627907,0.4973524632381345
d7ec0892-0a6c-4f4f-9d8f-72083692af5c,250.0,40.0,122.3840579135966,86.33435433358089,20640217,0.2982987700945094,0.7770074752833374,0.4984224440411373,0.8062015503875969,0.5028395987312543
d7ec0892-0a6c-4f4f-9d8f-72083692af5c,250.0,55.0,136.71895805091512,95.3490911159236,18688797,0.2787880990270883,0.7493368700265253,0.50986833030853,0.7731767125454834,0.499090947524744
d7ec0892-0a6c-4f4f-9d8f-72083692af5c,250.0,75.0,146.61361435605883,102.29703987481592,17419466,0.2562033334066153,0.7577767060525682,0.505413097398669,0.7600458788166429,0.4903954293391019
d7ec0892-0a6c-4f4f-9d8f-72083692af5c,250.0,96.0,152.04273923864423,105.96597796940226,16816339,0.2377302857343589,0.7484928864239209,0.4965889594676346,0.7430390760955545,0.5017626756543312
d7ec0892-0a6c-4f4f-9d8f-72083692af5c,300.0,14.0,65.40882785008036,48.61703403048149,36652993,0.3076431234133234,0.7656739811912225,0.4990526618269812,0.8654682803353899,0.499531401028388
d7ec0892-0a6c-4f4f-9d8f-72083692af5c,300.0,40.0,135.3049105455537,92.13486138638588,19340777,0.2978657909904041,0.7770074752833374,0.4928862976406533,0.8062015503875969,0.500065319375413
d7ec0892-0a6c-4f4f-9d8f-72083692af5c,300.0,55.0,152.86874084419674,102.46435246876231,17391022,0.2787724460278423,0.7493368700265253,0.5028135208711434,0.7731767125454834,0.5011221285828333
d7ec0892-0a6c-4f4f-9d8f-72083692af5c,300.0,75.0,165.19815969985268,110.53098109995446,16121813,0.255987362222017,0.7577767060525682,0.5072589836660617,0.7600458788166429,0.4988582114375971
d7ec0892-0a6c-4f4f-9d8f-72083692af5c,300.0,96.0,172.02683588492454,114.82660134848906,15518702,0.2378455681066773,0.7484928864239209,0.4973962794918329,0.7430390760955545,0.503029548985776
d7ec0892-0a6c-4f4f-9d8f-72083692af5c,350.0,14.0,68.75590668354904,50.32058232223486,35412146,0.3079816712072459,0.7836387750180853,0.5070141258318209,0.8615725359911406,0.5037482777935154
d7ec0892-0a6c-4f4f-9d8f-72083692af5c,350.0,28.0,118.56410311842956,80.47070226857535,22144206,0.3041634881043653,0.7686279238003376,0.5019067150635209,0.8091085271317829,0.50794300730516
d7ec0892-0a6c-4f4f-9d8f-72083692af5c,350.0,40.0,147.24925412622173,96.71957513204391,18423983,0.2977035273813265,0.7756209307933446,0.5041305807622503,0.8105719031798766,0.4963087213394796
d7ec0892-0a6c-4f4f-9d8f-72083692af5c,350.0,55.0,167.9805353273496,108.15006882735794,16476733,0.2785846209430677,0.7493368700265253,0.4998559588626739,0.7731767125454834,0.4990873882980093
d7ec0892-0a6c-4f4f-9d8f-72083692af5c,350.0,96.0,190.7993091052178,122.01206180111942,14604784,0.2378888103656186,0.7484928864239209,0.4992149122807017,0.7430390760955545,0.4943237544315967
d7ec0892-0a6c-4f4f-9d8f-72083692af5c,450.0,14.0,76.08536445354373,54.02859438409515,32981791,0.3123213224332314,0.7748372317337835,0.4970170598911071,0.8299912988451195,0.5049427315375172
d7ec0892-0a6c-4f4f-9d8f-72083692af5c,450.0,40.0,171.02420179214585,104.91135191157858,16985386,0.2975270634042507,0.7734506872437907,0.4963856019358741,0.7959974687549438,0.4997975125114813
d7ec0892-0a6c-4f4f-9d8f-72083692af5c,450.0,55.0,199.0218181603774,118.39375568478911,15051130,0.278711897465814,0.7510851217747769,0.4960950695704779,0.76734298370511,0.4987992186225781
d7ec0892-0a6c-4f4f-9d8f-72083692af5c,450.0,75.0,219.28241631095375,129.23267838736317,13788771,0.255834863403363,0.7542802025560646,0.5055764972776768,0.7576135105204873,0.5053009397560368
da8dfec1-d265-44e8-84ce-6ae9c109b8bd,50.0,14.0,37.78184458940461,31.91373342523531,51691307,0.0363161213164449,0.5393451826898926,0.5029256413985579,0.5330367813039437,0.500098539926696
da8dfec1-d265-44e8-84ce-6ae9c109b8bd,50.0,28.0,46.0279118284069,39.269754816390986,42008477,0.0304543558351632,0.585508916566937,0.5015386158345277,0.4977426636568848,0.5002048909451421
da8dfec1-d265-44e8-84ce-6ae9c109b8bd,50.0,40.0,48.68744237467712,41.245076818291075,39996594,0.0366745473578077,0.5510024673847199,0.5076861411522873,0.5,0.5
da8dfec1-d265-44e8-84ce-6ae9c109b8bd,50.0,55.0,50.27548721292821,42.94125481268187,38416730,0.0366939336466739,0.5573703884284089,0.4987536149883947,0.4988713318284424,0.5002775941837408
da8dfec1-d265-44e8-84ce-6ae9c109b8bd,50.0,75.0,51.2671489647145,43.76268842331133,37695641,0.0347359498643283,0.5408004964318958,0.4993450497974958,0.5058823529411764,0.5002775941837408
da8dfec1-d265-44e8-84ce-6ae9c109b8bd,50.0,96.0,51.771011936681575,44.33525566424155,37208821,0.02397250672778,0.5612413752345493,0.5076423801262009,0.5013676802549463,0.4982123114823048
da8dfec1-d265-44e8-84ce-6ae9c109b8bd,100.0,14.0,55.29135303097874,43.990177784133806,37500703,0.0362419262974488,0.5393451826898926,0.4998260791169507,0.5330367813039437,0.5011532626329388
da8dfec1-d265-44e8-84ce-6ae9c109b8bd,100.0,28.0,74.89552054454633,59.280588643684574,27828040,0.03045436624041,0.5859669340898009,0.4965856559639402,0.4977426636568848,0.4998545935228023
da8dfec1-d265-44e8-84ce-6ae9c109b8bd,100.0,40.0,82.18891645136947,63.90002473630425,25816306,0.0366745473578077,0.5510024673847199,0.5011042657538883,0.5,0.5
da8dfec1-d265-44e8-84ce-6ae9c109b8bd,100.0,55.0,86.80629789559963,68.06537824322564,24236442,0.0366939336466739,0.5573703884284089,0.5003475254799574,0.4988713318284424,0.5013284864507601
da8dfec1-d265-44e8-84ce-6ae9c109b8bd,100.0,75.0,89.79439440624748,70.15257614886751,23515353,0.0347359498643283,0.5408004964318958,0.4921667682206498,0.5058823529411764,0.4995769993390614
da8dfec1-d265-44e8-84ce-6ae9c109b8bd,100.0,96.0,91.34550523071591,71.6355918981031,23028533,0.02397250672778,0.5612413752345493,0.5021653881858206,0.5013676802549463,0.502419072583068
da8dfec1-d265-44e8-84ce-6ae9c109b8bd,150.0,14.0,66.67836695810136,51.10314898195956,32281036,0.0364687908671915,0.5393451826898926,0.5072260380808513,0.5330367813039437,0.5029021961184883
da8dfec1-d265-44e8-84ce-6ae9c109b8bd,250.0,14.0,77.34323357689503,57.53382510750476,28672917,0.0363645084537848,0.5359322134066161,0.5065150484620653,0.5330367813039437,0.500098539926696
da8dfec1-d265-44e8-84ce-6ae9c109b8bd,250.0,28.0,121.00929240039328,86.1265856145449,19153930,0.0306888835186075,0.5859669340898009,0.500273341511718,0.4977426636568848,0.4984534038334434
da8dfec1-d265-44e8-84ce-6ae9c109b8bd,250.0,40.0,141.1978901598149,96.20834147626496,17146773,0.0367168001024152,0.5531669695492221,0.4999724993255265,0.5,0.5
da8dfec1-d265-44e8-84ce-6ae9c109b8bd,250.0,55.0,155.37022156096552,105.969043387525,15567401,0.0366937473786279,0.5573703884284089,0.5012689724376904,0.4988713318284424,0.4992267019167217
da8dfec1-d265-44e8-84ce-6ae9c109b8bd,250.0,75.0,165.1906451559182,111.11564142532464,14846358,0.0347359498643283,0.5408004964318958,0.5014662187478204,0.5058823529411764,0.4999272967614011
da8dfec1-d265-44e8-84ce-6ae9c109b8bd,250.0,96.0,170.5040190979975,114.88270667203918,14359538,0.02397250672778,0.5612413752345493,0.5010182575499124,0.5013676802549463,0.4999650754070781
da8dfec1-d265-44e8-84ce-6ae9c109b8bd,300.0,14.0,82.30118601830006,60.26719948409494,27372478,0.0356727467294599,0.5240311451915547,0.49911359186977,0.5153897224804143,0.5006873760740251
da8dfec1-d265-44e8-84ce-6ae9c109b8bd,300.0,40.0,155.96085708030498,102.53992956987447,16088002,0.0366300154190181,0.5510024673847199,0.5075075435596301,0.5,0.5
da8dfec1-d265-44e8-84ce-6ae9c109b8bd,300.0,55.0,173.40864565163596,113.69642524598945,14509362,0.0367150176229958,0.5573703884284089,0.5020769443082281,0.4988713318284424,0.4999272967614011
da8dfec1-d265-44e8-84ce-6ae9c109b8bd,300.0,75.0,185.712706261854,119.64010350042813,13788542,0.0347247186742065,0.5408004964318958,0.4954987481016073,0.5058823529411764,0.4999272967614011
da8dfec1-d265-44e8-84ce-6ae9c109b8bd,300.0,96.0,192.44856425222417,124.0187241922512,13301722,0.0240012131260817,0.5595348905929111,0.5098815508401586,0.5013676802549463,0.4996128627651265
da8dfec1-d265-44e8-84ce-6ae9c109b8bd,350.0,14.0,87.74507494559218,63.32412931666199,26051090,0.0355485582603363,0.5334352791690675,0.505008666780926,0.5036250165980614,0.5001321877065433
da8dfec1-d265-44e8-84ce-6ae9c109b8bd,350.0,28.0,142.8624293741213,96.2707411486188,17135659,0.0309941973549304,0.5731055065526055,0.4998867222537307,0.4966139954853273,0.5001321877065433
da8dfec1-d265-44e8-84ce-6ae9c109b8bd,350.0,40.0,171.56273286650446,108.8627300055307,15153603,0.0364838277751979,0.5561219213096347,0.5051567981786244,0.5,0.5
da8dfec1-d265-44e8-84ce-6ae9c109b8bd,350.0,55.0,192.8878866786826,121.5051984294782,13576889,0.0366532419008249,0.5573703884284089,0.502047121498753,0.4988713318284424,0.4995769993390614
da8dfec1-d265-44e8-84ce-6ae9c109b8bd,350.0,96.0,216.7475304992369,133.36138472628687,12369867,0.0240012506765193,0.5612413752345493,0.4984910947879828,0.5013676802549463,0.5020694135672656
da8dfec1-d265-44e8-84ce-6ae9c109b8bd,450.0,14.0,105.1860024556188,72.79030361926962,22663219,0.0332998231069807,0.5249028559608765,0.5055502540832001,0.5083787013676803,0.4996364838070059
da8dfec1-d265-44e8-84ce-6ae9c109b8bd,450.0,40.0,217.21509668249743,124.43753794706824,13256953,0.0363397562641135,0.5420932878270762,0.4937463728467537,0.5,0.5
da8dfec1-d265-44e8-84ce-6ae9c109b8bd,450.0,55.0,251.93080877461472,141.03550914699753,11696789,0.0363502805319974,0.547005895128762,0.5074665358449516,0.4988713318284424,0.5009781890284204
da8dfec1-d265-44e8-84ce-6ae9c109b8bd,450.0,75.0,278.5582012559436,150.2543316937081,10979135,0.0348310789256813,0.5478776058980837,0.5075900766710046,0.5058823529411764,0.4995769993390614
dab512bd-a02d-4c1f-8dbc-9155a163efc0,50.0,14.0,57.57137206837842,46.53765305683939,30274129,0.1554262225191766,0.516862084977943,0.5025359195402298,0.7447554617676266,0.4987807820594704
dab512bd-a02d-4c1f-8dbc-9155a163efc0,50.0,28.0,71.39311578646307,57.24090629419361,24613288,0.1690278546436119,0.528674251218946,0.5025232299104685,0.6362648957298908,0.4971112944432617
dab512bd-a02d-4c1f-8dbc-9155a163efc0,50.0,40.0,77.49197982335546,61.5650574654782,22884522,0.1726023038184453,0.511725098676573,0.4975575294979628,0.5993979642502483,0.4989170392449081
dab512bd-a02d-4c1f-8dbc-9155a163efc0,50.0,55.0,82.16665932855514,64.36907631322086,21887636,0.1743943664016681,0.5294868818202926,0.499597859968321,0.5746027805362462,0.4989434745582288
dab512bd-a02d-4c1f-8dbc-9155a163efc0,50.0,75.0,85.85205041803,68.01976410358662,20712905,0.1724022927745889,0.4948630136986301,0.4995998399105531,0.5827333664349553,0.5049822049535163
dab512bd-a02d-4c1f-8dbc-9155a163efc0,50.0,96.0,88.10337983063661,69.82719885111409,20176764,0.1653351192569015,0.5066751799396332,0.5022730795619139,0.5836022840119166,0.5017243630686256
dab512bd-a02d-4c1f-8dbc-9155a163efc0,100.0,14.0,69.5775817847441,54.06275505115787,26060213,0.1553542232861203,0.5126247968423496,0.5016091954022988,0.7449726911618669,0.5011962600241289
dab512bd-a02d-4c1f-8dbc-9155a163efc0,100.0,28.0,90.80672134759564,69.04521677944223,20405279,0.1690508541907522,0.528674251218946,0.5022362865177581,0.6362648957298908,0.5021850117096018
dab512bd-a02d-4c1f-8dbc-9155a163efc0,100.0,40.0,100.90924736016008,75.43593379566583,18676602,0.1726165202934625,0.511725098676573,0.4987204967431538,0.5993979642502483,0.5045552302888369
dab512bd-a02d-4c1f-8dbc-9155a163efc0,100.0,55.0,108.9829797152812,79.6894403129371,17679719,0.1743943664016681,0.5294868818202926,0.5023094967346836,0.5746027805362462,0.4973809878645946
dab512bd-a02d-4c1f-8dbc-9155a163efc0,100.0,75.0,115.56233238456714,85.36128060196106,16504988,0.1724022927745889,0.4948630136986301,0.499010759450783,0.5827333664349553,0.4890263643460363
dab512bd-a02d-4c1f-8dbc-9155a163efc0,100.0,96.0,119.6789210477984,88.22721590356524,15968847,0.1653351192569015,0.5066751799396332,0.4987537904776425,0.5836022840119166,0.501790557802853
dab512bd-a02d-4c1f-8dbc-9155a163efc0,150.0,14.0,78.117550177231,59.37852006651434,23727215,0.1591027621987591,0.5134374274436964,0.4955531609195402,0.7090988083416088,0.4999608792846496
dab512bd-a02d-4c1f-8dbc-9155a163efc0,250.0,14.0,97.53464786401165,69.69930533056473,20213787,0.1671057721791938,0.5,0.5,0.605759682224429,0.5084176247250017
dab512bd-a02d-4c1f-8dbc-9155a163efc0,250.0,28.0,140.57178501568112,93.9719092816148,14992639,0.1718018328947095,0.5109124680752264,0.4996992181875164,0.5651688182720953,0.5028423284365908
dab512bd-a02d-4c1f-8dbc-9155a163efc0,250.0,40.0,165.99203434148944,105.95495161816876,13297037,0.1730877430411073,0.5244369630833526,0.5016438443913637,0.6086146971201589,0.4986315733446881
dab512bd-a02d-4c1f-8dbc-9155a163efc0,250.0,55.0,189.02279447157667,114.51225826545765,12303372,0.174395240714819,0.5294868818202926,0.4984196990487807,0.5746027805362462,0.501456692214889
dab512bd-a02d-4c1f-8dbc-9155a163efc0,250.0,75.0,209.77251757084392,126.59401186521012,11129175,0.1723909999820003,0.4948630136986301,0.5013822749642128,0.5827333664349553,0.5018194060038321
dab512bd-a02d-4c1f-8dbc-9155a163efc0,250.0,96.0,223.77864422574677,133.0000461619893,10593131,0.1653350361124371,0.5066751799396332,0.499924354560008,0.5836022840119166,0.5092087325243064
dab512bd-a02d-4c1f-8dbc-9155a163efc0,300.0,14.0,105.75562892286052,74.10069235798545,19013141,0.1717711759732739,0.5143371256094729,0.5000933908045978,0.60641137040715,0.5076219395358741
dab512bd-a02d-4c1f-8dbc-9155a163efc0,300.0,40.0,186.30823660109607,113.926291293206,12366653,0.1732056843534642,0.5244369630833526,0.5021505243141141,0.5989635054617676,0.5023848023561137
dab512bd-a02d-4c1f-8dbc-9155a163efc0,300.0,55.0,215.58063466982264,123.82569602614171,11377985,0.1743531196299339,0.5363361968887858,0.4966693930577085,0.5793197616683218,0.4995445674544037
dab512bd-a02d-4c1f-8dbc-9155a163efc0,300.0,75.0,242.90521811096752,138.06359255016085,10204623,0.1724292408200856,0.4948630136986301,0.5008159850159665,0.5827333664349553,0.4982798062593144
dab512bd-a02d-4c1f-8dbc-9155a163efc0,300.0,96.0,261.8480885853243,145.7158944948791,9668725,0.1653351365752275,0.5066751799396332,0.5034588373186288,0.5819575471698113,0.5007913384429779
dab512bd-a02d-4c1f-8dbc-9155a163efc0,350.0,14.0,110.6010400374264,76.59101588659966,18394937,0.167153257791967,0.4982876712328767,0.5000431034482758,0.5934707050645481,0.5012654708679298
dab512bd-a02d-4c1f-8dbc-9155a163efc0,350.0,28.0,163.81107964775882,104.01821712640528,13544617,0.1699855540276477,0.5193870443464128,0.4994388716658621,0.5885364945382324,0.5002014228940459
dab512bd-a02d-4c1f-8dbc-9155a163efc0,350.0,40.0,198.17001589915475,118.1854346611933,11920986,0.1719986991991384,0.5320989087531924,0.4969108877764507,0.5961084905660378,0.4953510751543538
dab512bd-a02d-4c1f-8dbc-9155a163efc0,350.0,55.0,231.4154785137457,128.8013068028273,10938452,0.17431218448323,0.5303865799860692,0.5020318918930365,0.582392005958292,0.5046637924916613
dab512bd-a02d-4c1f-8dbc-9155a163efc0,350.0,96.0,285.55219857876494,152.62874135639234,9230810,0.1654263305558121,0.5066751799396332,0.501978539332029,0.5836022840119166,0.5008209140586191
dab512bd-a02d-4c1f-8dbc-9155a163efc0,450.0,14.0,114.79782676602188,78.77324127138922,17885349,0.1669274951716464,0.5210993731135362,0.49933908045977,0.5963257199602781,0.5041194734227521
dab512bd-a02d-4c1f-8dbc-9155a163efc0,450.0,40.0,208.15031775148668,121.72572655528975,11574274,0.1723095961949085,0.5184873461806362,0.4967588028019888,0.6008254716981132,0.4987949045490028
dab512bd-a02d-4c1f-8dbc-9155a163efc0,450.0,55.0,244.7561026963767,132.9140477085581,10599985,0.1742613132318817,0.5294868818202926,0.4985511905064417,0.582392005958292,0.5005691753601589
dab512bd-a02d-4c1f-8dbc-9155a163efc0,450.0,75.0,280.34386650415195,149.3878119873991,9431070,0.1731054069331173,0.4948630136986301,0.4981271387611278,0.5829505958291956,0.5035352884820099
dc7e9403-19f7-409f-9240-05ee57cb7aea,50.0,14.0,35.79149433324877,30.095855150226708,63315805,0.1082746211155046,0.5836678238229551,0.4963603113753716,0.540989677359626,0.500153065617608
dc7e9403-19f7-409f-9240-05ee57cb7aea,50.0,28.0,44.7742197353087,37.78071910609142,50436925,0.0852374185238713,0.573098828379258,0.497141031659104,0.5399018654816461,0.5001950289450953
dc7e9403-19f7-409f-9240-05ee57cb7aea,50.0,40.0,48.35760590669287,40.98468233646139,46494036,0.0679301303557321,0.5798031026252983,0.498262987012987,0.5,0.5
dc7e9403-19f7-409f-9240-05ee57cb7aea,50.0,55.0,50.76287569334306,42.73391675895757,44590888,0.066054507055873,0.5454274246040356,0.5002145595368487,0.5,0.5
dc7e9403-19f7-409f-9240-05ee57cb7aea,50.0,75.0,52.43791443467187,44.50614427753676,42815286,0.0631521430620267,0.5100835322195705,0.4985934647681634,0.4993403693931398,0.5003827751196173
dc7e9403-19f7-409f-9240-05ee57cb7aea,50.0,96.0,53.405753368382435,45.31366619846383,42052287,0.0624403871034225,0.5075829898025602,0.5009790134564232,0.5,0.5
dc7e9403-19f7-409f-9240-05ee57cb7aea,100.0,14.0,47.714057625645694,38.4155976483455,49603375,0.1082694090191599,0.5848611412453895,0.501409436447087,0.540989677359626,0.5002224534240216
dc7e9403-19f7-409f-9240-05ee57cb7aea,100.0,28.0,65.10716036830064,51.876639256386575,36732204,0.0852374448085037,0.573098828379258,0.5022751395191155,0.5399018654816461,0.5016978344219316
dc7e9403-19f7-409f-9240-05ee57cb7aea,100.0,40.0,72.96211982153143,58.11465567383777,32789376,0.0679301303557321,0.5798031026252983,0.4980138084806759,0.5,0.5
dc7e9403-19f7-409f-9240-05ee57cb7aea,100.0,55.0,78.57576897695257,61.69556528560237,30886228,0.066054507055873,0.5454274246040356,0.5012838692432066,0.5,0.5
dc7e9403-19f7-409f-9240-05ee57cb7aea,100.0,75.0,82.66007055671493,65.45868494892552,29110626,0.0631521430620267,0.5100835322195705,0.5020808558910969,0.4993403693931398,0.4998624401913875
dc7e9403-19f7-409f-9240-05ee57cb7aea,100.0,96.0,85.08983642626309,67.22055768548104,28347627,0.0624403871034225,0.5075829898025602,0.5005222513430344,0.5,0.5
dc7e9403-19f7-409f-9240-05ee57cb7aea,150.0,14.0,56.35411280256068,44.114771642080946,43195130,0.1082441446003659,0.5791793230635713,0.501167005685078,0.540989677359626,0.5022144246387374
dc7e9403-19f7-409f-9240-05ee57cb7aea,250.0,14.0,64.3098403693585,49.095932560751905,38812651,0.1089697971214047,0.5881563245823389,0.4930058219892557,0.5241054483173634,0.5015689100952392
dc7e9403-19f7-409f-9240-05ee57cb7aea,250.0,28.0,99.59321779667948,72.79935551398367,26175277,0.0854349948165713,0.5719624647428942,0.4982252060188807,0.5399018654816461,0.4971892001454833
dc7e9403-19f7-409f-9240-05ee57cb7aea,250.0,40.0,119.19942471236928,85.67992505840985,22240254,0.0678805278356527,0.5798031026252983,0.5025439745996975,0.5,0.5
dc7e9403-19f7-409f-9240-05ee57cb7aea,250.0,55.0,134.94884015685585,93.69302653067597,20338155,0.0660440164752319,0.5371881102191365,0.495575972722057,0.5,0.5
dc7e9403-19f7-409f-9240-05ee57cb7aea,250.0,75.0,147.46843893529442,102.6546905043525,18562652,0.0631521430620267,0.5100835322195705,0.4932195013821519,0.4993403693931398,0.500642942583732
dc7e9403-19f7-409f-9240-05ee57cb7aea,250.0,96.0,155.39047710688408,107.05497287000416,17799671,0.0624403871034225,0.5075829898025602,0.5040290056329213,0.5,0.5
dc7e9403-19f7-409f-9240-05ee57cb7aea,300.0,14.0,67.44240551549426,50.95875007644976,37393839,0.110679312920069,0.5854279670210458,0.5062132295415429,0.5298106744433644,0.49848479194249
dc7e9403-19f7-409f-9240-05ee57cb7aea,300.0,40.0,128.8445693332758,90.460229924694,21064984,0.0676914193073193,0.5823605988283793,0.498585021905805,0.5,0.5
dc7e9403-19f7-409f-9240-05ee57cb7aea,300.0,55.0,147.44064041802744,99.42843105344156,19164974,0.0659126518347837,0.5466207420264699,0.5015378722682939,0.5,0.5
dc7e9403-19f7-409f-9240-05ee57cb7aea,300.0,75.0,162.52322986992573,109.57844488286328,17389764,0.0632007799787142,0.5100835322195705,0.4990459239555625,0.4993403693931398,0.5001226076555024
dc7e9403-19f7-409f-9240-05ee57cb7aea,300.0,96.0,172.2055128939789,114.6064200029278,16626846,0.0626252450424904,0.5075829898025602,0.5008856204036928,0.5,0.5
dc7e9403-19f7-409f-9240-05ee57cb7aea,350.0,14.0,69.72943140404037,52.250245211369034,36469557,0.1108995626407294,0.5789515079192884,0.4938199877431805,0.5328773781419247,0.5000120624654718
dc7e9403-19f7-409f-9240-05ee57cb7aea,350.0,28.0,110.7663830778754,78.41099827627285,24301990,0.0863679133365044,0.5706552397483184,0.5031967806290095,0.5122668147942415,0.4979249907350898
dc7e9403-19f7-409f-9240-05ee57cb7aea,350.0,40.0,135.35745921876972,93.4309322072126,20395208,0.0674138222105442,0.5836678238229551,0.4983612371564178,0.5,0.5
dc7e9403-19f7-409f-9240-05ee57cb7aea,350.0,55.0,155.98323307464608,103.01261931325688,18498154,0.0658562369831827,0.5386661965719245,0.4972157461012882,0.5,0.5
dc7e9403-19f7-409f-9240-05ee57cb7aea,350.0,96.0,183.93672298917423,119.39034279067567,15960615,0.0626258201070046,0.5051963549576914,0.4982605095707505,0.5,0.5
dc7e9403-19f7-409f-9240-05ee57cb7aea,450.0,14.0,76.2229104271238,55.98240755723884,34038252,0.109237687277551,0.5944076806248644,0.5029674868304386,0.5335370087487848,0.5024649707173726
dc7e9403-19f7-409f-9240-05ee57cb7aea,450.0,40.0,152.0817782896909,100.72974124066302,18917385,0.0690423703896057,0.5884410935126926,0.4982287265946905,0.4993403693931398,0.5008407716671465
dc7e9403-19f7-409f-9240-05ee57cb7aea,450.0,55.0,178.314945615474,111.79383139702564,17045156,0.0667156382485684,0.5211081579518334,0.4955308897929379,0.5,0.5
dc7e9403-19f7-409f-9240-05ee57cb7aea,450.0,75.0,200.7519003133736,124.75185524478468,15274669,0.0631928502531815,0.504458667823823,0.5015514004068221,0.4980211081794195,0.500627990430622
e8f9fba4-d151-4b00-bee7-447f0f3e752c,50.0,14.0,39.77622258130105,33.027306823430884,58443268,0.1591027401695789,0.5249661676688477,0.5035871962695245,0.6642256092720489,0.4995641801075268
e8f9fba4-d151-4b00-bee7-447f0f3e752c,50.0,28.0,49.03294530074107,40.901802320770486,47191655,0.1331226733464612,0.5265391966739679,0.5018565062411485,0.5927204890053187,0.5028674398166849
e8f9fba4-d151-4b00-bee7-447f0f3e752c,50.0,40.0,52.56075208524011,43.7633671159457,44105924,0.1238930771881483,0.5231036455208784,0.5038081388379425,0.617805826784155,0.5013883849568161
e8f9fba4-d151-4b00-bee7-447f0f3e752c,50.0,55.0,54.92370808315431,45.65325964568757,42280086,0.1115227652809247,0.5213701745329743,0.5029175250493624,0.6161486861951259,0.5016676921634255
e8f9fba4-d151-4b00-bee7-447f0f3e752c,50.0,75.0,56.57892109008295,47.314457004282126,40795644,0.0945717427463497,0.5325522831591724,0.5022514907174794,0.5114908311502739,0.5005875837949872
e8f9fba4-d151-4b00-bee7-447f0f3e752c,50.0,96.0,57.51492132829486,48.18745533347209,40056561,0.0838594542816086,0.5102996777208868,0.4996305657876486,0.5065194093831865,0.4983645130032508
e8f9fba4-d151-4b00-bee7-447f0f3e752c,100.0,14.0,54.46907446871811,43.02553153386942,44862287,0.1590513215862394,0.5306095400198111,0.5041215298648677,0.6634516154639993,0.5019787831573279
e8f9fba4-d151-4b00-bee7-447f0f3e752c,100.0,28.0,73.38620770655746,57.399567055218675,33627845,0.13321489009678,0.5265391966739679,0.4991632202922526,0.5927204890053187,0.5047031721872774
e8f9fba4-d151-4b00-bee7-447f0f3e752c,100.0,40.0,81.55483303857264,63.19826583105761,30542353,0.1238930729735342,0.5231036455208784,0.5003288761651316,0.617805826784155,0.5024159236924617
e8f9fba4-d151-4b00-bee7-447f0f3e752c,100.0,55.0,87.368719929272,67.21648756767968,28716522,0.1115227652809247,0.5213701745329743,0.5015551347125682,0.6161486861951259,0.4956119690980438
e8f9fba4-d151-4b00-bee7-447f0f3e752c,100.0,75.0,91.61693397627327,70.88051092681866,27232080,0.0945717427463497,0.5325522831591724,0.5007778338616347,0.5114908311502739,0.4983983069084579
e8f9fba4-d151-4b00-bee7-447f0f3e752c,100.0,96.0,94.08664968344084,72.85788557632796,26492997,0.0838594542816086,0.5102996777208868,0.4974866383421784,0.5065194093831865,0.5011500922105526
e8f9fba4-d151-4b00-bee7-447f0f3e752c,150.0,14.0,62.07533628407727,47.68823946188602,40475886,0.1586026751130083,0.527976198780641,0.4995698025676989,0.6521790902595856,0.4982292231711774
e8f9fba4-d151-4b00-bee7-447f0f3e752c,250.0,14.0,72.73444060054672,54.0738113292626,35696092,0.1597282481954447,0.5228071766396473,0.4964494209234742,0.6603556402318012,0.4934846512108796
e8f9fba4-d151-4b00-bee7-447f0f3e752c,250.0,28.0,108.81034264542012,77.58525063924041,24878746,0.1337255607025443,0.5265391966739679,0.499698840391337,0.5895153608001905,0.4994575987746936
e8f9fba4-d151-4b00-bee7-447f0f3e752c,250.0,40.0,127.57841168845567,88.47642617207019,21816249,0.124233325135962,0.5241953485776469,0.5003395513633943,0.6080812891958403,0.4982273392867446
e8f9fba4-d151-4b00-bee7-447f0f3e752c,250.0,55.0,142.28792783289094,96.5441908316358,19993163,0.111460404733408,0.5213701745329743,0.5027833861634703,0.6161486861951259,0.5012047513080193
e8f9fba4-d151-4b00-bee7-447f0f3e752c,250.0,75.0,153.8154535390273,104.28494692700592,18509131,0.0945702211355687,0.5325522831591724,0.5017205671062613,0.5114908311502739,0.5023773569594322
e8f9fba4-d151-4b00-bee7-447f0f3e752c,250.0,96.0,160.83890632042323,108.62199061220868,17770101,0.0838594503734293,0.5102996777208868,0.4974827103315884,0.5065194093831865,0.499544651787947
e8f9fba4-d151-4b00-bee7-447f0f3e752c,300.0,14.0,77.6673723421071,56.61547580334134,34093571,0.1599162767013514,0.5294376159716506,0.5002202896838239,0.6402417242200524,0.5056610456700714
e8f9fba4-d151-4b00-bee7-447f0f3e752c,300.0,40.0,140.798811901938,94.00688148012212,20532792,0.1241429474293561,0.5285621608047212,0.4983916947942194,0.6144915456060966,0.5014351460461268
e8f9fba4-d151-4b00-bee7-447f0f3e752c,300.0,55.0,158.8491295767895,103.147677848467,18713206,0.1115253621715337,0.5213701745329743,0.50302904844104,0.6161486861951259,0.4970612316540673
e8f9fba4-d151-4b00-bee7-447f0f3e752c,300.0,75.0,173.28743704043487,112.0280657555217,17229823,0.0945672439373238,0.5325522831591724,0.501976896019673,0.5114908311502739,0.500559727071191
e8f9fba4-d151-4b00-bee7-447f0f3e752c,300.0,96.0,182.19126547633888,117.04795990559388,16490879,0.0838594315336898,0.5102996777208868,0.5025829184840406,0.5065194093831865,0.4985544823705927
e8f9fba4-d151-4b00-bee7-447f0f3e752c,350.0,14.0,83.13175944342413,59.68728243917666,32338945,0.1602320644044135,0.542112532611577,0.5039347021219391,0.604767008017782,0.5039905619433704
e8f9fba4-d151-4b00-bee7-447f0f3e752c,350.0,28.0,128.65131748443645,86.68139169389441,22268029,0.1340918024793029,0.5059816956624859,0.4961382582665893,0.5968087639914266,0.4960458660338161
e8f9fba4-d151-4b00-bee7-447f0f3e752c,350.0,40.0,155.11134943947752,100.13934065836008,19275379,0.123818951881005,0.5224130474210695,0.4991648450116192,0.6144915456060966,0.5058460570671514
e8f9fba4-d151-4b00-bee7-447f0f3e752c,350.0,55.0,177.21073234739185,110.52465837094888,17464191,0.111407370511505,0.5202540563918691,0.499120879120879,0.6073072953877907,0.4975696201694654
e8f9fba4-d151-4b00-bee7-447f0f3e752c,350.0,96.0,206.7438556329371,126.62505694186996,15243616,0.0838594383381333,0.5102996777208868,0.500172329423732,0.5065194093831865,0.4987595727056764
e8f9fba4-d151-4b00-bee7-447f0f3e752c,450.0,14.0,93.61482136825836,65.30977960470577,29554896,0.1536275021302064,0.5356181201780208,0.5017501245832242,0.6232237834405017,0.4978262215794333
e8f9fba4-d151-4b00-bee7-447f0f3e752c,450.0,40.0,181.4735305301325,110.14636549711824,17524171,0.1228826589425676,0.5289876808460175,0.4965734433090675,0.6146006985790268,0.5030080338594264
e8f9fba4-d151-4b00-bee7-447f0f3e752c,450.0,55.0,211.8070739762563,122.6435234030408,15738489,0.1110935442560936,0.5186566123024122,0.4989515979189893,0.6097384297848695,0.4995647457537461
e8f9fba4-d151-4b00-bee7-447f0f3e752c,450.0,75.0,237.9983704811682,135.26165674921225,14270295,0.0944736917683203,0.5290923169217462,0.4963248098714438,0.5107168373422244,0.4992365471175487
eebcaf65-7fa4-4118-869d-a084e84530e2,50.0,14.0,55.587223008414036,44.484697041311094,39608321,0.2519760912345489,0.4990566037735849,0.50012909632572,0.8358845951096874,0.5085203896557108
eebcaf65-7fa4-4118-869d-a084e84530e2,50.0,28.0,65.78460716492422,52.45831168986992,33587893,0.2225989012025242,0.5,0.5,0.7561939905113337,0.500491339963817
eebcaf65-7fa4-4118-869d-a084e84530e2,50.0,40.0,69.39785247056413,55.25706599207769,31886676,0.1992669063120653,0.5,0.5,0.7424577267750699,0.494481488369103
eebcaf65-7fa4-4118-869d-a084e84530e2,50.0,55.0,71.8139748086254,57.204230822662595,30801291,0.1877680470556497,0.5,0.5,0.6957138802157252,0.4974417077628086
eebcaf65-7fa4-4118-869d-a084e84530e2,50.0,75.0,73.55693767303215,58.78400967680548,29973528,0.1840236085795428,0.5016472773487144,0.5000423318819546,0.6829204006325778,0.5008440435848692
eebcaf65-7fa4-4118-869d-a084e84530e2,50.0,96.0,74.57823262231031,59.706051843121294,29510646,0.184217750316969,0.5,0.5,0.6416710595677385,0.4957047758767942
eebcaf65-7fa4-4118-869d-a084e84530e2,100.0,14.0,80.45264014494734,59.71435622649377,29506542,0.2520730516272368,0.5016472773487144,0.5006156901688182,0.8377093386318478,0.4953277015547658
eebcaf65-7fa4-4118-869d-a084e84530e2,100.0,28.0,103.25393913420406,74.94967741419545,23508629,0.2222268938115431,0.5,0.5,0.7561939905113337,0.5066750236475008
eebcaf65-7fa4-4118-869d-a084e84530e2,100.0,40.0,112.2827064141744,80.79547653517737,21807708,0.1992669216678949,0.5,0.5,0.7424577267750699,0.5025472031664693
eebcaf65-7fa4-4118-869d-a084e84530e2,100.0,55.0,118.63505495979932,85.02726549792173,20722343,0.1877680470556497,0.5,0.5,0.6957138802157252,0.5004557424396875
eebcaf65-7fa4-4118-869d-a084e84530e2,100.0,75.0,123.38005928465206,88.56503429577302,19894580,0.1840236085795428,0.5016472773487144,0.4991654571843251,0.6829204006325778,0.5039375154971486
eebcaf65-7fa4-4118-869d-a084e84530e2,100.0,96.0,126.22569498687407,90.67473979885854,19431698,0.184217750316969,0.5,0.5,0.6416710595677385,0.5025355630860218
eebcaf65-7fa4-4118-869d-a084e84530e2,150.0,14.0,93.68037927240206,67.299355608931,26180996,0.2421892712086102,0.5,0.5,0.8313125988402741,0.5029262978574905
eebcaf65-7fa4-4118-869d-a084e84530e2,250.0,14.0,116.14897915003492,77.55382683982151,22719242,0.212702821471327,0.5007038811222994,0.5000297914597814,0.8093143019342282,0.5011077476559129
eebcaf65-7fa4-4118-869d-a084e84530e2,250.0,28.0,165.7839740371527,103.43905211267996,17033839,0.1967285379492901,0.5016472773487144,0.4993644488579939,0.7699099793195734,0.4951639483520217
eebcaf65-7fa4-4118-869d-a084e84530e2,250.0,40.0,189.51808779535665,114.85867760293016,15340279,0.1853894877961813,0.5025906735751295,0.5004865938430983,0.7149649243745184,0.4973657946937763
eebcaf65-7fa4-4118-869d-a084e84530e2,250.0,55.0,207.88911241860455,123.43079006559478,14274916,0.1825694586246223,0.5,0.5,0.6847248692267143,0.4953178063384484
eebcaf65-7fa4-4118-869d-a084e84530e2,250.0,75.0,222.61362273286963,130.9754419767733,13452630,0.1820381521397706,0.5025906735751295,0.5001088534107402,0.6673391184461295,0.4998698813492391
eebcaf65-7fa4-4118-869d-a084e84530e2,250.0,96.0,231.87441174183044,135.68483268379893,12985712,0.1844865110575138,0.5,0.5,0.6370787883703013,0.5028092082908597
eebcaf65-7fa4-4118-869d-a084e84530e2,300.0,14.0,125.96739584904518,81.55561284827894,21604450,0.2003165842911146,0.5,0.5,0.8285450711649973,0.5004576480149874
eebcaf65-7fa4-4118-869d-a084e84530e2,300.0,40.0,212.2168371497716,122.1428788802556,14425435,0.1806561971305366,0.5025906735751295,0.4995928500496525,0.7305259316329427,0.5061742820802454
eebcaf65-7fa4-4118-869d-a084e84530e2,300.0,55.0,235.23900751715385,131.7690951661446,13371604,0.1780881714738535,0.5,0.5,0.6920846680994283,0.5009369461204324
eebcaf65-7fa4-4118-869d-a084e84530e2,300.0,75.0,254.08875752652312,140.38192627998333,12551218,0.1806796625808002,0.5016472773487144,0.4997084510987193,0.6938891366935648,0.5049643450790239
eebcaf65-7fa4-4118-869d-a084e84530e2,300.0,96.0,266.1266600441958,145.78106316767347,12086372,0.1839695043727961,0.5,0.5,0.650815052106565,0.4985796920773985
eebcaf65-7fa4-4118-869d-a084e84530e2,350.0,14.0,138.56895901667215,86.37101655215085,20399947,0.1941295412604141,0.5,0.5,0.753446737764081,0.5068455496781185
eebcaf65-7fa4-4118-869d-a084e84530e2,350.0,28.0,205.12915036534608,115.89918249947262,15202559,0.185398004031117,0.5,0.5,0.731448440858035,0.5005626612851384
eebcaf65-7fa4-4118-869d-a084e84530e2,350.0,40.0,240.97602946587207,130.189858653941,13533805,0.1757404234824521,0.5098836640922866,0.4999032414126753,0.7030331292323913,0.5014052355107401
eebcaf65-7fa4-4118-869d-a084e84530e2,350.0,55.0,270.7310040262735,140.95349056180387,12500323,0.1741597860792152,0.5,0.5,0.702171444791371,0.4988977854000789
eebcaf65-7fa4-4118-869d-a084e84530e2,350.0,96.0,312.27772218836583,157.00981643200856,11222000,0.1831263869076453,0.5,0.5,0.6425530189367827,0.4990050945440854
eebcaf65-7fa4-4118-869d-a084e84530e2,450.0,14.0,166.65174152003465,96.06491983432008,18341390,0.169571356942487,0.5,0.5,0.7451644296662747,0.5028263699479295
eebcaf65-7fa4-4118-869d-a084e84530e2,450.0,40.0,302.35172921595745,144.0645592421952,12230379,0.1647625533723091,0.5,0.5,0.7121973966992416,0.5000308335858794
eebcaf65-7fa4-4118-869d-a084e84530e2,450.0,55.0,348.8070981046645,156.8612022542891,11232632,0.168186493378154,0.5,0.5,0.6957341551437493,0.5070937910387451
eebcaf65-7fa4-4118-869d-a084e84530e2,450.0,75.0,390.84272206726854,168.93310343134848,10429952,0.1782983309229682,0.5,0.5,0.6856676533798305,0.4917628752605816
fe380793-8035-414e-b000-09bfe5ece92a,50.0,14.0,42.6747492781305,35.17459537700798,63202229,0.1803638889620137,0.565175608783159,0.5005413703943116,0.5057461241999895,0.5001476293103447
fe380793-8035-414e-b000-09bfe5ece92a,50.0,28.0,53.41927126138244,44.01907000207491,50503403,0.1716741313125176,0.5860455839422676,0.496723497091144,0.5,0.5
fe380793-8035-414e-b000-09bfe5ece92a,50.0,40.0,57.679519137762775,47.63342218954736,46671281,0.1652467444084189,0.5592169679606898,0.4996326492135315,0.4993765586034913,0.5004270186335404
fe380793-8035-414e-b000-09bfe5ece92a,50.0,55.0,60.91114446170586,49.89245796734483,44558094,0.1585804616618074,0.5737021994161484,0.5001381437190261,0.5,0.5
fe380793-8035-414e-b000-09bfe5ece92a,50.0,75.0,63.61447605590491,51.64778703252848,43043719,0.1565886877793521,0.5996378125509964,0.497357681534152,0.5,0.5
fe380793-8035-414e-b000-09bfe5ece92a,50.0,96.0,65.42856696638869,53.70847192318924,41392219,0.1618913350296896,0.5988762669761201,0.4988695054945055,0.5,0.5
fe380793-8035-414e-b000-09bfe5ece92a,100.0,14.0,54.54753158231462,43.199115370547496,51461999,0.1803324361507098,0.5661502057986256,0.4990272839905193,0.5057461241999895,0.4995366379310343
fe380793-8035-414e-b000-09bfe5ece92a,100.0,28.0,73.39437663938799,57.33553774664926,38773733,0.1716744792407207,0.5860455839422676,0.5038909179056237,0.5,0.5
fe380793-8035-414e-b000-09bfe5ece92a,100.0,40.0,81.67363387760034,63.62336057961574,34941770,0.1652472905369691,0.5592169679606898,0.4983481469510881,0.4993765586034913,0.5004270186335404
fe380793-8035-414e-b000-09bfe5ece92a,100.0,55.0,88.29997568364827,67.7187518267219,32828615,0.1585804616618074,0.5737021994161484,0.5040992781728076,0.5,0.5
fe380793-8035-414e-b000-09bfe5ece92a,100.0,75.0,94.08943630984852,70.99367035572315,31314240,0.1565886877793521,0.5996378125509964,0.5006798373195431,0.5,0.5
fe380793-8035-414e-b000-09bfe5ece92a,100.0,96.0,98.10684699922976,74.94630745507664,29662740,0.1618913350296896,0.5988762669761201,0.5051892372333548,0.5,0.5
fe380793-8035-414e-b000-09bfe5ece92a,150.0,14.0,60.897567812496256,47.10642706710225,47193408,0.1801005958932405,0.568910808507552,0.4926708683473388,0.5034965034965035,0.4997823275862069
fe380793-8035-414e-b000-09bfe5ece92a,250.0,14.0,69.20695624356831,52.444969417972246,42389439,0.1795854795424405,0.5498472375840873,0.5010407239819004,0.5,0.5
fe380793-8035-414e-b000-09bfe5ece92a,250.0,28.0,101.1306415021926,73.81726396235145,30116435,0.1717531036879072,0.5874666823810991,0.4991175662572721,0.5,0.5
fe380793-8035-414e-b000-09bfe5ece92a,250.0,40.0,117.43691704780744,84.49657825230797,26310093,0.1652588554490502,0.5606380663995213,0.4966017830209006,0.4993765586034913,0.5006366459627329
fe380793-8035-414e-b000-09bfe5ece92a,250.0,55.0,131.61307893077128,91.85988108240736,24201129,0.1585819287151574,0.5737021994161484,0.5013152607196725,0.5,0.5
fe380793-8035-414e-b000-09bfe5ece92a,250.0,75.0,144.89368259617007,97.98952847919112,22687249,0.1565920904371349,0.5996378125509964,0.497685170221935,0.5,0.5
fe380793-8035-414e-b000-09bfe5ece92a,250.0,96.0,154.64524368297128,105.68238270445129,21035794,0.1619015137034171,0.5998304654494026,0.4996044494720965,0.5,0.5
fe380793-8035-414e-b000-09bfe5ece92a,300.0,14.0,71.65784275188317,53.88200589884706,41258910,0.1790041106214916,0.5529840800710776,0.5053210245636716,0.5,0.5
fe380793-8035-414e-b000-09bfe5ece92a,300.0,40.0,123.44986587040536,87.51873484960474,25401565,0.1652097662579007,0.5618257148555783,0.4959520308123249,0.4993765586034913,0.4995885093167702
fe380793-8035-414e-b000-09bfe5ece92a,300.0,55.0,139.18888613163037,95.42650508140738,23296597,0.1585757539689529,0.5737021994161484,0.5028118670545141,0.5,0.5
fe380793-8035-414e-b000-09bfe5ece92a,300.0,75.0,154.1278535197171,102.05652193692988,21783153,0.1565936715217526,0.5996378125509964,0.5031416989872871,0.5,0.5
fe380793-8035-414e-b000-09bfe5ece92a,300.0,96.0,165.20838888075457,110.42805324279388,20131776,0.1618972485456621,0.5998304654494026,0.5011083279465632,0.5,0.5
fe380793-8035-414e-b000-09bfe5ece92a,350.0,14.0,74.06694089508916,55.27387528718331,40219956,0.1785081694536578,0.5651960073253431,0.5102491111829347,0.5,0.5
fe380793-8035-414e-b000-09bfe5ece92a,350.0,28.0,109.8371406739012,78.2973984359418,28393189,0.1721482500251329,0.5910500262914543,0.4946035606550313,0.4993765586034913,0.4995786637931034
fe380793-8035-414e-b000-09bfe5ece92a,350.0,40.0,129.03417225758176,90.22092298421867,24640768,0.1652681130130761,0.565175608783159,0.4974706690368455,0.4993765586034913,0.5000077639751552
fe380793-8035-414e-b000-09bfe5ece92a,350.0,55.0,146.26906032110907,98.60091961647564,22546573,0.1586901015604676,0.5694593026418379,0.5021682826976944,0.5,0.5
fe380793-8035-414e-b000-09bfe5ece92a,350.0,96.0,175.25913098538848,114.69128725794428,19383450,0.1618994071088711,0.5988762669761201,0.5082941984486101,0.5,0.5
fe380793-8035-414e-b000-09bfe5ece92a,450.0,14.0,78.77320335332232,57.8462348696059,38431418,0.1783367207392632,0.5473200848579355,0.5007414081017022,0.5,0.5
fe380793-8035-414e-b000-09bfe5ece92a,450.0,40.0,138.98337219551482,94.63142407488536,23492332,0.1656281583934925,0.557947725335896,0.4973536414565827,0.4993765586034913,0.4995885093167702
fe380793-8035-414e-b000-09bfe5ece92a,450.0,55.0,158.89756904345262,103.71263680637648,21435313,0.1589968972960719,0.5589427208935468,0.5043248761042878,0.5,0.5
fe380793-8035-414e-b000-09bfe5ece92a,450.0,75.0,178.54624807703684,111.54461440211232,19930257,0.15666312207247,0.5922376747475113,0.5064496875673347,0.5,0.5
1a276285-8b0e-4cc9-9f0a-a3a002978724,150.0,28.0,100.34689999447252,87.04485989865363,21931124,0.1330720232428504,0.5016812865497077,0.5011111111111112,0.539550114722198,0.5004675565175566
1e104bf4-7a24-4624-a5b2-c2c8289c0de7,150.0,28.0,103.806332940776,88.21887684958679,22929716,0.0400003201852671,0.5325667108948843,0.498493065897245,0.5423478313325693,0.5010317460317459
6638cfb3-3831-4fc2-9327-194b76cf22e1,150.0,28.0,134.49565386434065,113.2936343406698,14560974,0.0428917447445794,0.5745164960182025,0.5023601474596275,0.5142610543088567,0.4991892236976505
749cb2b7-e57e-4453-a794-f6230e4d0226,150.0,28.0,103.00835525740854,86.84837015239624,24864656,0.0634690981754524,0.4990421455938697,0.500539638932496,0.6062935577086521,0.5007262578192812
d7ec0892-0a6c-4f4f-9d8f-72083692af5c,150.0,28.0,83.45078428546363,72.1665752279606,24692315,0.3046869950684654,0.7808656860380998,0.4954197519661222,0.8333926593893372,0.5015176373258479
da8dfec1-d265-44e8-84ce-6ae9c109b8bd,150.0,28.0,97.29994366609304,85.48290865288328,19298157,0.0307473887394453,0.585508916566937,0.4906954077955612,0.4977426636568848,0.5005551883674818
dab512bd-a02d-4c1f-8dbc-9155a163efc0,150.0,28.0,105.66858366339106,92.13622004654005,15291347,0.169041264101914,0.528674251218946,0.5021755118203609,0.6362648957298908,0.5040581044638422
dc7e9403-19f7-409f-9240-05ee57cb7aea,150.0,28.0,82.28233698919261,71.7789020476995,26547401,0.0852397241386581,0.573098828379258,0.4998427150159077,0.5399018654816461,0.5024476033158046
e8f9fba4-d151-4b00-bee7-447f0f3e752c,150.0,28.0,87.70651562306718,75.90658406208644,25428937,0.1331471194570282,0.5265391966739679,0.4987727482117385,0.5927204890053187,0.5048569648421721
eebcaf65-7fa4-4118-869d-a084e84530e2,150.0,28.0,125.65185945162406,106.763642180616,16503410,0.2195246850275095,0.5,0.5,0.7690280199505292,0.5043658452030012
fe380793-8035-414e-b000-09bfe5ece92a,150.0,28.0,85.24565973276694,73.83145834305442,30110645,0.1716843432593158,0.5867459338905913,0.5051402445593622,0.5,0.5
1a276285-8b0e-4cc9-9f0a-a3a002978724,450.0,96.0,231.04420629201684,188.1186735456584,10147805,0.114719359542999,0.5027777777777778,0.5000641025641026,0.500617176381749,0.4995079365079365
1e104bf4-7a24-4624-a5b2-c2c8289c0de7,450.0,96.0,259.38061012921645,209.07739083051575,9675048,0.0295562007507035,0.5354562877782691,0.4983752326880119,0.5084695662665139,0.49954501727229
6638cfb3-3831-4fc2-9327-194b76cf22e1,450.0,96.0,430.24106747159215,306.7186416564081,5378433,0.0064613181118323,0.5998256578461356,0.4949070159294675,0.5117647058823529,0.4998545935228023
749cb2b7-e57e-4453-a794-f6230e4d0226,450.0,96.0,254.4789394557996,203.95799633595183,10587743,0.0770703923330087,0.4961685823754789,0.500357142857143,0.6069309875913649,0.5053370147556193
d7ec0892-0a6c-4f4f-9d8f-72083692af5c,450.0,96.0,230.75111243887915,186.6157278716876,9548819,0.2364356656537027,0.7507234145165179,0.5028036600120993,0.7449770605916786,0.4958276130325426
da8dfec1-d265-44e8-84ce-6ae9c109b8bd,450.0,96.0,293.93842609886724,234.69995895467443,7028815,0.0239074953184197,0.5595348905929111,0.4950632288435659,0.5013676802549463,0.4996160547978128
dab512bd-a02d-4c1f-8dbc-9155a163efc0,450.0,96.0,305.807524165004,237.72226445172947,5926609,0.1654839273041088,0.5066751799396332,0.4972507019795186,0.5836022840119166,0.4995974025974026
dc7e9403-19f7-409f-9240-05ee57cb7aea,450.0,96.0,215.71015575143596,179.69054473900576,10604583,0.0626234298649478,0.5087763072249946,0.5010110898138006,0.5,0.5
e8f9fba4-d151-4b00-bee7-447f0f3e752c,450.0,96.0,255.07177640961245,202.88295252342948,9513977,0.0838606388065136,0.5087022336314299,0.5013941954492446,0.5065194093831865,0.4999548324581145
eebcaf65-7fa4-4118-869d-a084e84530e2,450.0,96.0,419.7772805749999,280.8345578256014,6274029,0.1837085682322291,0.5,0.5,0.6626860224646203,0.5056890032234068
fe380793-8035-414e-b000-09bfe5ece92a,450.0,96.0,193.56112233215555,161.9381381089572,13728161,0.1618603310608166,0.5998304654494026,0.5068913757810817,0.5,0.5
1a276285-8b0e-4cc9-9f0a-a3a002978724,150.0,40.0,114.39515478780363,83.57799886422735,22840839,0.1314286716154963,0.4989035087719298,0.5000641025641026,0.5171139380209695,0.5004850168350169
1e104bf4-7a24-4624-a5b2-c2c8289c0de7,150.0,40.0,122.56098262523372,86.55684406386922,23370004,0.0397280004701192,0.5707098628925255,0.5006451507818317,0.5597695602340592,0.4978967160785343
6638cfb3-3831-4fc2-9327-194b76cf22e1,150.0,40.0,154.57483256553542,100.94126701579845,16342827,0.038647450282768,0.5800127062925697,0.4980361834048717,0.5095073695392378,0.4989639037433155
749cb2b7-e57e-4453-a794-f6230e4d0226,150.0,40.0,118.59161887316468,83.82806049177957,25760525,0.0689752634475316,0.4993259543067972,0.5003980900052327,0.5757649158592555,0.4995777588219448
d7ec0892-0a6c-4f4f-9d8f-72083692af5c,150.0,40.0,97.0242737902972,72.66887935209543,24521636,0.2986268819199709,0.7787557270315891,0.5024774047186934,0.8062015503875969,0.4993339481771436
da8dfec1-d265-44e8-84ce-6ae9c109b8bd,150.0,40.0,109.95773030851744,79.9926504206995,20622677,0.036688390066206,0.5510024673847199,0.5011021950258192,0.5,0.5
dab512bd-a02d-4c1f-8dbc-9155a163efc0,150.0,40.0,119.59181442753436,85.94870042942416,16392184,0.1726165019202886,0.511725098676573,0.4948686832431241,0.5993979642502483,0.4979568518912781
dc7e9403-19f7-409f-9240-05ee57cb7aea,150.0,40.0,95.24539831724572,72.14006704576916,26414493,0.067930214055391,0.5798031026252983,0.5020807580973242,0.5,0.5
e8f9fba4-d151-4b00-bee7-447f0f3e752c,150.0,40.0,99.62552550238613,73.60207703101217,26225126,0.123896154822751,0.5231036455208784,0.4962776352134698,0.617805826784155,0.4984250040875604
eebcaf65-7fa4-4118-869d-a084e84530e2,150.0,40.0,139.24159962473135,95.02409627118293,18542288,0.1982271401863395,0.5,0.5,0.7397104740278172,0.5049188408592079
fe380793-8035-414e-b000-09bfe5ece92a,150.0,40.0,96.6204758286735,72.3419053109768,30730637,0.1652461771879058,0.5634802632771845,0.5007132891618186,0.4993765586034913,0.5000077639751553
1a276285-8b0e-4cc9-9f0a-a3a002978724,150.0,55.0,125.98962291532288,89.53093677957823,21322145,0.1277219673818781,0.5005847953216375,0.5002018633540373,0.5042403647875461,0.4987024771524772
1e104bf4-7a24-4624-a5b2-c2c8289c0de7,150.0,55.0,136.8287817420952,93.18099922468696,21708651,0.036559102160475,0.5445599292348517,0.500647989575577,0.5141159437775231,0.5011430320521231
6638cfb3-3831-4fc2-9327-194b76cf22e1,150.0,55.0,169.22179438706843,110.83210082094858,14884367,0.025504307776616,0.5697737984427405,0.5041727833342614,0.5047536847696189,0.5009054857898216
749cb2b7-e57e-4453-a794-f6230e4d0226,150.0,55.0,131.50944338498957,90.22218593854802,23934854,0.0688529487429692,0.4964523910884064,0.499541797488226,0.5756331803501615,0.5040934123492263
d7ec0892-0a6c-4f4f-9d8f-72083692af5c,150.0,55.0,105.9463747073119,78.95640006346784,22568909,0.278807790119697,0.7493368700265253,0.5040007259528131,0.7731767125454834,0.5049367225927738
da8dfec1-d265-44e8-84ce-6ae9c109b8bd,150.0,55.0,118.37014346808708,86.62901220311548,19042842,0.0366939336465936,0.5573703884284089,0.5008993718070643,0.4988713318284424,0.4995769993390614
dab512bd-a02d-4c1f-8dbc-9155a163efc0,150.0,55.0,131.1025316869372,91.5135042618902,15395399,0.1743943665612736,0.5294868818202926,0.5007988113993851,0.5746027805362462,0.5037633241075865
dc7e9403-19f7-409f-9240-05ee57cb7aea,150.0,55.0,105.0440494877694,77.74103737192551,24511421,0.0660546432942779,0.5372450640052072,0.5012324297188755,0.5,0.5
e8f9fba4-d151-4b00-bee7-447f0f3e752c,150.0,55.0,108.4388040437414,79.10928127097895,24399460,0.1115228675402068,0.5213701745329743,0.5042593463105385,0.6161486861951259,0.5002528174110836
eebcaf65-7fa4-4118-869d-a084e84530e2,150.0,55.0,149.13374898396827,100.91804411811958,17459357,0.1875610028088035,0.5,0.5,0.6957138802157252,0.5031272097785859
fe380793-8035-414e-b000-09bfe5ece92a,150.0,55.0,106.0347715891061,77.68333128913889,28617630,0.1585830161362835,0.5737021994161484,0.4979984378366732,0.5,0.5
1a276285-8b0e-4cc9-9f0a-a3a002978724,150.0,75.0,136.6033827622598,94.78710895615002,20139781,0.1200626672040723,0.4989035087719298,0.4998702686202687,0.4979959919839679,0.500587037037037
1e104bf4-7a24-4624-a5b2-c2c8289c0de7,150.0,75.0,147.19369745693115,100.93985531231029,20039991,0.0322906897838179,0.5376934984520124,0.4994699832464631,0.5056463775110093,0.4994123048668503
6638cfb3-3831-4fc2-9327-194b76cf22e1,150.0,75.0,178.93519424526292,116.04790612424496,14215385,0.016998071609989,0.5686878536707889,0.4979365992265318,0.5,0.5
749cb2b7-e57e-4453-a794-f6230e4d0226,150.0,75.0,142.563315400494,96.50764394955702,22375998,0.0737441099782101,0.5,0.5,0.5996430392656807,0.5025784172877197
d7ec0892-0a6c-4f4f-9d8f-72083692af5c,150.0,75.0,111.8959591363697,83.66242193150465,21299405,0.2560247487450281,0.7533759344104172,0.5137732002419841,0.7600458788166429,0.5017626617049951
da8dfec1-d265-44e8-84ce-6ae9c109b8bd,150.0,75.0,123.98826978923472,90.03844947839882,18321757,0.0347359498643283,0.5408004964318958,0.5043724653180082,0.5058823529411764,0.4988764044943819
dab512bd-a02d-4c1f-8dbc-9155a163efc0,150.0,75.0,140.73932425977733,99.07315997443722,14220672,0.1724022927745889,0.4948630136986301,0.499622630422077,0.5827333664349553,0.5081355475125966
dc7e9403-19f7-409f-9240-05ee57cb7aea,150.0,75.0,112.47735502191254,83.81227058534118,22735851,0.0631521430620267,0.5100835322195705,0.5049851027486569,0.4993403693931398,0.4998624401913875
e8f9fba4-d151-4b00-bee7-447f0f3e752c,150.0,75.0,115.0623369387476,84.23388751060983,22915050,0.0945718935726072,0.5325522831591724,0.4994354988552043,0.5114908311502739,0.498973553484525
eebcaf65-7fa4-4118-869d-a084e84530e2,150.0,75.0,156.7122119595856,105.94022024109046,16631683,0.1840236085795428,0.5016472773487144,0.5003930817610063,0.6829204006325778,0.4953056267276451
fe380793-8035-414e-b000-09bfe5ece92a,150.0,75.0,114.49774134096428,82.02376229177888,27103278,0.1565886877793521,0.5996378125509964,0.497580693815988,0.5,0.5
1a276285-8b0e-4cc9-9f0a-a3a002978724,150.0,96.0,144.44156712354825,101.43950225665358,18819016,0.1145998737270717,0.5027777777777778,0.5008394383394383,0.500617176381749,0.4990309523809524
1e104bf4-7a24-4624-a5b2-c2c8289c0de7,150.0,96.0,153.06331172823334,103.98435140818614,19453252,0.0294662896080916,0.5369268760135634,0.4993246463142218,0.5084695662665139,0.4993052822598278
6638cfb3-3831-4fc2-9327-194b76cf22e1,150.0,96.0,183.5999738771468,119.0177089512386,13860674,0.0064105773988308,0.5998256578461356,0.5008624393176653,0.5117647058823529,0.5005551883674818
749cb2b7-e57e-4453-a794-f6230e4d0226,150.0,96.0,149.99664363032088,101.63318927898275,21247536,0.0770502462829858,0.4961685823754789,0.4999067896389324,0.6069309875913649,0.5007977911466284
d7ec0892-0a6c-4f4f-9d8f-72083692af5c,150.0,96.0,115.09340058279614,86.10051713175604,20696273,0.2377698109660979,0.7484928864239209,0.4976667271627344,0.7430390760955545,0.4938276355660856
da8dfec1-d265-44e8-84ce-6ae9c109b8bd,150.0,96.0,126.96028615498209,92.49612667541244,17834937,0.02397250672778,0.5612413752345493,0.4917410822176362,0.5013676802549463,0.4999650754070779
dab512bd-a02d-4c1f-8dbc-9155a163efc0,150.0,96.0,146.89164352693538,102.95468680190352,13684534,0.1653351192569015,0.5066751799396332,0.496692008868447,0.5836022840119166,0.497328596267121
dc7e9403-19f7-409f-9240-05ee57cb7aea,150.0,96.0,117.02628533004784,86.72262007681115,21972852,0.0624403871034225,0.5075829898025602,0.5000540147603402,0.5,0.5
e8f9fba4-d151-4b00-bee7-447f0f3e752c,150.0,96.0,118.98772260363889,87.04123174769808,22175970,0.0838594542816086,0.5102996777208868,0.4988191586736467,0.5065194093831865,0.5003599728057014
eebcaf65-7fa4-4118-869d-a084e84530e2,150.0,96.0,161.3380908014151,108.97308712006536,16168801,0.184217750316969,0.5,0.5,0.6416710595677385,0.4969405070207821
fe380793-8035-414e-b000-09bfe5ece92a,150.0,96.0,120.50544772591924,87.34607193257776,25451778,0.1618913350296896,0.5988762669761201,0.4995133322559792,0.5,0.5
1a276285-8b0e-4cc9-9f0a-a3a002978724,300.0,28.0,119.67009944771574,83.83411294862866,22771060,0.1328001720187488,0.5016812865497077,0.5005314009661835,0.5546600447271354,0.5043429052429054
1e104bf4-7a24-4624-a5b2-c2c8289c0de7,300.0,28.0,125.15918366536704,85.78435552398892,23580451,0.0399288697210529,0.5331674775173227,0.5014025037230081,0.5488206551245702,0.4985325659189296
6638cfb3-3831-4fc2-9327-194b76cf22e1,300.0,28.0,190.394285423334,114.16370587102382,14450001,0.0432209987426172,0.5827164871533472,0.5083237915841935,0.5165183906519719,0.5017822432854653
749cb2b7-e57e-4453-a794-f6230e4d0226,300.0,28.0,128.68866985821484,86.88738877316626,24853490,0.0631182546811197,0.4990421455938697,0.4997890502354787,0.5912417134115248,0.5039927718416091
d7ec0892-0a6c-4f4f-9d8f-72083692af5c,300.0,28.0,110.5714006671693,77.22552037718454,23074753,0.3040262905326365,0.7821919459850495,0.4974211433756806,0.811046511627907,0.5007154281802341
da8dfec1-d265-44e8-84ce-6ae9c109b8bd,300.0,28.0,131.760985553631,91.2067849611822,18087060,0.0310264466133379,0.5842604494481628,0.4985342435165396,0.4977426636568848,0.5002048909451421
dab512bd-a02d-4c1f-8dbc-9155a163efc0,300.0,28.0,155.28717204198466,100.46022977932984,14024325,0.1722752190042026,0.5253366612491294,0.4987825843434216,0.5684582919563058,0.4995226385636222
dc7e9403-19f7-409f-9240-05ee57cb7aea,300.0,28.0,106.2763082765062,76.25511632992924,24989055,0.0855869391476038,0.575428509438056,0.4980803734418191,0.5372633430542054,0.4980513870156242
e8f9fba4-d151-4b00-bee7-447f0f3e752c,300.0,28.0,118.43120953564656,81.88945627885685,23571090,0.1339547891089751,0.5254474936171993,0.5002329042704219,0.6007878860046043,0.5046112435560814
eebcaf65-7fa4-4118-869d-a084e84530e2,300.0,28.0,183.31634069005167,109.38085020198932,16108525,0.1888335053865493,0.5068286244989735,0.5001420186896849,0.7708527634726896,0.5004186755562903
fe380793-8035-414e-b000-09bfe5ece92a,300.0,28.0,105.63103846261164,76.16800802467868,29186963,0.1716863755922933,0.5798534931370238,0.4935972312001722,0.5,0.5
1a276285-8b0e-4cc9-9f0a-a3a002978724,450.0,28.0,137.0127381929018,91.4497734703952,20874755,0.1313049062168116,0.5027777777777778,0.49987922705314,0.573545642008655,0.4980656325156325
1e104bf4-7a24-4624-a5b2-c2c8289c0de7,450.0,28.0,145.9199041681687,94.94282953536286,21305809,0.0378481402725546,0.5182441397611677,0.4951565990320179,0.5386981962960729,0.4989334360925269
6638cfb3-3831-4fc2-9327-194b76cf22e1,450.0,28.0,235.15149539459657,128.63443822299408,12824448,0.0381689309185588,0.5847554038680318,0.5005397936624907,0.5072500331961227,0.501995433515592
749cb2b7-e57e-4453-a794-f6230e4d0226,450.0,28.0,144.8718372191799,94.25683221369997,22910327,0.0659376935260989,0.4990421455938697,0.4999391679748821,0.5924868264490906,0.5079156565203077
d7ec0892-0a6c-4f4f-9d8f-72083692af5c,450.0,28.0,133.97392902261316,86.29729789414347,20649080,0.3056241460651014,0.7765251989389921,0.49184555353902,0.8188182249644044,0.4960610637549036
da8dfec1-d265-44e8-84ce-6ae9c109b8bd,450.0,28.0,174.8036905445119,109.09049134818127,15121965,0.0307601788475886,0.5437997724687145,0.5039187460903518,0.5,0.5
dab512bd-a02d-4c1f-8dbc-9155a163efc0,450.0,28.0,171.03125477156496,107.04799417441971,13161264,0.169717476082912,0.5083875087067564,0.4990496436103982,0.5913915094339622,0.4967004116102477
dc7e9403-19f7-409f-9240-05ee57cb7aea,450.0,28.0,122.29382023791048,83.83005730449399,22731027,0.090684341083264,0.5905999132132784,0.5024278607938247,0.4980211081794195,0.5003678229665072
e8f9fba4-d151-4b00-bee7-447f0f3e752c,450.0,28.0,147.2930596513211,94.67420467191,20388064,0.1341223663597438,0.5236093865535667,0.4974743833772587,0.6006787330316742,0.5008168063650529
eebcaf65-7fa4-4118-869d-a084e84530e2,450.0,28.0,250.9257896109131,127.31841726548004,13839036,0.168416258208963,0.5,0.5,0.7140626900774503,0.4995723131388269
fe380793-8035-414e-b000-09bfe5ece92a,450.0,28.0,117.45973803941008,81.88406563549547,27149517,0.1724495536892221,0.5610029736541495,0.502029708037061,0.5051226828034808,0.5001336206896552
1a276285-8b0e-4cc9-9f0a-a3a002978724,350.0,75.0,183.0063783464009,113.94299625914368,16753918,0.1199997510165636,0.4989035087719298,0.4998702686202687,0.4979959919839679,0.5005870370370371
1e104bf4-7a24-4624-a5b2-c2c8289c0de7,350.0,75.0,207.22394020156943,126.07412808027424,16044797,0.0323204057022811,0.5412354415450391,0.5023382352941177,0.5056463775110093,0.5005448423630242
6638cfb3-3831-4fc2-9327-194b76cf22e1,350.0,75.0,336.00979857998743,164.222343583349,10045318,0.0166748592651685,0.5686878536707889,0.5008488160355451,0.5,0.5
749cb2b7-e57e-4453-a794-f6230e4d0226,350.0,75.0,214.02012368010435,125.56377528829977,17198072,0.0737426442160658,0.5,0.5,0.5996430392656807,0.5004479812037953
d7ec0892-0a6c-4f4f-9d8f-72083692af5c,350.0,75.0,182.65225407801185,117.18928047710136,15205826,0.25630222669267,0.7577767060525682,0.5009408650937689,0.7600458788166429,0.5063358163151433
da8dfec1-d265-44e8-84ce-6ae9c109b8bd,350.0,75.0,208.2389957234749,128.31171969059818,12856679,0.0347810784035048,0.5408004964318958,0.501857726924493,0.5058823529411764,0.5002775941837408
dab512bd-a02d-4c1f-8dbc-9155a163efc0,350.0,75.0,263.1609041062175,144.25871913777763,9766390,0.1725353243008017,0.4948630136986301,0.4992977028434934,0.5829505958291956,0.502876250798382
dc7e9403-19f7-409f-9240-05ee57cb7aea,350.0,75.0,172.9414791136026,113.9447230859321,16723401,0.0632003938025489,0.5100835322195705,0.4982315300161685,0.4993403693931398,0.4998624401913875
e8f9fba4-d151-4b00-bee7-447f0f3e752c,350.0,75.0,195.34789947472763,120.7718632425326,15982396,0.0945757662100355,0.52464528370328,0.4981818940760034,0.5114908311502739,0.5007858731509801
eebcaf65-7fa4-4118-869d-a084e84530e2,350.0,75.0,295.8580608704852,150.7929207359974,11684661,0.1788712006156028,0.5025906735751295,0.4997581035316885,0.67650338591298,0.5027376803408913
fe380793-8035-414e-b000-09bfe5ece92a,350.0,75.0,162.84056141999275,105.68862782000907,21034551,0.1566868648158702,0.5996378125509964,0.5008931534152122,0.5,0.5
1a276285-8b0e-4cc9-9f0a-a3a002978724,,,1.0,1.0,1908991616,0.1344642918216628,0.5055555555555555,0.500521845304454,0.5679983154715228,0.4998385281385282
1e104bf4-7a24-4624-a5b2-c2c8289c0de7,,,1.0,1.0,2022833792,0.0541074653231749,0.5410695857290284,0.4948131515264335,0.5622488990770345,0.5004306047487866
6638cfb3-3831-4fc2-9327-194b76cf22e1,,,1.0,1.0,1649665664,0.0238936222788037,0.6010741249649099,0.501604685846763,0.5117647058823529,0.5005347593582887
749cb2b7-e57e-4453-a794-f6230e4d0226,,,1.0,1.0,2159454848,0.0539637971497219,0.5,0.5,0.597416284208737,0.503810945496992
d7ec0892-0a6c-4f4f-9d8f-72083692af5c,,,1.0,1.0,1781959808,0.3148839350542208,0.7801422715215819,0.4967892921960073,0.8635105204872646,0.5014269816641344
da8dfec1-d265-44e8-84ce-6ae9c109b8bd,,,1.0,1.0,1649662592,0.0389336826560094,0.5672768642051919,0.5017459792462226,0.5145000663922454,0.4973760740251156
dab512bd-a02d-4c1f-8dbc-9155a163efc0,,,1.0,1.0,1408886912,0.1574138284330651,0.526062224286046,0.5007991078613236,0.7866497020854022,0.5020638528138528
dc7e9403-19f7-409f-9240-05ee57cb7aea,,,1.0,1.0,1905543296,0.1103625729743904,0.5651442829247125,0.4988486087205966,0.5616002407073092,0.4989235224706794
e8f9fba4-d151-4b00-bee7-447f0f3e752c,,,1.0,1.0,1930223744,0.1898027341403082,0.5455480837646665,0.4949430256513006,0.7266710327855839,0.503949025717968
eebcaf65-7fa4-4118-869d-a084e84530e2,,,1.0,1.0,1761964160,0.2656621520070269,0.4990566037735849,0.5003078450844092,0.8304103645432059,0.4979904904904905
fe380793-8035-414e-b000-09bfe5ece92a,,,1.0,1.0,2223112832,0.1854604717725512,0.5723218980616851,0.5007395227321697,0.5353443314789949,0.4984292608160204
