pid,m,epsilon,alpha,track,bytes,bytes_spatial,bytes_vh,rank_median,snr,snr_chunk_median,snr_chunk_p10,snr_delta,snr_gamma,r2
1a276285-8b0e-4cc9-9f0a-a3a002978724,inf,100.0,14.0,size,28369883,13136018,15210799,17.0,15.926993050007017,15.483625647866209,14.59730228678747,22.470208635398457,15.253769993592805,0.13307816132927153
1e104bf4-7a24-4624-a5b2-c2c8289c0de7,inf,100.0,14.0,size,30173857,13812022,16337363,17.0,15.52231926954406,15.526142794654866,15.062159554012304,21.812884560581743,9.666353249413541,0.04622133119789551
6638cfb3-3831-4fc2-9327-194b76cf22e1,inf,100.0,14.0,size,19007045,10102134,8884961,15.0,15.455977896418956,15.467797610555493,15.069160467780094,25.908705270355593,8.96890496094623,0.03760749919044093
749cb2b7-e57e-4453-a794-f6230e4d0226,inf,100.0,14.0,size,31673610,15480417,16167087,17.0,17.437527221944787,17.24511200452211,16.70326631716919,26.284759931822773,12.668861975664054,0.054466181055952134
d7ec0892-0a6c-4f4f-9d8f-72083692af5c,inf,100.0,14.0,size,36100532,18105367,17973619,25.0,11.913748268551576,12.223255524872389,8.134405109829256,16.460675541566033,8.357568550909383,0.3083267444644574
da8dfec1-d265-44e8-84ce-6ae9c109b8bd,inf,100.0,14.0,size,28478535,16459623,11998962,24.0,10.919202521737784,10.914206627394504,10.502291995867088,19.605061256269817,6.699543120995265,0.036241934013052646
dab512bd-a02d-4c1f-8dbc-9155a163efc0,inf,100.0,14.0,size,19076014,9966698,9092292,18.0,16.773313209058053,16.745863928255723,16.400567737073985,21.63795903242512,11.04994353886785,0.1553542330410529
dc7e9403-19f7-409f-9240-05ee57cb7aea,inf,100.0,14.0,size,38198676,19842780,18332868,26.0,14.293560782473095,13.692404463628193,13.094711083954623,21.14270608756687,10.733519029520544,0.1082694113325835
e8f9fba4-d151-4b00-bee7-447f0f3e752c,inf,100.0,14.0,size,34061404,18550566,15487506,24.0,11.28846934007128,11.409647382496587,9.890772477178482,15.708215844877916,9.559245275661514,0.15905131762954916
eebcaf65-7fa4-4118-869d-a084e84530e2,inf,100.0,14.0,size,21321782,12466891,8833573,17.0,13.290936642393463,13.364161250923495,11.747033469517351,15.932290704651455,7.968044810990157,0.25207306849651767
fe380793-8035-414e-b000-09bfe5ece92a,inf,100.0,14.0,size,38779307,19172802,19579639,21.0,15.518794185292649,15.40242454503253,14.750781253160337,21.779745151829523,13.08347412193734,0.18033251566993658
1a276285-8b0e-4cc9-9f0a-a3a002978724,inf-f16,100.0,9.1591889176539,size,29280044,6415232,22841746,17.0,18.679549382114697,18.230893871693823,17.327477393348893,24.87004276225306,18.084049296743927,0.13454172887093474
1e104bf4-7a24-4624-a5b2-c2c8289c0de7,inf-f16,100.0,9.1591889176539,size,30846796,6922732,23899592,17.0,18.37042988190977,18.39086728008833,17.86941751044741,24.377995599811292,12.606717865585185,0.048078688414684434
6638cfb3-3831-4fc2-9327-194b76cf22e1,inf-f16,100.0,9.1591889176539,size,18928664,5038359,13870355,15.0,17.931854041872818,17.936757358899804,17.574578206885835,28.531237872322443,11.47778421607206,0.03348744808203985
749cb2b7-e57e-4453-a794-f6230e4d0226,inf-f16,100.0,9.1591889176539,size,30919904,7711410,23182388,17.0,19.910545298558407,19.723034671817828,19.19563391774405,28.63039669971924,15.237277130310636,0.054478194893434195
d7ec0892-0a6c-4f4f-9d8f-72083692af5c,inf-f16,100.0,9.1591889176539,size,37603395,9027502,28554347,25.0,14.606186134960224,14.956515244440835,10.723538318583651,18.500932269323766,11.122455547013676,0.31002073910231087
da8dfec1-d265-44e8-84ce-6ae9c109b8bd,inf-f16,100.0,9.1591889176539,size,28461343,8224793,20216600,24.0,13.24163572657029,13.235208272296763,12.790327609091392,21.676915114118394,9.13373026628059,0.0385478073442872
dab512bd-a02d-4c1f-8dbc-9155a163efc0,inf-f16,100.0,9.1591889176539,size,18205694,5012211,13176459,18.0,19.230755849466426,19.197034335912562,18.83769498508517,24.504859325812255,13.485596154643824,0.14986383785313984
dc7e9403-19f7-409f-9240-05ee57cb7aea,inf-f16,100.0,9.1591889176539,size,38028793,9882489,28123276,26.0,16.76721509363371,16.163682129524204,15.598301476806618,23.559510386977138,13.287060402320424,0.10784627221251997
e8f9fba4-d151-4b00-bee7-447f0f3e752c,inf-f16,100.0,9.1591889176539,size,34005357,9361240,24620785,24.0,13.66374335221649,13.81611351478449,12.135702852498117,17.95902067268895,12.110255443456396,0.17237375593884352
eebcaf65-7fa4-4118-869d-a084e84530e2,inf-f16,100.0,9.1591889176539,size,20284910,6231810,14031782,17.0,15.35114240039128,15.386874528948697,13.651183706185012,17.568050365003536,10.092822284761144,0.2583038479857922
fe380793-8035-414e-b000-09bfe5ece92a,inf-f16,100.0,9.1591889176539,size,38966484,9567583,29372035,21.0,18.159272771234814,18.05222227184627,17.362256845812936,24.355840615604258,15.855012478269403,0.18285408417680848
1a276285-8b0e-4cc9-9f0a-a3a002978724,48,100.0,6.862673367512081,size,30043584,1019391,29001127,17.0,20.577148514899566,20.158631790343158,19.18283752681883,26.139626671488752,20.054583009898707,0.13459432977223507
1e104bf4-7a24-4624-a5b2-c2c8289c0de7,48,100.0,6.862673367512081,size,30955672,1045423,29885777,17.0,20.269430790483128,20.305541291089337,19.677333447605527,25.70147776388799,14.612313082603643,0.04892101698774021
6638cfb3-3831-4fc2-9327-194b76cf22e1,48,100.0,6.862673367512081,size,19090016,782831,18287235,15.0,19.693009139324037,19.703365826993508,19.354244417620485,30.104652927254975,13.30332387554524,0.031161613372032826
749cb2b7-e57e-4453-a794-f6230e4d0226,48,100.0,6.862673367512081,size,30299327,1164346,29108875,17.0,21.55171663257585,21.37074942413184,20.861928705494904,29.907174387787112,16.96692345453687,0.054564532673764043
d7ec0892-0a6c-4f4f-9d8f-72083692af5c,48,100.0,6.862673367512081,size,38473508,1345129,37106833,25.0,16.431572094324586,16.76853377178302,12.586274314774212,19.50310993753022,13.0410498726129,0.31148834207970644
da8dfec1-d265-44e8-84ce-6ae9c109b8bd,48,100.0,6.862673367512081,size,28731386,1219384,27492052,24.0,14.870895305119385,14.87241333537726,14.432228892058177,22.8650955529959,10.862339339021581,0.0375865647945951
dab512bd-a02d-4c1f-8dbc-9155a163efc0,48,100.0,6.862673367512081,size,17449682,783749,16648909,18.0,20.87660752965823,20.84542229944791,20.471183291668822,26.268753485721984,15.062842373388001,0.1421452020106191
dc7e9403-19f7-409f-9240-05ee57cb7aea,48,100.0,6.862673367512081,size,37965553,1466908,36475617,26.0,18.455440781087383,17.880843903255467,17.30851403593357,25.05141227673624,15.030650958713778,0.10898515877377679
e8f9fba4-d151-4b00-bee7-447f0f3e752c,48,100.0,6.862673367512081,size,33992220,1364240,32604648,24.0,15.324402725285658,15.487146432258822,13.742881375406087,18.983909194488195,13.962906600765697,0.17954439500957609
eebcaf65-7fa4-4118-869d-a084e84530e2,48,100.0,6.862673367512081,size,19817302,951283,18844701,17.0,16.762476451703275,16.854249851690646,14.946274807584265,18.08998785829138,11.684006582534526,0.2619632165900496
fe380793-8035-414e-b000-09bfe5ece92a,48,100.0,6.862673367512081,size,38943460,1424655,37491939,21.0,19.97474718081755,19.885477588687117,19.180883658412714,25.780849447692283,17.75837488229299,0.18481547384390073
1a276285-8b0e-4cc9-9f0a-a3a002978724,24,100.0,6.691195479571211,size,30103391,526221,29554104,17.0,20.717104667068448,20.311613657094718,19.32690563031759,26.006630444495524,20.22562056507498,0.13442083212137113
1e104bf4-7a24-4624-a5b2-c2c8289c0de7,24,100.0,6.691195479571211,size,30983793,536782,30422539,17.0,20.390754506434384,20.43772526451076,19.76904545224223,25.447936952623834,14.784997569841195,0.049420966749417095
6638cfb3-3831-4fc2-9327-194b76cf22e1,24,100.0,6.691195479571211,size,19129416,400584,18708882,15.0,19.84276132791621,19.84805745976567,19.50808769281915,30.14902425023102,13.468600569700769,0.03184015823488717
749cb2b7-e57e-4453-a794-f6230e4d0226,24,100.0,6.691195479571211,size,30288652,598591,29663955,17.0,21.667632608107255,21.49235049792601,20.982107640684443,29.68600032227926,17.119063245909846,0.05403972623908038
d7ec0892-0a6c-4f4f-9d8f-72083692af5c,24,100.0,6.691195479571211,size,38411136,652607,37736983,24.0,16.47908782518642,16.80134818098922,12.652111818778591,18.563191356450574,13.214979632292279,0.3119530717529573
da8dfec1-d265-44e8-84ce-6ae9c109b8bd,24,100.0,6.691195479571211,size,28730017,606569,28103498,24.0,14.959144804140825,14.985922141672232,14.526865336241737,22.29761052245933,11.013738847228534,0.03773592122008185
dab512bd-a02d-4c1f-8dbc-9155a163efc0,24,100.0,6.691195479571211,size,17402629,402011,16983594,18.0,21.009326364864854,20.97456181136334,20.60508857720609,26.328419599904095,15.203378340418643,0.13864854788276504
dc7e9403-19f7-409f-9240-05ee57cb7aea,24,100.0,6.691195479571211,size,37864520,696760,37144732,24.0,18.546083162031554,17.979511837056936,17.397969289997093,24.66461879890918,15.177538916840438,0.10843716682731297
e8f9fba4-d151-4b00-bee7-447f0f3e752c,24,100.0,6.691195479571211,size,34009459,691336,33294791,24.0,15.397251141278328,15.590659783373354,13.820106616715092,18.499768372395643,14.129992952572437,0.18084262502684112
eebcaf65-7fa4-4118-869d-a084e84530e2,24,100.0,6.691195479571211,size,19802488,491256,19289914,17.0,16.805144038546338,16.84794552526546,14.95897722286612,17.542079782620636,11.838826582707977,0.2682375883967797
fe380793-8035-414e-b000-09bfe5ece92a,24,100.0,6.691195479571211,size,38984693,732363,38225464,21.0,20.09400678238386,20.006631586088655,19.306411776871943,25.571287732449473,17.90582228689992,0.18462091605865694
1a276285-8b0e-4cc9-9f0a-a3a002978724,96,100.0,7.194063716581287,size,29990339,2008130,27959143,17.0,20.27430410225831,19.857422798901897,18.8872650298152,25.982742508650038,19.73519094384412,0.13451493083336874
1e104bf4-7a24-4624-a5b2-c2c8289c0de7,96,100.0,7.194063716581287,size,30962491,2066990,28871029,17.0,19.96721751645082,19.99869813644836,19.39389583674933,25.53519940956874,14.287022008506902,0.048857107387412224
6638cfb3-3831-4fc2-9327-194b76cf22e1,96,100.0,7.194063716581287,size,19080191,1543547,17516694,15.0,19.404173171610623,19.41546918594628,19.061224188114096,29.870306933469454,13.000409513972484,0.03158335386084066
749cb2b7-e57e-4453-a794-f6230e4d0226,96,100.0,7.194063716581287,size,30394353,2291415,28076832,17.0,21.288296890088358,21.10409030176867,20.5908268038799,29.737103070366263,16.68518318995175,0.054499387813847
d7ec0892-0a6c-4f4f-9d8f-72083692af5c,96,100.0,7.194063716581287,size,38330314,2656667,35652101,25.0,16.1475276036307,16.48755877435486,12.289301318487826,19.477888545566618,12.72793754300989,0.3116294638638082
da8dfec1-d265-44e8-84ce-6ae9c109b8bd,96,100.0,7.194063716581287,size,28648644,2411683,26217011,24.0,14.60981393824076,14.599906836371304,14.165277657787735,22.734928148504938,10.581553262082648,0.03794807516665233
dab512bd-a02d-4c1f-8dbc-9155a163efc0,96,100.0,7.194063716581287,size,17601022,1544191,16039807,18.0,20.61145443189438,20.575724958228975,20.21358660520393,26.0131543331905,14.805665053471413,0.14464696216054163
dc7e9403-19f7-409f-9240-05ee57cb7aea,96,100.0,7.194063716581287,size,37942786,2900658,35019100,26.0,18.18378950521373,17.60012590279228,17.02728605172961,24.852330800935405,14.74836061871343,0.10877073395020864
e8f9fba4-d151-4b00-bee7-447f0f3e752c,96,100.0,7.194063716581287,size,33935502,2696108,31216062,24.0,15.063149864756193,15.217460814033013,13.494321335316902,18.94092334521986,13.657792252828687,0.17763505344984243
eebcaf65-7fa4-4118-869d-a084e84530e2,96,100.0,7.194063716581287,size,19881882,1874695,17985869,17.0,16.548583848349786,16.629732935830347,14.770382828726515,18.180924499231704,11.413824884757613,0.26238516775596243
fe380793-8035-414e-b000-09bfe5ece92a,96,100.0,7.194063716581287,size,38938669,2816909,36094894,21.0,19.683870610461025,19.58946455992752,18.893970644645293,25.60185647708518,17.45134262803138,0.18427807041568278
1a276285-8b0e-4cc9-9f0a-a3a002978724,64,100.0,6.971532402922208,size,30026007,1350242,28652699,17.0,20.47767679205498,20.06037322724778,19.088112121326724,26.10334996042036,19.948506608191728,0.13447031056882985
1e104bf4-7a24-4624-a5b2-c2c8289c0de7,64,100.0,6.971532402922208,size,30958949,1387760,29546717,17.0,20.170119596031512,20.207124814747395,19.590490052434284,25.65683124946425,14.503830323705262,0.049261693530853856
6638cfb3-3831-4fc2-9327-194b76cf22e1,64,100.0,6.971532402922208,size,19086782,1038761,18028071,15.0,19.59719289809843,19.606790621408877,19.25151951025165,30.029928067716977,13.201918102245887,0.03135749621709327
749cb2b7-e57e-4453-a794-f6230e4d0226,64,100.0,6.971532402922208,size,30331890,1543115,28762669,17.0,21.46473281924342,21.28046891985731,20.77204434062804,29.860713932830123,16.87272018902421,0.05457656285169621
d7ec0892-0a6c-4f4f-9d8f-72083692af5c,64,100.0,6.971532402922208,size,38424676,1781551,36621579,25.0,16.341657958423728,16.67434693729325,12.49335420632364,19.550428235229226,12.936737893987186,0.3116904181966673
da8dfec1-d265-44e8-84ce-6ae9c109b8bd,64,100.0,6.971532402922208,size,28700199,1616053,27064196,24.0,14.785891263082235,14.783401462546435,14.341969235518905,22.847423307866297,10.768894842573815,0.0377039840486445
dab512bd-a02d-4c1f-8dbc-9155a163efc0,64,100.0,6.971532402922208,size,17498613,1038425,16443164,18.0,20.788681667324425,20.75340443553909,20.381119383702945,26.19081922204189,14.976574887248606,0.14442039939137863
dc7e9403-19f7-409f-9240-05ee57cb7aea,64,100.0,6.971532402922208,size,37953640,1945359,35985253,26.0,18.366043058311973,17.791498673631093,17.220751895419788,25.001863076242877,14.93686133318404,0.10876414293340853
e8f9fba4-d151-4b00-bee7-447f0f3e752c,64,100.0,6.971532402922208,size,33970372,1808442,32138598,24.0,15.240495121659222,15.397132053018298,13.66889305537203,19.00377276175475,13.860379681749567,0.1791219487890232
eebcaf65-7fa4-4118-869d-a084e84530e2,64,100.0,6.971532402922208,size,19836454,1259284,18555852,17.0,16.69671870934372,16.773550619775868,14.894842457057356,18.16636678402447,11.592701626719688,0.26219859416253777
fe380793-8035-414e-b000-09bfe5ece92a,64,100.0,6.971532402922208,size,38940926,1889530,37024530,21.0,19.879468121023677,19.785831431676517,19.08982660992314,25.73972331159102,17.65608706937516,0.18468170577933918
1a276285-8b0e-4cc9-9f0a-a3a002978724,32,100.0,6.756806568927283,size,30054683,690885,29340732,17.0,20.667243247725324,20.256070490222893,19.266270204151006,26.09689023833318,20.159019520337694,0.1344752676334412
1e104bf4-7a24-4624-a5b2-c2c8289c0de7,32,100.0,6.756806568927283,size,30952509,705615,30222422,17.0,20.35826635408361,20.393491313342132,19.770483663605244,25.657217877884285,14.71999550643928,0.04874555889241916
6638cfb3-3831-4fc2-9327-194b76cf22e1,32,100.0,6.756806568927283,size,19094364,527626,18546788,15.0,19.787383691355394,19.799364138401017,19.448088247540145,30.160062765985288,13.4053180912193,0.03048733303932205
749cb2b7-e57e-4453-a794-f6230e4d0226,32,100.0,6.756806568927283,size,30265860,786104,29453650,17.0,21.632129488332588,21.454355817152035,20.943135159930254,29.880189719793762,17.06053616234386,0.05440990919583466
d7ec0892-0a6c-4f4f-9d8f-72083692af5c,32,100.0,6.756806568927283,size,38495887,909989,37564352,25.0,16.494915483758962,16.829548383861553,12.638620548308293,19.176767927612957,13.146768022314536,0.3105271440486935
da8dfec1-d265-44e8-84ce-6ae9c109b8bd,32,100.0,6.756806568927283,size,28745424,826130,27899344,24.0,14.940621682956811,14.94776468903516,14.504765451643946,22.697088584394358,10.954498470967287,0.03802217200598024
dab512bd-a02d-4c1f-8dbc-9155a163efc0,32,100.0,6.756806568927283,size,17401495,529302,16855169,18.0,20.961440712158065,20.927950895632,20.560215675086216,26.326233706535916,15.149147708984223,0.1410178068689244
dc7e9403-19f7-409f-9240-05ee57cb7aea,32,100.0,6.756806568927283,size,37970067,993278,36953761,26.0,18.53268912891033,17.9620771050207,17.388256784031906,24.981455247541355,15.123090877994304,0.10897869183650077
e8f9fba4-d151-4b00-bee7-447f0f3e752c,32,100.0,6.756806568927283,size,34004630,922590,33058708,24.0,15.38859462807107,15.558887586921776,13.801127473039607,18.801101269052015,14.065481234989953,0.18099149322755803
eebcaf65-7fa4-4118-869d-a084e84530e2,32,100.0,6.756806568927283,size,19792237,644558,19126361,17.0,16.80284427636316,16.86921926447728,14.954709719830422,17.840094985886147,11.777004230599415,0.2622760345853351
fe380793-8035-414e-b000-09bfe5ece92a,32,100.0,6.756806568927283,size,38941035,963711,37950458,21.0,20.05751008826797,19.96401378430405,19.269443067743705,25.712602087147673,17.85713306140969,0.18463751216647628
1a276285-8b0e-4cc9-9f0a-a3a002978724,inf,150.0,11.16148584969421,size,29357875,10349501,18985308,14.0,17.3509838521238,16.936594644365954,16.029922965803237,23.631619377188397,16.739805530015104,0.1340666738459163
1e104bf4-7a24-4624-a5b2-c2c8289c0de7,inf,150.0,11.16148584969421,size,31373295,11228458,20120365,14.0,17.011729292447605,17.032414862873374,16.496940708507843,23.01298475219752,11.231234177125485,0.04620621799175029
6638cfb3-3831-4fc2-9327-194b76cf22e1,inf,150.0,11.16148584969421,size,19155793,7835318,11300525,12.0,16.736221790580732,16.743934803956485,16.368287640331474,27.179740885382063,10.279103772904799,0.03537793083399088
749cb2b7-e57e-4453-a794-f6230e4d0226,inf,150.0,11.16148584969421,size,31378416,11780006,19572304,13.0,18.72849535579965,18.541636479430917,18.012625985616307,27.295749634512845,14.040979590174045,0.054242449962835115
d7ec0892-0a6c-4f4f-9d8f-72083692af5c,inf,150.0,11.16148584969421,size,36826265,13586800,23217919,19.0,13.312828035703442,13.645062342934448,9.51023355503507,17.22064020890779,9.811455346283477,0.30887434539962455
da8dfec1-d265-44e8-84ce-6ae9c109b8bd,inf,150.0,11.16148584969421,size,27451365,11465449,15965966,17.0,12.128678953937111,12.112734907420382,11.694408351660151,20.586827109638165,7.971340178501566,0.038187913648489835
dab512bd-a02d-4c1f-8dbc-9155a163efc0,inf,150.0,11.16148584969421,size,18971783,7903781,11050978,14.0,18.023469729349948,17.993865700966083,17.64169832918883,22.929794952389138,12.374928696515727,0.15612950614798582
dc7e9403-19f7-409f-9240-05ee57cb7aea,inf,150.0,11.16148584969421,size,36912285,13735092,23154165,18.0,15.591524152912548,14.9808752705278,14.41411986252044,22.31510058760882,12.087891021919354,0.1082947328657603
e8f9fba4-d151-4b00-bee7-447f0f3e752c,inf,150.0,11.16148584969421,size,34222065,14355030,19843703,18.0,12.496247422599565,12.609196264658685,11.033473608555209,16.60657059448813,10.887457999816334,0.16802738870907974
eebcaf65-7fa4-4118-869d-a084e84530e2,inf,150.0,11.16148584969421,size,20739075,9464494,11253263,13.0,14.305597935994399,14.354022840938432,12.670264027184604,16.256610812426274,9.07333398630158,0.2463424341201088
fe380793-8035-414e-b000-09bfe5ece92a,inf,150.0,11.16148584969421,size,39444730,15044807,24373057,17.0,16.877546658882643,16.775881625042317,16.10494610933738,22.9333816806939,14.545496924282034,0.18121014902288024
1a276285-8b0e-4cc9-9f0a-a3a002978724,inf-f16,150.0,8.289600098368158,size,29713506,4983905,24706535,14.0,19.259158608978414,18.82992357923792,17.920221598078932,24.86828907859561,18.763942037503302,0.1347767844143284
1e104bf4-7a24-4624-a5b2-c2c8289c0de7,inf-f16,150.0,8.289600098368158,size,31322263,5613622,25684169,14.0,18.9392554699092,18.975411174975388,18.349134318248375,24.27503500190422,13.296118257635918,0.04847000507412247
6638cfb3-3831-4fc2-9327-194b76cf22e1,inf-f16,150.0,8.289600098368158,size,19076506,3891115,15165441,12.0,18.460207696908167,18.472021794871573,18.11365654868721,28.586831541926173,12.090794604921935,0.03228339544873737
749cb2b7-e57e-4453-a794-f6230e4d0226,inf-f16,150.0,8.289600098368158,size,30750504,5851438,24872960,13.0,20.37833336453764,20.20839495874851,19.701828576626095,28.37417474206559,15.831331578698357,0.05350688266913273
d7ec0892-0a6c-4f4f-9d8f-72083692af5c,inf-f16,150.0,8.289600098368158,size,37943361,6757586,31164229,19.0,15.172016049241869,15.497095362239836,11.344606959474259,18.18025038654275,11.781800402645612,0.31106786613955617
da8dfec1-d265-44e8-84ce-6ae9c109b8bd,inf-f16,150.0,8.289600098368158,size,28127765,5729450,22378365,17.0,13.753159305737219,13.76036536105187,13.324507241219308,21.70562430095488,9.72283476429901,0.037650716477670376
dab512bd-a02d-4c1f-8dbc-9155a163efc0,inf-f16,150.0,8.289600098368158,size,18055051,3950311,14087716,14.0,19.629560449464837,19.601523973741948,19.24247468473252,24.42501897763149,14.03104483975392,0.14998153095474231
dc7e9403-19f7-409f-9240-05ee57cb7aea,inf-f16,150.0,8.289600098368158,size,37418620,6810018,30585574,18.0,17.288594134336535,16.704544833637225,16.13141588688825,23.61273940069056,13.885254688379572,0.10878130944498621
e8f9fba4-d151-4b00-bee7-447f0f3e752c,inf-f16,150.0,8.289600098368158,size,34154820,7246267,26885221,18.0,14.12846771192153,14.276092744199836,12.601743380599125,17.603296221097725,12.740229496284579,0.17373202564979262
eebcaf65-7fa4-4118-869d-a084e84530e2,inf-f16,150.0,8.289600098368158,size,20054399,4699545,15333536,13.0,15.690097115374508,15.733761049355806,13.912195403767933,16.901482046218245,10.624016764513055,0.24936272697201833
fe380793-8035-414e-b000-09bfe5ece92a,inf-f16,150.0,8.289600098368158,size,39237332,7483962,31726504,17.0,18.683077127130332,18.577796308580616,17.917535411070062,24.191816466686316,16.50802083409203,0.18319899698280273
1a276285-8b0e-4cc9-9f0a-a3a002978724,48,150.0,6.646398720859205,size,30127698,826188,29278444,14.0,20.59765589907254,20.189936624045473,19.223741954761405,25.46887745965399,20.241296617601737,0.13431580860636294
1e104bf4-7a24-4624-a5b2-c2c8289c0de7,48,150.0,6.646398720859205,size,31056622,868848,30163302,14.0,20.27874587177637,20.32696563911184,19.62781742831471,24.863249592954467,14.809697490419369,0.04834443959019241
6638cfb3-3831-4fc2-9327-194b76cf22e1,48,150.0,6.646398720859205,size,19128439,625603,18482886,12.0,19.713092715580647,19.72059548491841,19.383994379268945,29.327065640541896,13.463197194487744,0.030946595991672043
749cb2b7-e57e-4453-a794-f6230e4d0226,48,150.0,6.646398720859205,size,30225711,910404,29289201,13.0,21.51955320486449,21.356064090141537,20.845760652679793,28.874917763011027,17.132401778980945,0.054521340549680386
d7ec0892-0a6c-4f4f-9d8f-72083692af5c,48,150.0,6.646398720859205,size,38625126,1037978,37565602,19.0,16.471539937301316,16.804040274749976,12.682538139264283,18.59241385278334,13.218440934675105,0.31106580517852034
da8dfec1-d265-44e8-84ce-6ae9c109b8bd,48,150.0,6.646398720859205,size,28700341,880617,27799774,17.0,14.905396999247483,14.925821844826748,14.460288190259572,22.27468528375924,11.000734171363696,0.03744282671385757
dab512bd-a02d-4c1f-8dbc-9155a163efc0,48,150.0,6.646398720859205,size,17327827,640486,16670317,14.0,20.74307993589649,20.71959354387576,20.33544726505142,25.216501795236418,15.225222463509771,0.1455179969037691
dc7e9403-19f7-409f-9240-05ee57cb7aea,48,150.0,6.646398720859205,size,37850620,1055726,36771866,18.0,18.473758470994277,17.904555976962822,17.323676866603513,24.277604697627055,15.176893681938212,0.10936260355524552
e8f9fba4-d151-4b00-bee7-447f0f3e752c,48,150.0,6.646398720859205,size,34042922,1079713,32939877,18.0,15.301534546499415,15.467098978519537,13.726500233312846,17.981177246191127,14.152127894450949,0.1793867856496124
eebcaf65-7fa4-4118-869d-a084e84530e2,48,150.0,6.646398720859205,size,19773340,744617,19007405,13.0,16.67358544549858,16.738142619528197,14.832402678773459,17.06835943374224,11.847404837557225,0.25067148147951557
fe380793-8035-414e-b000-09bfe5ece92a,48,150.0,6.646398720859205,size,38968617,1143264,37798487,17.0,19.95368207102223,19.859056509712627,19.187975799589648,24.79972362030011,17.934769625315546,0.1850247597395951
1a276285-8b0e-4cc9-9f0a-a3a002978724,24,150.0,6.520632001780509,size,30127742,424977,29679699,14.0,20.69465515139713,20.286355178729472,19.323643318655527,25.38944414230538,20.36784112389528,0.13407171883926605
1e104bf4-7a24-4624-a5b2-c2c8289c0de7,24,150.0,6.520632001780509,size,31023333,445165,30553696,14.0,20.359029387460808,20.41526502838418,19.680380333730067,24.6906408331167,14.937935048657193,0.04992940882730634
6638cfb3-3831-4fc2-9327-194b76cf22e1,24,150.0,6.520632001780509,size,19121323,319456,18781917,12.0,19.81319570441244,19.819143814261597,19.48594956598018,29.332671426710725,13.581027164798483,0.030819721863402316
749cb2b7-e57e-4453-a794-f6230e4d0226,24,150.0,6.520632001780509,size,30177672,467703,29683863,13.0,21.59502578123433,21.437341520406893,20.924783738036083,28.721806859623168,17.2432685611627,0.054070235096372654
d7ec0892-0a6c-4f4f-9d8f-72083692af5c,24,150.0,6.520632001780509,size,38667328,533536,38112246,19.0,16.534040242885634,16.843013083008774,12.735220748907372,18.250900491925897,13.345324262557504,0.3106567718126235
da8dfec1-d265-44e8-84ce-6ae9c109b8bd,24,150.0,6.520632001780509,size,28750725,454200,28276575,17.0,14.979087349097593,15.003357825916044,14.539152508518224,22.130231984796588,11.107058634185448,0.037261595298507255
dab512bd-a02d-4c1f-8dbc-9155a163efc0,24,150.0,6.520632001780509,size,17252894,327892,16907978,14.0,20.82735718910722,20.80611107848592,20.42358955592349,25.222041680410364,15.3300983086168,0.14264321332882912
dc7e9403-19f7-409f-9240-05ee57cb7aea,24,150.0,6.520632001780509,size,37880870,542836,37315006,18.0,18.544713452434472,17.97905744403826,17.39980913534793,24.088161107927597,15.284214503645018,0.10841149647167869
e8f9fba4-d151-4b00-bee7-447f0f3e752c,24,150.0,6.520632001780509,size,34058660,555660,33479668,18.0,15.35534571739786,15.535438891917744,13.786246624639219,17.725165640471822,14.273040965478582,0.180063947929627
eebcaf65-7fa4-4118-869d-a084e84530e2,24,150.0,6.520632001780509,size,19749921,384277,19344326,13.0,16.70999375444744,16.782096836274796,14.846849626645973,16.80821268447562,11.962354521401757,0.25170829061774735
fe380793-8035-414e-b000-09bfe5ece92a,24,150.0,6.520632001780509,size,38950139,587226,38336047,17.0,20.034450557199367,19.94828740103438,19.265805301345413,24.66589659712449,18.04635059039487,0.18515520103697658
1a276285-8b0e-4cc9-9f0a-a3a002978724,96,150.0,6.904578312228136,size,30127002,1621894,28482042,14.0,20.377458279261475,19.972019839892507,19.004767599588376,25.39861269899934,19.991264497725915,0.13432275191955978
1e104bf4-7a24-4624-a5b2-c2c8289c0de7,96,150.0,6.904578312228136,size,31115799,1715611,29375716,14.0,20.057448817430522,20.1059478061172,19.39391754692366,24.7956953246741,14.551536162669958,0.04865381640921229
6638cfb3-3831-4fc2-9327-194b76cf22e1,96,150.0,6.904578312228136,size,19141098,1230621,17890527,12.0,19.50127190019724,19.50378415733834,19.169973844069837,29.223021208600763,13.225606593739048,0.03102874077964679
749cb2b7-e57e-4453-a794-f6230e4d0226,96,150.0,6.904578312228136,size,30315003,1788491,28500406,13.0,21.33022291220629,21.16180589188375,20.656195879931616,28.81425626774526,16.910855811828146,0.05431193367152398
d7ec0892-0a6c-4f4f-9d8f-72083692af5c,96,150.0,6.904578312228136,size,38512745,2050303,36440896,19.0,16.26149456469459,16.590719117053734,12.468391833898023,18.59071946518707,12.97424078371501,0.31068983009935747
da8dfec1-d265-44e8-84ce-6ae9c109b8bd,96,150.0,6.904578312228136,size,28599146,1742624,26836572,17.0,14.71672985542005,14.731983162491629,14.28750266960675,22.217917452718012,10.78655500862677,0.03806640446059184
dab512bd-a02d-4c1f-8dbc-9155a163efc0,96,150.0,6.904578312228136,size,17477190,1259024,16201142,14.0,20.55706201551244,20.53163770892901,20.15893375790189,25.103411461834106,15.018902676851702,0.14812358027887462
dc7e9403-19f7-409f-9240-05ee57cb7aea,96,150.0,6.904578312228136,size,37787869,2086458,35678383,18.0,18.27867160545362,17.707963520644956,17.129360857171,24.200085431950736,14.960253092006294,0.10896631968982395
e8f9fba4-d151-4b00-bee7-447f0f3e752c,96,150.0,6.904578312228136,size,34009378,2132988,31853058,18.0,15.110144611029385,15.270784606458275,13.548391234012849,17.986565297991095,13.908655345701838,0.17849459204770413
eebcaf65-7fa4-4118-869d-a084e84530e2,96,150.0,6.904578312228136,size,19823094,1467204,18334572,13.0,16.51787308051179,16.575222062829496,14.69804406075124,17.13011373734166,11.630443178149338,0.2500900618179672
fe380793-8035-414e-b000-09bfe5ece92a,96,150.0,6.904578312228136,size,39011616,2257835,36726915,17.0,19.74409974917458,19.637377115481655,18.97627101629268,24.732961560633512,17.6943111211505,0.18492473045792845
1a276285-8b0e-4cc9-9f0a-a3a002978724,64,150.0,6.730211287720995,size,30132314,1093244,29016004,14.0,20.52615769206803,20.11181150769012,19.148043571774572,25.455922551822145,20.158594058404212,0.13428877358154545
1e104bf4-7a24-4624-a5b2-c2c8289c0de7,64,150.0,6.730211287720995,size,31080569,1153469,29902628,14.0,20.20681719340257,20.2569157577803,19.548902611575176,24.848923343994038,14.72438151388727,0.04860922232221043
6638cfb3-3831-4fc2-9327-194b76cf22e1,64,150.0,6.730211287720995,size,19136773,830154,18286669,12.0,19.643482847328567,19.648407400160178,19.315473438403032,29.29471158532408,13.38482441827911,0.031299717106220926
749cb2b7-e57e-4453-a794-f6230e4d0226,64,150.0,6.730211287720995,size,30261930,1206473,29029351,13.0,21.458084750985353,21.289092756500914,20.786468486012687,28.860653065059964,17.059629322751416,0.054392427352135675
d7ec0892-0a6c-4f4f-9d8f-72083692af5c,64,150.0,6.730211287720995,size,38590683,1375299,37193838,19.0,16.405424353487884,16.73315959297885,12.611898367383086,18.61782105196606,13.137646991345225,0.31068296646030946
da8dfec1-d265-44e8-84ce-6ae9c109b8bd,64,150.0,6.730211287720995,size,28669758,1168029,27481779,17.0,14.84489707238758,14.862060276053233,14.40309878309487,22.270810476901136,10.93036905553925,0.037655792258652565
dab512bd-a02d-4c1f-8dbc-9155a163efc0,64,150.0,6.730211287720995,size,17379989,848283,16514682,14.0,20.682706797523217,20.6602448983466,20.276025342202672,25.18183848958822,15.157564749217984,0.14771677650115544
dc7e9403-19f7-409f-9240-05ee57cb7aea,64,150.0,6.730211287720995,size,37834319,1400596,36410695,18.0,18.410786690772746,17.844592430628317,17.2605710959566,24.261747324101478,15.106125020555387,0.10934396680601743
e8f9fba4-d151-4b00-bee7-447f0f3e752c,64,150.0,6.730211287720995,size,34035857,1431502,32581023,18.0,15.241185791810663,15.403088235206388,13.67019644385081,18.003188860593504,14.071876241801412,0.17892770917226042
eebcaf65-7fa4-4118-869d-a084e84530e2,64,150.0,6.730211287720995,size,19791467,986276,18783873,13.0,16.626088660113293,16.678341805131605,14.793030352672233,17.11326610756605,11.77543999906674,0.2508423960141847
fe380793-8035-414e-b000-09bfe5ece92a,64,150.0,6.730211287720995,size,38992092,1517348,37447878,17.0,19.88648297513767,19.792333266517183,19.120784475835045,24.788907940694425,17.85677946169604,0.18483061602579876
1a276285-8b0e-4cc9-9f0a-a3a002978724,32,150.0,6.562723612198428,size,30126126,558833,29544227,14.0,20.66567898865404,20.257741321898163,19.289707821026838,25.440680337360003,20.325674393049834,0.13436089207696822
1e104bf4-7a24-4624-a5b2-c2c8289c0de7,32,150.0,6.562723612198428,size,31035594,586244,30424878,14.0,20.343485559851473,20.391975270755175,19.685797500917182,24.823532383434493,14.895527040501669,0.048692002296438996
6638cfb3-3831-4fc2-9327-194b76cf22e1,32,150.0,6.562723612198428,size,19122441,421359,18681132,12.0,19.781234969716415,19.787637627760077,19.45623379912997,29.348642110337735,13.541523857255031,0.030220658999493666
749cb2b7-e57e-4453-a794-f6230e4d0226,32,150.0,6.562723612198428,size,30191731,614248,29551377,13.0,21.57643856916378,21.416310203962887,20.906218500753667,28.843591970897545,17.20578854358011,0.05429032736141137
d7ec0892-0a6c-4f4f-9d8f-72083692af5c,32,150.0,6.562723612198428,size,38658252,701380,37935326,19.0,16.526459873256908,16.8434819758506,12.727440415854405,18.46809238632417,13.300953627795767,0.3107370522354965
da8dfec1-d265-44e8-84ce-6ae9c109b8bd,32,150.0,6.562723612198428,size,28736876,595988,28120938,17.0,14.959523877413421,14.979285639607182,14.513312873791572,22.21169400030937,11.071753243783354,0.03785233912046737
dab512bd-a02d-4c1f-8dbc-9155a163efc0,32,150.0,6.562723612198428,size,17277737,432271,16828442,14.0,20.801862467244053,20.781415584881245,20.392677800353972,25.234095370198215,15.294809184261497,0.14507998255532573
dc7e9403-19f7-409f-9240-05ee57cb7aea,32,150.0,6.562723612198428,size,37870650,713830,37133792,18.0,18.529152749905627,17.96071212330553,17.379199386298865,24.227519931232436,15.247552911325847,0.10909176608663773
e8f9fba4-d151-4b00-bee7-447f0f3e752c,32,150.0,6.562723612198428,size,34052992,729428,33300232,18.0,15.349312190225922,15.520120549954548,13.776123776390374,17.871946508894926,14.233691499300827,0.1801643757797713
eebcaf65-7fa4-4118-869d-a084e84530e2,32,150.0,6.562723612198428,size,19758265,504999,19231948,13.0,16.70688281227462,16.769287157710032,14.851738325620985,16.940790385088476,11.922331290723713,0.2513407673066045
fe380793-8035-414e-b000-09bfe5ece92a,32,150.0,6.562723612198428,size,38953918,772462,38154590,17.0,20.014363674707127,19.921082142389395,19.24510879630051,24.747274455486135,18.013075071535525,0.1852043143393377
1a276285-8b0e-4cc9-9f0a-a3a002978724,inf-f16,100.0,13.999992446835135,snr,21649101,6415232,15210803,17.0,15.926988601799831,15.483603690635997,14.597296737890003,22.470179666637815,15.253768660339395
1e104bf4-7a24-4624-a5b2-c2c8289c0de7,inf-f16,100.0,13.999992446835135,snr,23284580,6922732,16337376,17.0,15.522317273943127,15.526144934641183,15.062133422627362,21.812869287251182,9.666354914390155
6638cfb3-3831-4fc2-9327-194b76cf22e1,inf-f16,100.0,13.999992446835135,snr,13943269,5038359,8884960,15.0,15.455974441422835,15.467844639570092,15.069173317655618,25.90866178395354,8.96890309417216
749cb2b7-e57e-4453-a794-f6230e4d0226,inf-f16,100.0,13.999992446835135,snr,23904603,7711410,16167087,17.0,17.43751628200994,17.24510179229847,16.70325281755697,26.284683228479167,12.668858565395452
d7ec0892-0a6c-4f4f-9d8f-72083692af5c,inf-f16,100.0,13.999992446835135,snr,27022676,9027502,17973628,25.0,11.913747670827275,12.223253382033139,8.134405897600386,16.460666754724112,8.357573831126103
da8dfec1-d265-44e8-84ce-6ae9c109b8bd,inf-f16,100.0,13.999992446835135,snr,20243768,8224793,11999025,24.0,10.919203032531515,10.914191633903869,10.502290085146232,19.605041869519965,6.6995468079463985
dab512bd-a02d-4c1f-8dbc-9155a163efc0,inf-f16,100.0,13.999992446835135,snr,14121512,5012211,9092277,18.0,16.773308437304056,16.7458482993023,16.400593390523337,21.637909004133327,11.049955599601963
dc7e9403-19f7-409f-9240-05ee57cb7aea,inf-f16,100.0,13.999992446835135,snr,28238409,9882489,18332892,26.0,14.29356274343158,13.692398281963706,13.094712026055584,21.14267916530999,10.733522623055176
e8f9fba4-d151-4b00-bee7-447f0f3e752c,inf-f16,100.0,13.999992446835135,snr,24872064,9361240,15487492,24.0,11.288468998306469,11.409658870026343,9.89075969831886,15.708206433309496,9.559248680421202
eebcaf65-7fa4-4118-869d-a084e84530e2,inf-f16,100.0,13.999992446835135,snr,15086723,6231810,8833595,17.0,13.290936874942506,13.364167492294193,11.747059632490114,15.932286039296537,7.968045451685835
fe380793-8035-414e-b000-09bfe5ece92a,inf-f16,100.0,13.999992446835135,snr,29174096,9567583,19579647,21.0,15.518788544073201,15.402329189198765,14.75076933615857,21.77972156386079,13.083468852646611
1a276285-8b0e-4cc9-9f0a-a3a002978724,48,100.0,13.996311711750373,snr,16257133,1019391,15214676,17.0,15.92771842530805,15.485031992400707,14.59718486597911,22.45813599337486,15.255335522266417
1e104bf4-7a24-4624-a5b2-c2c8289c0de7,48,100.0,13.996311711750373,snr,17410785,1045423,16340890,17.0,15.523279954758005,15.527306037737633,15.05564508381374,21.803154568100954,9.668109578615928
6638cfb3-3831-4fc2-9327-194b76cf22e1,48,100.0,13.996311711750373,snr,9690209,782831,8887428,15.0,15.457324616665906,15.4689394934949,15.069644767133266,25.909217271178846,8.970383632237562
749cb2b7-e57e-4453-a794-f6230e4d0226,48,100.0,13.996311711750373,snr,17361315,1164346,16170863,17.0,17.438561898996323,17.24602832230425,16.704420528461778,26.277288107404324,12.670518205064118
d7ec0892-0a6c-4f4f-9d8f-72083692af5c,48,100.0,13.996311711750373,snr,19342106,1345129,17975431,25.0,11.912026253799441,12.219217491426877,8.136172532605332,16.400586692836075,8.359783708592953
da8dfec1-d265-44e8-84ce-6ae9c109b8bd,48,100.0,13.996311711750373,snr,13241458,1219384,12002124,24.0,10.919074309213359,10.914038130672035,10.501773242747053,19.582465490603195,6.700984076601985
dab512bd-a02d-4c1f-8dbc-9155a163efc0,48,100.0,13.996311711750373,snr,9895315,783749,9094542,18.0,16.774486362367142,16.74611329515855,16.40078423459163,21.63618657514842,11.05167963326564
dc7e9403-19f7-409f-9240-05ee57cb7aea,48,100.0,13.996311711750373,snr,19827302,1466908,18337366,26.0,14.29423852672639,13.692693670730662,13.095506602645358,21.13236043122411,10.735038686561806
e8f9fba4-d151-4b00-bee7-447f0f3e752c,48,100.0,13.996311711750373,snr,16876740,1364240,15489168,24.0,11.285429077932932,11.406177071651697,9.883913089196293,15.650777693610829,9.561113770172621
eebcaf65-7fa4-4118-869d-a084e84530e2,48,100.0,13.996311711750373,snr,9804754,951283,8832153,17.0,13.281500403775965,13.350874047116308,11.74319663888915,15.807794565363784,7.9699089341663125
fe380793-8035-414e-b000-09bfe5ece92a,48,100.0,13.996311711750373,snr,21035384,1424655,19583863,21.0,15.519172875928025,15.402761765087767,14.753374947040149,21.76703997453185,13.08453433049741
1a276285-8b0e-4cc9-9f0a-a3a002978724,24,100.0,13.974624658271384,snr,15785015,526221,15235728,17.0,15.93137239244384,15.486755869151379,14.603794452529861,22.388109430931312,15.26542090408462
1e104bf4-7a24-4624-a5b2-c2c8289c0de7,24,100.0,13.974624658271384,snr,16922132,536782,16360878,17.0,15.52242944774536,15.529197050127042,15.038353995587428,21.68168664569697,9.67864372865752
6638cfb3-3831-4fc2-9327-194b76cf22e1,24,100.0,13.974624658271384,snr,9322412,400584,8901878,15.0,15.463978052240394,15.47468175305074,15.073046037885005,25.89413521043881,8.97914411931418
749cb2b7-e57e-4453-a794-f6230e4d0226,24,100.0,13.974624658271384,snr,16813564,598591,16188867,17.0,17.438901574515818,17.24814818366627,16.704737988225563,26.16011996283904,12.679956082827955
d7ec0892-0a6c-4f4f-9d8f-72083692af5c,24,100.0,13.974624658271384,snr,18652423,652607,17978270,24.0,11.897948074998922,12.19029275725589,8.140577261879447,16.057312506171424,8.370570085644186
da8dfec1-d265-44e8-84ce-6ae9c109b8bd,24,100.0,13.974624658271384,snr,12641082,606569,12014563,24.0,10.91631704442218,10.913771965761931,10.489873875118526,19.40193476722856,6.709726324423583
dab512bd-a02d-4c1f-8dbc-9155a163efc0,24,100.0,13.974624658271384,snr,9524638,402011,9105603,18.0,16.77965664547682,16.750017310937658,16.408769685153594,21.623191599121796,11.060897998081122
dc7e9403-19f7-409f-9240-05ee57cb7aea,24,100.0,13.974624658271384,snr,19080336,696760,18360548,24.0,14.292180289362985,13.69501032767648,13.096624950539725,21.014186208571616,10.744154700459504
e8f9fba4-d151-4b00-bee7-447f0f3e752c,24,100.0,13.974624658271384,snr,16213276,691336,15498608,24.0,11.272304000945885,11.401235902606313,9.874135109952563,15.442188804486243,9.569927769064105
eebcaf65-7fa4-4118-869d-a084e84530e2,24,100.0,13.974624658271384,snr,9347014,491256,8834440,17.0,13.256869585047351,13.319669790651021,11.683428602385998,15.491762474822899,7.978807767805909
fe380793-8035-414e-b000-09bfe5ece92a,24,100.0,13.974624658271384,snr,20365736,732363,19606507,21.0,15.518417581355008,15.40396987929795,14.751350844549638,21.67168935562775,13.091317876604286
1a276285-8b0e-4cc9-9f0a-a3a002978724,96,100.0,13.999373227149325,snr,17242924,2008130,15211728,17.0,15.927212442537687,15.484403884972696,14.597159689633946,22.469661858775794,15.254023279706658
1e104bf4-7a24-4624-a5b2-c2c8289c0de7,96,100.0,13.999373227149325,snr,18429228,2066990,16337766,17.0,15.522573375509703,15.526120177689414,15.061878601220101,21.812213711113003,9.666668734180915
6638cfb3-3831-4fc2-9327-194b76cf22e1,96,100.0,13.999373227149325,snr,10448724,1543547,8885227,15.0,15.456216239859607,15.467830043580772,15.069147153285996,25.90904828244873,8.969087736697928
749cb2b7-e57e-4453-a794-f6230e4d0226,96,100.0,13.999373227149325,snr,18485666,2291415,16168145,17.0,17.437769580959724,17.24507814412138,16.70417922870809,26.28421973656277,12.669153622435903
d7ec0892-0a6c-4f4f-9d8f-72083692af5c,96,100.0,13.999373227149325,snr,20652271,2656667,17974058,25.0,11.913649126255955,12.223498164907497,8.13448808875613,16.45401518868246,8.357943937339362
da8dfec1-d265-44e8-84ce-6ae9c109b8bd,96,100.0,13.999373227149325,snr,14431527,2411683,11999894,24.0,10.919299339324125,10.914117814196906,10.502215792801586,19.602959159103957,6.69979553695097
dab512bd-a02d-4c1f-8dbc-9155a163efc0,96,100.0,13.999373227149325,snr,10653891,1544191,9092676,18.0,16.773564078777202,16.745827465252198,16.400559941884367,21.63769048846241,11.050257883207777
dc7e9403-19f7-409f-9240-05ee57cb7aea,96,100.0,13.999373227149325,snr,21257576,2900658,18333890,26.0,14.293740094062441,13.69302586284946,13.094989846159754,21.14203333408433,10.733753492312754
e8f9fba4-d151-4b00-bee7-447f0f3e752c,96,100.0,13.999373227149325,snr,18207012,2696108,15487572,24.0,11.287896990991937,11.408494123813249,9.888431053624888,15.69663819643824,9.559685232087375
eebcaf65-7fa4-4118-869d-a084e84530e2,96,100.0,13.999373227149325,snr,10729462,1874695,8833449,17.0,13.289294445908846,13.361801505182445,11.743734097297743,15.90882811120354,7.968368600956715
fe380793-8035-414e-b000-09bfe5ece92a,96,100.0,13.999373227149325,snr,22424123,2816909,19580348,21.0,15.518981487485565,15.402375647582998,14.75075890337874,21.778985425265105,13.083701215143353
1a276285-8b0e-4cc9-9f0a-a3a002978724,64,100.0,13.998331865562518,snr,16586195,1350242,15212887,17.0,15.92748503103375,15.485236086840661,14.597255756143417,22.467345454874422,15.254474389742532
1e104bf4-7a24-4624-a5b2-c2c8289c0de7,64,100.0,13.998331865562518,snr,17750898,1387760,16338666,17.0,15.52280078052982,15.526753588099051,15.05827090609014,21.809394908029553,9.667133125523844
6638cfb3-3831-4fc2-9327-194b76cf22e1,64,100.0,13.998331865562518,snr,9945125,1038761,8886414,15.0,15.45665169268581,15.469027176999813,15.06912442608785,25.909496530832975,8.969514252556714
749cb2b7-e57e-4453-a794-f6230e4d0226,64,100.0,13.998331865562518,snr,17738813,1543115,16169592,17.0,17.438068240728366,17.245028908246812,16.704300030950623,26.28260698413834,12.669596303918498
d7ec0892-0a6c-4f4f-9d8f-72083692af5c,64,100.0,13.998331865562518,snr,19777932,1781551,17974835,25.0,11.913294883251064,12.222270897084721,8.134917228052274,16.438931436305154,8.358600541845092
da8dfec1-d265-44e8-84ce-6ae9c109b8bd,64,100.0,13.998331865562518,snr,13636751,1616053,12000748,24.0,10.919317822463121,10.914616893535179,10.501586612405198,19.59709488748976,6.700180878348308
dab512bd-a02d-4c1f-8dbc-9155a163efc0,64,100.0,13.998331865562518,snr,10148992,1038425,9093543,18.0,16.773978924099012,16.74633549851663,16.40091427585678,21.637269376518134,11.050844395949762
dc7e9403-19f7-409f-9240-05ee57cb7aea,64,100.0,13.998331865562518,snr,20303568,1945359,18335181,26.0,14.293929220266367,13.692571522833136,13.094488077977761,21.13929574333605,10.734147186910977
e8f9fba4-d151-4b00-bee7-447f0f3e752c,64,100.0,13.998331865562518,snr,17320137,1808442,15488363,24.0,11.28692176777138,11.40770767234034,9.886489082704388,15.678757592025773,9.56024278796202
eebcaf65-7fa4-4118-869d-a084e84530e2,64,100.0,13.998331865562518,snr,10113493,1259284,8832891,17.0,13.286050171661776,13.357099999978555,11.74382664953188,15.864664593849637,7.96898764107262
fe380793-8035-414e-b000-09bfe5ece92a,64,100.0,13.998331865562518,snr,21497860,1889530,19581464,21.0,15.519158362425463,15.402256627247422,14.751023009476762,21.776084696761448,13.083975236256169
1a276285-8b0e-4cc9-9f0a-a3a002978724,32,100.0,13.989218763204386,snr,15935317,690885,15221366,17.0,15.928468325888216,15.48557678401749,14.599523168375311,22.425620613205748,15.258748263487824
1e104bf4-7a24-4624-a5b2-c2c8289c0de7,32,100.0,13.989218763204386,snr,17077750,705615,16347663,17.0,15.523456216667453,15.527776272084632,15.051016517783966,21.768943901321684,9.671568354088448
6638cfb3-3831-4fc2-9327-194b76cf22e1,32,100.0,13.989218763204386,snr,9439520,527626,8891944,15.0,15.459545713350087,15.46850437234223,15.072157049442229,25.90506099119232,8.973082805089419
749cb2b7-e57e-4453-a794-f6230e4d0226,32,100.0,13.989218763204386,snr,16989687,786104,16177477,17.0,17.439073826157653,17.24818720293428,16.703846340191006,26.246196331918917,12.673579653233416
d7ec0892-0a6c-4f4f-9d8f-72083692af5c,32,100.0,13.989218763204386,snr,18907364,909989,17975829,25.0,11.906631936420784,12.216935240989212,8.134470905735377,16.26166399657024,8.36342493954145
da8dfec1-d265-44e8-84ce-6ae9c109b8bd,32,100.0,13.989218763204386,snr,12851735,826130,12005655,24.0,10.917711808874976,10.91372837741446,10.498218835665664,19.520468166700365,6.703888050271734
dab512bd-a02d-4c1f-8dbc-9155a163efc0,32,100.0,13.989218763204386,snr,9644130,529302,9097804,18.0,16.776217526296602,16.747114737930826,16.403976315594225,21.63116580418854,11.054811735196761
dc7e9403-19f7-409f-9240-05ee57cb7aea,32,100.0,13.989218763204386,snr,19361818,993278,18345512,26.0,14.293564983643117,13.691749334491632,13.09814640727203,21.089994823508526,10.737949143996989
e8f9fba4-d151-4b00-bee7-447f0f3e752c,32,100.0,13.989218763204386,snr,16437846,922590,15491924,24.0,11.279980433869405,11.404086789582628,9.878265459222305,15.560371873916939,9.5643296904002
eebcaf65-7fa4-4118-869d-a084e84530e2,32,100.0,13.989218763204386,snr,9497307,644558,8831431,17.0,13.269111172048154,13.33675482873112,11.731335822041988,15.657323005681846,7.972932019275859
fe380793-8035-414e-b000-09bfe5ece92a,32,100.0,13.989218763204386,snr,20581601,963711,19591024,21.0,15.51833740454802,15.40110970109527,14.753230621965692,21.72504718222364,13.087106333033976
1a276285-8b0e-4cc9-9f0a-a3a002978724,inf,150.0,13.97152421590445,snr,25595888,10349501,15223321,14.0,15.933172658251166,15.491582792226255,14.601730993749761,22.41683761579541,15.266794991251988
1e104bf4-7a24-4624-a5b2-c2c8289c0de7,inf,150.0,13.97152421590445,snr,27592116,11228458,16339186,14.0,15.526057811795095,15.529368937301037,15.047954093054798,21.744328901025227,9.680333030726032
6638cfb3-3831-4fc2-9327-194b76cf22e1,inf,150.0,13.97152421590445,snr,16748316,7835318,8893048,12.0,15.462668136262144,15.473379702090025,15.075640280341377,25.883345224992233,8.980425839155792
749cb2b7-e57e-4453-a794-f6230e4d0226,inf,150.0,13.97152421590445,snr,27974390,11780006,16168278,13.0,17.437922563973533,17.251052735083906,16.70841686070378,26.183582665214516,12.680913714511808
d7ec0892-0a6c-4f4f-9d8f-72083692af5c,inf,150.0,13.97152421590445,snr,31596535,13586800,17988189,19.0,11.917465162090453,12.221113413011029,8.14465680752431,16.306859927259236,8.37025735270759
da8dfec1-d265-44e8-84ce-6ae9c109b8bd,inf,150.0,13.97152421590445,snr,23503757,11465449,12018358,17.0,10.926994595926253,10.921922230496,10.5063608161047,19.56110640430641,6.710630632241722
dab512bd-a02d-4c1f-8dbc-9155a163efc0,inf,150.0,13.97152421590445,snr,16995295,7903781,9074490,14.0,16.760990815167613,16.733190106283434,16.395784371981886,21.567095685691648,11.062370659939479
dc7e9403-19f7-409f-9240-05ee57cb7aea,inf,150.0,13.97152421590445,snr,32114120,13735092,18356000,18.0,14.301631538808365,13.70099603628595,13.105374225473838,21.11865831338878,10.745694261249408
e8f9fba4-d151-4b00-bee7-447f0f3e752c,inf,150.0,13.97152421590445,snr,29852045,14355030,15473683,18.0,11.284295538503159,11.400586885504866,9.884775529613776,15.572432956621247,9.570811096056465
eebcaf65-7fa4-4118-869d-a084e84530e2,inf,150.0,13.97152421590445,snr,18291598,9464494,8805786,13.0,13.261124154537498,13.336290033613663,11.726172061807233,15.559203262937746,7.977984127926602
fe380793-8035-414e-b000-09bfe5ece92a,inf,150.0,13.97152421590445,snr,34648903,15044807,19577230,17.0,15.51895784022914,15.402499661331868,14.756060744052315,21.693527791380482,13.095427456440259
1a276285-8b0e-4cc9-9f0a-a3a002978724,inf-f16,150.0,13.971516527555677,snr,20230305,4983905,15223334,14.0,15.933167650220616,15.491571692824888,14.601730274376115,22.4168095598011,15.266790931760976
1e104bf4-7a24-4624-a5b2-c2c8289c0de7,inf-f16,150.0,13.971516527555677,snr,21977317,5613622,16339223,14.0,15.526054522130828,15.529347764154661,15.047945181295981,21.74431219080208,9.680335838212526
6638cfb3-3831-4fc2-9327-194b76cf22e1,inf-f16,150.0,13.971516527555677,snr,12804129,3891115,8893064,12.0,15.46266711439264,15.47333938353117,15.075651700853852,25.88330075953643,8.980427612266741
749cb2b7-e57e-4453-a794-f6230e4d0226,inf-f16,150.0,13.971516527555677,snr,22045778,5851438,16168234,13.0,17.4379194067977,17.25104073297984,16.70841086732032,26.1835071571535,12.680920004898763
d7ec0892-0a6c-4f4f-9d8f-72083692af5c,inf-f16,150.0,13.971516527555677,snr,24767313,6757586,17988181,19.0,11.917467033274106,12.221111088977754,8.144921693553037,16.306846675321808,8.370261275740807
da8dfec1-d265-44e8-84ce-6ae9c109b8bd,inf-f16,150.0,13.971516527555677,snr,17767758,5729450,12018358,17.0,10.926992659430496,10.921907020432327,10.506361328908405,19.561086949275,6.710630194670037
dab512bd-a02d-4c1f-8dbc-9155a163efc0,inf-f16,150.0,13.971516527555677,snr,13041840,3950311,9074505,14.0,16.760982895923654,16.733175084814526,16.39573361613558,21.567046111372772,11.062370125119818
dc7e9403-19f7-409f-9240-05ee57cb7aea,inf-f16,150.0,13.971516527555677,snr,25189028,6810018,18355982,18.0,14.301630528159407,13.700990679438773,13.105379679700398,21.118631423813543,10.74569259205874
e8f9fba4-d151-4b00-bee7-447f0f3e752c,inf-f16,150.0,13.971516527555677,snr,22743309,7246267,15473710,18.0,11.284297284121806,11.4005836299823,9.884769838858706,15.572424723402197,9.570816882267621
eebcaf65-7fa4-4118-869d-a084e84530e2,inf-f16,150.0,13.971516527555677,snr,13526649,4699545,8805786,13.0,13.26112118701574,13.336256409091401,11.726195396909187,15.559199897293068,7.977984284941363
fe380793-8035-414e-b000-09bfe5ece92a,inf-f16,150.0,13.971516527555677,snr,27088098,7483962,19577270,17.0,15.518952088069305,15.402586347781316,14.756055336681358,21.69350465672636,13.095423183755255
1a276285-8b0e-4cc9-9f0a-a3a002978724,48,150.0,13.968511627021497,snr,16076551,826188,15227297,14.0,15.933845109758575,15.491303515892694,14.60219124107645,22.407792362972327,15.268130621115581
1e104bf4-7a24-4624-a5b2-c2c8289c0de7,48,150.0,13.968511627021497,snr,17235745,868848,16342425,14.0,15.526748881880025,15.529011085437418,15.047566239414836,21.73476575263706,9.6818468717967
6638cfb3-3831-4fc2-9327-194b76cf22e1,48,150.0,13.968511627021497,snr,9540346,625603,8894793,12.0,15.463746685540617,15.474493092698133,15.077504562415479,25.883373249431358,8.981616824034631
749cb2b7-e57e-4453-a794-f6230e4d0226,48,150.0,13.968511627021497,snr,17107640,910404,16171130,13.0,17.438696228563607,17.251828800190854,16.71174498065982,26.177683163655004,12.682190839515407
d7ec0892-0a6c-4f4f-9d8f-72083692af5c,48,150.0,13.968511627021497,snr,19050621,1037978,17991097,19.0,11.916135629560543,12.217266297714733,8.145207997193094,16.265663515131262,8.371939073717053
da8dfec1-d265-44e8-84ce-6ae9c109b8bd,48,150.0,13.968511627021497,snr,12922139,880617,12021572,17.0,10.926859881395114,10.920768687575857,10.505373925402543,19.54312879226685,6.7117586801317195
dab512bd-a02d-4c1f-8dbc-9155a163efc0,48,150.0,13.968511627021497,snr,9733973,640486,9076463,14.0,16.76191158857271,16.734052716062735,16.396242824123433,21.565323635505717,11.063726794926808
dc7e9403-19f7-409f-9240-05ee57cb7aea,48,150.0,13.968511627021497,snr,19438501,1055726,18359747,18.0,14.302068379139463,13.701980223183778,13.105033107065182,21.109053494215914,10.746884431421728
e8f9fba4-d151-4b00-bee7-447f0f3e752c,48,150.0,13.968511627021497,snr,16579115,1079713,15476070,18.0,11.281703792291289,11.398925709594366,9.881081601925793,15.524282225242285,9.572339851333808
eebcaf65-7fa4-4118-869d-a084e84530e2,48,150.0,13.968511627021497,snr,9571819,744617,8805884,13.0,13.254102981384646,13.32595779000749,11.714334286304764,15.473489965001656,7.979557790742224
fe380793-8035-414e-b000-09bfe5ece92a,48,150.0,13.968511627021497,snr,20750920,1143264,19580790,17.0,15.519345888541029,15.40375075023688,14.756722392764162,21.682909928947545,13.096425348952131
1a276285-8b0e-4cc9-9f0a-a3a002978724,24,150.0,13.951474088968174,snr,15691880,424977,15243837,14.0,15.937023527390606,15.491392084495217,14.608314433604363,22.35850916259579,15.276254029121024
1e104bf4-7a24-4624-a5b2-c2c8289c0de7,24,150.0,13.951474088968174,snr,16828807,445165,16359170,14.0,15.525362267646305,15.53451670265084,15.038130174711974,21.63652166217904,9.690297101950764
6638cfb3-3831-4fc2-9327-194b76cf22e1,24,150.0,13.951474088968174,snr,9246945,319456,8907539,12.0,15.469016060583929,15.479885301592143,15.08149077833622,25.870682039668715,8.988650692886221
749cb2b7-e57e-4453-a794-f6230e4d0226,24,150.0,13.951474088968174,snr,16678751,467703,16184942,13.0,17.4385672008193,17.252953829372313,16.7096449779943,26.082922285451357,12.689675516166323
d7ec0892-0a6c-4f4f-9d8f-72083692af5c,24,150.0,13.951474088968174,snr,18558497,533536,18003415,19.0,11.909308851775059,12.203075716578969,8.143956169227046,16.071963601497213,8.380491032744995
da8dfec1-d265-44e8-84ce-6ae9c109b8bd,24,150.0,13.951474088968174,snr,12508937,454200,12034787,17.0,10.926083626068232,10.92232307935102,10.504933232601758,19.45931674443588,6.718314122791701
dab512bd-a02d-4c1f-8dbc-9155a163efc0,24,150.0,13.951474088968174,snr,9431068,327892,9086152,14.0,16.76527434538334,16.736985537801424,16.39890242388167,21.552403170670345,11.070729217333632
dc7e9403-19f7-409f-9240-05ee57cb7aea,24,150.0,13.951474088968174,snr,18944320,542836,18378456,18.0,14.299899306903326,13.704973042712421,13.10386360757361,21.007999461621033,10.753903406470442
e8f9fba4-d151-4b00-bee7-447f0f3e752c,24,150.0,13.951474088968174,snr,16068060,555660,15489068,18.0,11.271138141959591,11.394517055624021,9.870969446914943,15.37028769161276,9.578581760521304
eebcaf65-7fa4-4118-869d-a084e84530e2,24,150.0,13.951474088968174,snr,9218005,384277,8812410,13.0,13.238132506630045,13.302030461544573,11.693578607771187,15.287758413100725,7.986118234522246
fe380793-8035-414e-b000-09bfe5ece92a,24,150.0,13.951474088968174,snr,20215736,587226,19601644,17.0,15.51836904105891,15.40247942449155,14.757636474582116,21.60633127058203,13.101773318610112
1a276285-8b0e-4cc9-9f0a-a3a002978724,96,150.0,13.971015419452543,snr,16869247,1621894,15224287,14.0,15.933322145321988,15.491583565950119,14.601688671296488,22.416596481649826,15.26697765176621
1e104bf4-7a24-4624-a5b2-c2c8289c0de7,96,150.0,13.971015419452543,snr,18079762,1715611,16339679,14.0,15.526274547215266,15.529346858016282,15.047898702441167,21.743802711652243,9.680605710159407
6638cfb3-3831-4fc2-9327-194b76cf22e1,96,150.0,13.971015419452543,snr,10143724,1230621,8893153,12.0,15.462887391567007,15.4733733175012,15.07629826446474,25.883480404579217,8.980667400200618
749cb2b7-e57e-4453-a794-f6230e4d0226,96,150.0,13.971015419452543,snr,17983352,1788491,16168755,13.0,17.43810474756273,17.251067254207072,16.709357673534335,26.183164918686785,12.681140439695824
d7ec0892-0a6c-4f4f-9d8f-72083692af5c,96,150.0,13.971015419452543,snr,20060585,2050303,17988736,19.0,11.91737764696314,12.220795718336795,8.144460798956885,16.301811946248176,8.370534573087923
da8dfec1-d265-44e8-84ce-6ae9c109b8bd,96,150.0,13.971015419452543,snr,13782037,1742624,12019463,17.0,10.927089381170427,10.922316766114593,10.50627970008562,19.55935140920238,6.710850123039121
dab512bd-a02d-4c1f-8dbc-9155a163efc0,96,150.0,13.971015419452543,snr,10350930,1259024,9074882,14.0,16.761142832831993,16.732626013245977,16.395748507090435,21.566896739514277,11.062568624615137
dc7e9403-19f7-409f-9240-05ee57cb7aea,96,150.0,13.971015419452543,snr,20466027,2086458,18356541,18.0,14.301785807038003,13.700942050425908,13.105661486909437,21.117939758207292,10.745904324491589
e8f9fba4-d151-4b00-bee7-447f0f3e752c,96,150.0,13.971015419452543,snr,17630537,2132988,15474217,18.0,11.283780460053276,11.399368728204779,9.883858015869182,15.56255471838432,9.571127807768079
eebcaf65-7fa4-4118-869d-a084e84530e2,96,150.0,13.971015419452543,snr,10294363,1467204,8805841,13.0,13.259849313979084,13.33493965448639,11.725647180874994,15.543293534245834,7.978253022251959
fe380793-8035-414e-b000-09bfe5ece92a,96,150.0,13.971015419452543,snr,21862383,2257835,19577682,17.0,15.519088520372451,15.402595067754273,14.756714850394737,21.692941864693324,13.095584061977391
1a276285-8b0e-4cc9-9f0a-a3a002978724,64,150.0,13.97018641814265,snr,16341340,1093244,15225030,14.0,15.933548551612457,15.491530861768636,14.601605598545493,22.41475910027976,15.267298401530933
1e104bf4-7a24-4624-a5b2-c2c8289c0de7,64,150.0,13.97018641814265,snr,17518053,1153469,16340112,14.0,15.52649754496241,15.529259071221041,15.047729274606441,21.741308905244825,9.681013567783324
6638cfb3-3831-4fc2-9327-194b76cf22e1,64,150.0,13.97018641814265,snr,9743612,830154,8893508,12.0,15.46318987793918,15.474536616387748,15.07740435622059,25.88361186655684,8.98094697208033
749cb2b7-e57e-4453-a794-f6230e4d0226,64,150.0,13.97018641814265,snr,17401865,1206473,16169286,13.0,17.438303678105843,17.250994239398707,16.71023399694249,26.181510261993242,12.681472235255338
d7ec0892-0a6c-4f4f-9d8f-72083692af5c,64,150.0,13.97018641814265,snr,19386618,1375299,17989773,19.0,11.917022906123014,12.220636994628249,8.143964279236242,16.290923212451812,8.370977071559947
da8dfec1-d265-44e8-84ce-6ae9c109b8bd,64,150.0,13.97018641814265,snr,13207959,1168029,12019980,17.0,10.927094443282888,10.92165248987091,10.505651420508896,19.554824024896142,6.711134332252374
dab512bd-a02d-4c1f-8dbc-9155a163efc0,64,150.0,13.97018641814265,snr,9940417,848283,9075110,14.0,16.761416905183808,16.73424933385043,16.395677175251258,21.56637591502676,11.062977205444678
dc7e9403-19f7-409f-9240-05ee57cb7aea,64,150.0,13.97018641814265,snr,19781130,1400596,18357506,18.0,14.301935539596066,13.701490821356149,13.10548437312999,21.115735917935012,10.746278300056877
e8f9fba4-d151-4b00-bee7-447f0f3e752c,64,150.0,13.97018641814265,snr,16929427,1431502,15474593,18.0,11.282951221195276,11.400728067566682,9.88182528086797,15.5473689959717,9.571609632918687
eebcaf65-7fa4-4118-869d-a084e84530e2,64,150.0,13.97018641814265,snr,9813431,986276,8805837,13.0,13.257513303591812,13.330768457795422,11.719300793252483,15.512616089500906,7.978918789242517
fe380793-8035-414e-b000-09bfe5ece92a,64,150.0,13.97018641814265,snr,21122801,1517348,19578587,17.0,15.519275165603577,15.402338414653538,14.756596344443238,21.690849885555682,13.095832426682515
1a276285-8b0e-4cc9-9f0a-a3a002978724,32,150.0,13.962805394741487,snr,15814445,558833,15232546,14.0,15.93465391002972,15.493027745265254,14.60237845937437,22.384462730276915,15.270975437100393
1e104bf4-7a24-4624-a5b2-c2c8289c0de7,32,150.0,13.962805394741487,snr,16958348,586244,16347632,14.0,15.52665451851241,15.529576246127768,15.047308949865872,21.705332602585212,9.684629581346654
6638cfb3-3831-4fc2-9327-194b76cf22e1,32,150.0,13.962805394741487,snr,9340397,421359,8899088,12.0,15.465577317365781,15.476488439007348,15.079316025779788,25.880615194576787,8.983921419854207
749cb2b7-e57e-4453-a794-f6230e4d0226,32,150.0,13.962805394741487,snr,16815548,614248,16175194,13.0,17.438921841857066,17.252031022394615,16.71212442584915,26.150324416544606,12.684689512421475
d7ec0892-0a6c-4f4f-9d8f-72083692af5c,32,150.0,13.962805394741487,snr,18718149,701380,17995223,19.0,11.913181906094785,12.208725715158176,8.14211213695045,16.18917293579897,8.374632256648072
da8dfec1-d265-44e8-84ce-6ae9c109b8bd,32,150.0,13.962805394741487,snr,12639883,595988,12023945,17.0,10.925704520653206,10.921762250754439,10.504463141519539,19.50019582262093,6.714033503448162
dab512bd-a02d-4c1f-8dbc-9155a163efc0,32,150.0,13.962805394741487,snr,9528977,432271,9079682,14.0,16.762985627011,16.733611928862423,16.398381891143284,21.560121237765077,11.065957672033662
dc7e9403-19f7-409f-9240-05ee57cb7aea,32,150.0,13.962805394741487,snr,19101390,713830,18364532,18.0,14.301151297003901,13.702123608943136,13.104830006337789,21.074087598402123,10.748976765634712
e8f9fba4-d151-4b00-bee7-447f0f3e752c,32,150.0,13.962805394741487,snr,16232425,729428,15479665,18.0,11.277153210633855,11.398221140734194,9.876262875651069,15.45447620340639,9.574807407825178
eebcaf65-7fa4-4118-869d-a084e84530e2,32,150.0,13.962805394741487,snr,9334269,504999,8807952,13.0,13.245956534116033,13.309869310616648,11.703101960625315,15.381035759645696,7.982164332236168
fe380793-8035-414e-b000-09bfe5ece92a,32,150.0,13.962805394741487,snr,20386788,772462,19587460,17.0,15.51860677184425,15.40397614457948,14.754938994370672,21.647729196796192,13.098497532015134
