pid,m,epsilon,alpha,track,r2,r2_null,n_bins
1a276285-8b0e-4cc9-9f0a-a3a002978724,p48,100.0,6.863715560110469,size,0.13455190458790056,-0.1402663482761382,99381
1e104bf4-7a24-4624-a5b2-c2c8289c0de7,p48,100.0,6.863715560110469,size,0.04887592606675206,-0.2400123764038978,105141
6638cfb3-3831-4fc2-9327-194b76cf22e1,p48,100.0,6.863715560110469,size,0.03112500949761665,-0.11459617136384312,85916
749cb2b7-e57e-4453-a794-f6230e4d0226,p48,100.0,6.863715560110469,size,0.05460292791003185,-0.22230589832339726,112453
d7ec0892-0a6c-4f4f-9d8f-72083692af5c,p48,100.0,6.863715560110469,size,0.31162530144964407,-0.3765141722714946,92762
da8dfec1-d265-44e8-84ce-6ae9c109b8bd,p48,100.0,6.863715560110469,size,0.03752480351403942,-0.1299609823850766,85916
dab512bd-a02d-4c1f-8dbc-9155a163efc0,p48,100.0,6.863715560110469,size,0.14230662125913152,-0.42502338884433916,73377
dc7e9403-19f7-409f-9240-05ee57cb7aea,p48,100.0,6.863715560110469,size,0.10901563396465908,-0.28788609105743007,99195
e8f9fba4-d151-4b00-bee7-447f0f3e752c,p48,100.0,6.863715560110469,size,0.17976512407140954,-0.1867886255695083,100516
eebcaf65-7fa4-4118-869d-a084e84530e2,p48,100.0,6.863715560110469,size,0.2626841069377539,-0.2765990125478282,91769
fe380793-8035-414e-b000-09bfe5ece92a,p48,100.0,6.863715560110469,size,0.18480486663595552,-0.3383086858388471,115565
1a276285-8b0e-4cc9-9f0a-a3a002978724,p48,100.0,2.5,grid,0.13614319609047487,-0.14101760700323399,99381
1a276285-8b0e-4cc9-9f0a-a3a002978724,p48,100.0,3.5,grid,0.13563570790891788,-0.13664463223227624,99381
1a276285-8b0e-4cc9-9f0a-a3a002978724,p48,100.0,5.0,grid,0.13498463967429808,-0.1437729757652836,99381
1a276285-8b0e-4cc9-9f0a-a3a002978724,p48,100.0,7.0,grid,0.1344737248350263,-0.14381173003755082,99381
1a276285-8b0e-4cc9-9f0a-a3a002978724,p48,100.0,10.0,grid,0.13479703155383416,-0.141835623185201,99381
1a276285-8b0e-4cc9-9f0a-a3a002978724,p48,100.0,14.0,grid,0.1330309240752655,-0.1355518160209083,99381
1e104bf4-7a24-4624-a5b2-c2c8289c0de7,p48,100.0,2.5,grid,0.05251895287895236,-0.2468433738874555,105141
1e104bf4-7a24-4624-a5b2-c2c8289c0de7,p48,100.0,3.5,grid,0.051623113117409636,-0.24726616055611964,105141
1e104bf4-7a24-4624-a5b2-c2c8289c0de7,p48,100.0,5.0,grid,0.05043246794884437,-0.24524790990512924,105141
1e104bf4-7a24-4624-a5b2-c2c8289c0de7,p48,100.0,7.0,grid,0.04901663130762568,-0.2463429850476838,105141
1e104bf4-7a24-4624-a5b2-c2c8289c0de7,p48,100.0,10.0,grid,0.04709677220573738,-0.24562302979704292,105141
1e104bf4-7a24-4624-a5b2-c2c8289c0de7,p48,100.0,14.0,grid,0.04615156078219018,-0.24593756047649298,105141
6638cfb3-3831-4fc2-9327-194b76cf22e1,p48,100.0,2.5,grid,0.029024906751513146,-0.11969938005971739,85916
6638cfb3-3831-4fc2-9327-194b76cf22e1,p48,100.0,3.5,grid,0.028318026680475117,-0.12049374578968468,85916
6638cfb3-3831-4fc2-9327-194b76cf22e1,p48,100.0,5.0,grid,0.03014806748187293,-0.11837924801720581,85916
6638cfb3-3831-4fc2-9327-194b76cf22e1,p48,100.0,7.0,grid,0.03149807888607681,-0.1136756428931017,85916
6638cfb3-3831-4fc2-9327-194b76cf22e1,p48,100.0,10.0,grid,0.035214725094341315,-0.10776093002608404,85916
6638cfb3-3831-4fc2-9327-194b76cf22e1,p48,100.0,14.0,grid,0.03758879654286229,-0.11519829205216384,85916
749cb2b7-e57e-4453-a794-f6230e4d0226,p48,100.0,2.5,grid,0.0548375928769711,-0.22436186005630562,112453
749cb2b7-e57e-4453-a794-f6230e4d0226,p48,100.0,3.5,grid,0.05516976089013059,-0.22149136530535912,112453
749cb2b7-e57e-4453-a794-f6230e4d0226,p48,100.0,5.0,grid,0.055372376912538046,-0.22632531498665887,112453
749cb2b7-e57e-4453-a794-f6230e4d0226,p48,100.0,7.0,grid,0.05460386441728948,-0.21938472922210708,112453
749cb2b7-e57e-4453-a794-f6230e4d0226,p48,100.0,10.0,grid,0.05459860199664368,-0.2241694041245336,112453
749cb2b7-e57e-4453-a794-f6230e4d0226,p48,100.0,14.0,grid,0.05444044265641834,-0.2215812852110819,112453
d7ec0892-0a6c-4f4f-9d8f-72083692af5c,p48,100.0,2.5,grid,0.31383379854786275,-0.37261279372908296,92762
d7ec0892-0a6c-4f4f-9d8f-72083692af5c,p48,100.0,3.5,grid,0.31343946882808216,-0.3706582034727308,92762
d7ec0892-0a6c-4f4f-9d8f-72083692af5c,p48,100.0,5.0,grid,0.31318002390390154,-0.38325096842852774,92762
d7ec0892-0a6c-4f4f-9d8f-72083692af5c,p48,100.0,7.0,grid,0.31179248441593443,-0.3722281902546139,92762
d7ec0892-0a6c-4f4f-9d8f-72083692af5c,p48,100.0,10.0,grid,0.3098046461429055,-0.3717749399929004,92762
d7ec0892-0a6c-4f4f-9d8f-72083692af5c,p48,100.0,14.0,grid,0.30880439621222966,-0.37068567817563153,92762
da8dfec1-d265-44e8-84ce-6ae9c109b8bd,p48,100.0,2.5,grid,0.038720883573951315,-0.1269521369253516,85916
da8dfec1-d265-44e8-84ce-6ae9c109b8bd,p48,100.0,3.5,grid,0.03843773582213561,-0.13071937730300015,85916
da8dfec1-d265-44e8-84ce-6ae9c109b8bd,p48,100.0,5.0,grid,0.03725425060376286,-0.12849629001328697,85916
da8dfec1-d265-44e8-84ce-6ae9c109b8bd,p48,100.0,7.0,grid,0.037642730436451166,-0.12592946708089703,85916
da8dfec1-d265-44e8-84ce-6ae9c109b8bd,p48,100.0,10.0,grid,0.038596351336561474,-0.1320083827807271,85916
da8dfec1-d265-44e8-84ce-6ae9c109b8bd,p48,100.0,14.0,grid,0.03597260726100049,-0.12690763996211576,85916
dab512bd-a02d-4c1f-8dbc-9155a163efc0,p48,100.0,2.5,grid,0.1471789031508589,-0.45759974734533043,73377
dab512bd-a02d-4c1f-8dbc-9155a163efc0,p48,100.0,3.5,grid,0.14396775370411474,-0.44849316222943025,73377
dab512bd-a02d-4c1f-8dbc-9155a163efc0,p48,100.0,5.0,grid,0.14186704087486235,-0.43592419190465986,73377
dab512bd-a02d-4c1f-8dbc-9155a163efc0,p48,100.0,7.0,grid,0.14233623377259985,-0.4293503704315723,73377
dab512bd-a02d-4c1f-8dbc-9155a163efc0,p48,100.0,10.0,grid,0.150002934914652,-0.4092391107261859,73377
dab512bd-a02d-4c1f-8dbc-9155a163efc0,p48,100.0,14.0,grid,0.1531566822224637,-0.3935160925087399,73377
dc7e9403-19f7-409f-9240-05ee57cb7aea,p48,100.0,2.5,grid,0.10928490392836188,-0.28825009105079813,99195
dc7e9403-19f7-409f-9240-05ee57cb7aea,p48,100.0,3.5,grid,0.10914224977410525,-0.2900961116653546,99195
dc7e9403-19f7-409f-9240-05ee57cb7aea,p48,100.0,5.0,grid,0.10926269615982731,-0.28624751119643366,99195
dc7e9403-19f7-409f-9240-05ee57cb7aea,p48,100.0,7.0,grid,0.10904729907011201,-0.2844225239852513,99195
dc7e9403-19f7-409f-9240-05ee57cb7aea,p48,100.0,10.0,grid,0.1092190873943466,-0.28574683930780853,99195
dc7e9403-19f7-409f-9240-05ee57cb7aea,p48,100.0,14.0,grid,0.10821939836550076,-0.2809159983553123,99195
e8f9fba4-d151-4b00-bee7-447f0f3e752c,p48,100.0,2.5,grid,0.18825364183803928,-0.19919143387349272,100516
e8f9fba4-d151-4b00-bee7-447f0f3e752c,p48,100.0,3.5,grid,0.18675368018295468,-0.18575920865126666,100516
e8f9fba4-d151-4b00-bee7-447f0f3e752c,p48,100.0,5.0,grid,0.1844320389908204,-0.19315777949407678,100516
e8f9fba4-d151-4b00-bee7-447f0f3e752c,p48,100.0,7.0,grid,0.1791580363964279,-0.19271642825631602,100516
e8f9fba4-d151-4b00-bee7-447f0f3e752c,p48,100.0,10.0,grid,0.1710467170164337,-0.19148051909130212,100516
e8f9fba4-d151-4b00-bee7-447f0f3e752c,p48,100.0,14.0,grid,0.1590678578316821,-0.17347053229054646,100516
eebcaf65-7fa4-4118-869d-a084e84530e2,p48,100.0,2.5,grid,0.2683249564728861,-0.27320731299918183,91769
eebcaf65-7fa4-4118-869d-a084e84530e2,p48,100.0,3.5,grid,0.2663342234264492,-0.27731909759331164,91769
eebcaf65-7fa4-4118-869d-a084e84530e2,p48,100.0,5.0,grid,0.2640304081843121,-0.2779382272581455,91769
eebcaf65-7fa4-4118-869d-a084e84530e2,p48,100.0,7.0,grid,0.2625490033080301,-0.2760420603203879,91769
eebcaf65-7fa4-4118-869d-a084e84530e2,p48,100.0,10.0,grid,0.25643206717251554,-0.2733193430354342,91769
eebcaf65-7fa4-4118-869d-a084e84530e2,p48,100.0,14.0,grid,0.25239451591093065,-0.2755232541977684,91769
fe380793-8035-414e-b000-09bfe5ece92a,p48,100.0,2.5,grid,0.18527184105183414,-0.3442424152847799,115565
fe380793-8035-414e-b000-09bfe5ece92a,p48,100.0,3.5,grid,0.1854579696159805,-0.33766165969566153,115565
fe380793-8035-414e-b000-09bfe5ece92a,p48,100.0,5.0,grid,0.18548423387888668,-0.3430361120116466,115565
fe380793-8035-414e-b000-09bfe5ece92a,p48,100.0,7.0,grid,0.18460777027998732,-0.3389149014037928,115565
fe380793-8035-414e-b000-09bfe5ece92a,p48,100.0,10.0,grid,0.1826841639490847,-0.33367436382768784,115565
fe380793-8035-414e-b000-09bfe5ece92a,p48,100.0,14.0,grid,0.1803110135029471,-0.33295531217743457,115565
1a276285-8b0e-4cc9-9f0a-a3a002978724,inf,100.0,2.5,grid,0.136201738461879,-0.14087919747377806,99381
1a276285-8b0e-4cc9-9f0a-a3a002978724,inf,100.0,3.5,grid,0.13570181369393108,-0.14323439443069041,99381
1a276285-8b0e-4cc9-9f0a-a3a002978724,inf,100.0,5.0,grid,0.13503455854793556,-0.1416569546762037,99381
1a276285-8b0e-4cc9-9f0a-a3a002978724,inf,100.0,7.0,grid,0.13445234516570592,-0.13907083547853777,99381
1a276285-8b0e-4cc9-9f0a-a3a002978724,inf,100.0,10.0,grid,0.1349762111682552,-0.13937586920108475,99381
1a276285-8b0e-4cc9-9f0a-a3a002978724,inf,100.0,14.0,grid,0.13307816132927153,-0.13456677090824876,99381
1e104bf4-7a24-4624-a5b2-c2c8289c0de7,inf,100.0,2.5,grid,0.0526740253592064,-0.24713149005481744,105141
1e104bf4-7a24-4624-a5b2-c2c8289c0de7,inf,100.0,3.5,grid,0.05173006939913927,-0.24650800457343386,105141
1e104bf4-7a24-4624-a5b2-c2c8289c0de7,inf,100.0,5.0,grid,0.050593812743097266,-0.24910593385601087,105141
1e104bf4-7a24-4624-a5b2-c2c8289c0de7,inf,100.0,7.0,grid,0.049146034352330226,-0.2437892278990597,105141
1e104bf4-7a24-4624-a5b2-c2c8289c0de7,inf,100.0,10.0,grid,0.04725076086521485,-0.24966803211602198,105141
1e104bf4-7a24-4624-a5b2-c2c8289c0de7,inf,100.0,14.0,grid,0.04622133119789551,-0.24694095212184894,105141
6638cfb3-3831-4fc2-9327-194b76cf22e1,inf,100.0,2.5,grid,0.028992032189864125,-0.12500498453210723,85916
6638cfb3-3831-4fc2-9327-194b76cf22e1,inf,100.0,3.5,grid,0.028256535199440713,-0.1208755121802128,85916
6638cfb3-3831-4fc2-9327-194b76cf22e1,inf,100.0,5.0,grid,0.030155011114323838,-0.11956939804641915,85916
6638cfb3-3831-4fc2-9327-194b76cf22e1,inf,100.0,7.0,grid,0.031746764851770415,-0.11641838309604684,85916
6638cfb3-3831-4fc2-9327-194b76cf22e1,inf,100.0,10.0,grid,0.03528818908963893,-0.11391617026983605,85916
6638cfb3-3831-4fc2-9327-194b76cf22e1,inf,100.0,14.0,grid,0.03760749919044093,-0.11423805610860094,85916
749cb2b7-e57e-4453-a794-f6230e4d0226,inf,100.0,2.5,grid,0.054979286601295585,-0.22108078408203952,112453
749cb2b7-e57e-4453-a794-f6230e4d0226,inf,100.0,3.5,grid,0.05501758074076679,-0.22173657599262747,112453
749cb2b7-e57e-4453-a794-f6230e4d0226,inf,100.0,5.0,grid,0.055263434488116325,-0.22149213862135833,112453
749cb2b7-e57e-4453-a794-f6230e4d0226,inf,100.0,7.0,grid,0.054596899425839895,-0.2211496948336087,112453
749cb2b7-e57e-4453-a794-f6230e4d0226,inf,100.0,10.0,grid,0.054576746297121725,-0.222365276637792,112453
749cb2b7-e57e-4453-a794-f6230e4d0226,inf,100.0,14.0,grid,0.054466181055952134,-0.22276275782149643,112453
d7ec0892-0a6c-4f4f-9d8f-72083692af5c,inf,100.0,2.5,grid,0.3140079521112501,-0.37298107792268886,92762
d7ec0892-0a6c-4f4f-9d8f-72083692af5c,inf,100.0,3.5,grid,0.31340540548280815,-0.3751989517494068,92762
d7ec0892-0a6c-4f4f-9d8f-72083692af5c,inf,100.0,5.0,grid,0.3130269741816586,-0.36950744915051376,92762
d7ec0892-0a6c-4f4f-9d8f-72083692af5c,inf,100.0,7.0,grid,0.31157837407217936,-0.37036018069722526,92762
d7ec0892-0a6c-4f4f-9d8f-72083692af5c,inf,100.0,10.0,grid,0.3094116757428774,-0.3679913250799356,92762
d7ec0892-0a6c-4f4f-9d8f-72083692af5c,inf,100.0,14.0,grid,0.3083267444644574,-0.38011200832373526,92762
da8dfec1-d265-44e8-84ce-6ae9c109b8bd,inf,100.0,2.5,grid,0.038484180105728405,-0.1329312905800366,85916
da8dfec1-d265-44e8-84ce-6ae9c109b8bd,inf,100.0,3.5,grid,0.03821738300083222,-0.13154917108036207,85916
da8dfec1-d265-44e8-84ce-6ae9c109b8bd,inf,100.0,5.0,grid,0.03725979719506611,-0.12793514164375636,85916
da8dfec1-d265-44e8-84ce-6ae9c109b8bd,inf,100.0,7.0,grid,0.037764314446752545,-0.12843355443261992,85916
da8dfec1-d265-44e8-84ce-6ae9c109b8bd,inf,100.0,10.0,grid,0.038486227553897745,-0.13195166898084115,85916
da8dfec1-d265-44e8-84ce-6ae9c109b8bd,inf,100.0,14.0,grid,0.036241934013052646,-0.12947831362467777,85916
dab512bd-a02d-4c1f-8dbc-9155a163efc0,inf,100.0,2.5,grid,0.1480897339056163,-0.4588261434547568,73377
dab512bd-a02d-4c1f-8dbc-9155a163efc0,inf,100.0,3.5,grid,0.14539653418263987,-0.44755524996637475,73377
dab512bd-a02d-4c1f-8dbc-9155a163efc0,inf,100.0,5.0,grid,0.14360740452056042,-0.44147783864538115,73377
dab512bd-a02d-4c1f-8dbc-9155a163efc0,inf,100.0,7.0,grid,0.14472207677313198,-0.4296031275521212,73377
dab512bd-a02d-4c1f-8dbc-9155a163efc0,inf,100.0,10.0,grid,0.15235318070770343,-0.4041868986672899,73377
dab512bd-a02d-4c1f-8dbc-9155a163efc0,inf,100.0,14.0,grid,0.1553542330410529,-0.3901971204592979,73377
dc7e9403-19f7-409f-9240-05ee57cb7aea,inf,100.0,2.5,grid,0.10914579831817217,-0.2895673590221239,99195
dc7e9403-19f7-409f-9240-05ee57cb7aea,inf,100.0,3.5,grid,0.10900307981649437,-0.2889998300268568,99195
dc7e9403-19f7-409f-9240-05ee57cb7aea,inf,100.0,5.0,grid,0.1091293188655248,-0.28511360705894273,99195
dc7e9403-19f7-409f-9240-05ee57cb7aea,inf,100.0,7.0,grid,0.10887051955303972,-0.2900346950781699,99195
dc7e9403-19f7-409f-9240-05ee57cb7aea,inf,100.0,10.0,grid,0.10927036703874904,-0.28513251654500266,99195
dc7e9403-19f7-409f-9240-05ee57cb7aea,inf,100.0,14.0,grid,0.1082694113325835,-0.2767697784037719,99195
e8f9fba4-d151-4b00-bee7-447f0f3e752c,inf,100.0,2.5,grid,0.1877454017713427,-0.1981292875446833,100516
e8f9fba4-d151-4b00-bee7-447f0f3e752c,inf,100.0,3.5,grid,0.18622676580584618,-0.19742773116082674,100516
e8f9fba4-d151-4b00-bee7-447f0f3e752c,inf,100.0,5.0,grid,0.1838542862984326,-0.1965532698798805,100516
e8f9fba4-d151-4b00-bee7-447f0f3e752c,inf,100.0,7.0,grid,0.17877568489259066,-0.19301557565084856,100516
e8f9fba4-d151-4b00-bee7-447f0f3e752c,inf,100.0,10.0,grid,0.1707405345825881,-0.18384037383211912,100516
e8f9fba4-d151-4b00-bee7-447f0f3e752c,inf,100.0,14.0,grid,0.15905131762954916,-0.17481200020765125,100516
eebcaf65-7fa4-4118-869d-a084e84530e2,inf,100.0,2.5,grid,0.2674450257505743,-0.2750021143608482,91769
eebcaf65-7fa4-4118-869d-a084e84530e2,inf,100.0,3.5,grid,0.26568846103166266,-0.27954901625203926,91769
eebcaf65-7fa4-4118-869d-a084e84530e2,inf,100.0,5.0,grid,0.2632823153661398,-0.2701389363764973,91769
eebcaf65-7fa4-4118-869d-a084e84530e2,inf,100.0,7.0,grid,0.2622879062380159,-0.27585379057575576,91769
eebcaf65-7fa4-4118-869d-a084e84530e2,inf,100.0,10.0,grid,0.25626765245056293,-0.2764640651741121,91769
eebcaf65-7fa4-4118-869d-a084e84530e2,inf,100.0,14.0,grid,0.25207306849651767,-0.26757288763574427,91769
fe380793-8035-414e-b000-09bfe5ece92a,inf,100.0,2.5,grid,0.18532191692635258,-0.35060713012597117,115565
fe380793-8035-414e-b000-09bfe5ece92a,inf,100.0,3.5,grid,0.18547706649314888,-0.34286125155524183,115565
fe380793-8035-414e-b000-09bfe5ece92a,inf,100.0,5.0,grid,0.18551083762681442,-0.34453828834371264,115565
fe380793-8035-414e-b000-09bfe5ece92a,inf,100.0,7.0,grid,0.18461677617559524,-0.34162298433157556,115565
fe380793-8035-414e-b000-09bfe5ece92a,inf,100.0,10.0,grid,0.1826948714831378,-0.33616515817246045,115565
fe380793-8035-414e-b000-09bfe5ece92a,inf,100.0,14.0,grid,0.18033251566993658,-0.3331117490912576,115565
1a276285-8b0e-4cc9-9f0a-a3a002978724,p48,70.0,2.5,grid,0.13591233883098797,-0.14062835084345265,99381
1a276285-8b0e-4cc9-9f0a-a3a002978724,p48,70.0,3.5,grid,0.13546342919181842,-0.1419464968196175,99381
1a276285-8b0e-4cc9-9f0a-a3a002978724,p48,70.0,5.0,grid,0.1349842635573011,-0.14112548729043625,99381
1a276285-8b0e-4cc9-9f0a-a3a002978724,p48,70.0,7.0,grid,0.13427012816216088,-0.13890962987023742,99381
1a276285-8b0e-4cc9-9f0a-a3a002978724,p48,70.0,10.0,grid,0.13435924343049388,-0.13963547536590823,99381
1a276285-8b0e-4cc9-9f0a-a3a002978724,p48,70.0,14.0,grid,0.13309233601413584,-0.13324546473130164,99381
1e104bf4-7a24-4624-a5b2-c2c8289c0de7,p48,70.0,2.5,grid,0.05298437976675463,-0.24743185044338759,105141
1e104bf4-7a24-4624-a5b2-c2c8289c0de7,p48,70.0,3.5,grid,0.051828803393730305,-0.2469518068684407,105141
1e104bf4-7a24-4624-a5b2-c2c8289c0de7,p48,70.0,5.0,grid,0.05104612847292811,-0.24697167772861656,105141
1e104bf4-7a24-4624-a5b2-c2c8289c0de7,p48,70.0,7.0,grid,0.04920889464946887,-0.24343637786664382,105141
1e104bf4-7a24-4624-a5b2-c2c8289c0de7,p48,70.0,10.0,grid,0.046918196627010134,-0.24818160490685465,105141
1e104bf4-7a24-4624-a5b2-c2c8289c0de7,p48,70.0,14.0,grid,0.04598364702858393,-0.24455752916774554,105141
6638cfb3-3831-4fc2-9327-194b76cf22e1,p48,70.0,2.5,grid,0.027855271868070464,-0.12227886021805245,85916
6638cfb3-3831-4fc2-9327-194b76cf22e1,p48,70.0,3.5,grid,0.028314496454644122,-0.11920838293282814,85916
6638cfb3-3831-4fc2-9327-194b76cf22e1,p48,70.0,5.0,grid,0.03047617824973492,-0.1206959377982991,85916
6638cfb3-3831-4fc2-9327-194b76cf22e1,p48,70.0,7.0,grid,0.03155633222305909,-0.11674181370245287,85916
6638cfb3-3831-4fc2-9327-194b76cf22e1,p48,70.0,10.0,grid,0.03502515501499126,-0.11218576923059205,85916
6638cfb3-3831-4fc2-9327-194b76cf22e1,p48,70.0,14.0,grid,0.03756440330697408,-0.11358598796567199,85916
749cb2b7-e57e-4453-a794-f6230e4d0226,p48,70.0,2.5,grid,0.0550156883880033,-0.22862935748517485,112453
749cb2b7-e57e-4453-a794-f6230e4d0226,p48,70.0,3.5,grid,0.05527173538158159,-0.22351797193318737,112453
749cb2b7-e57e-4453-a794-f6230e4d0226,p48,70.0,5.0,grid,0.05549407755678892,-0.22205924305718067,112453
749cb2b7-e57e-4453-a794-f6230e4d0226,p48,70.0,7.0,grid,0.05469642151902576,-0.22597171010585906,112453
749cb2b7-e57e-4453-a794-f6230e4d0226,p48,70.0,10.0,grid,0.05464131190804766,-0.22286023409187966,112453
749cb2b7-e57e-4453-a794-f6230e4d0226,p48,70.0,14.0,grid,0.05444584531574681,-0.22119907115418908,112453
d7ec0892-0a6c-4f4f-9d8f-72083692af5c,p48,70.0,2.5,grid,0.31485239127792264,-0.37742069472660444,92762
d7ec0892-0a6c-4f4f-9d8f-72083692af5c,p48,70.0,3.5,grid,0.3144522081749396,-0.37619102020613077,92762
d7ec0892-0a6c-4f4f-9d8f-72083692af5c,p48,70.0,5.0,grid,0.3139005034194655,-0.37769082734642206,92762
d7ec0892-0a6c-4f4f-9d8f-72083692af5c,p48,70.0,7.0,grid,0.3125243998784678,-0.3711262284063908,92762
d7ec0892-0a6c-4f4f-9d8f-72083692af5c,p48,70.0,10.0,grid,0.31045709081729955,-0.376169313822335,92762
d7ec0892-0a6c-4f4f-9d8f-72083692af5c,p48,70.0,14.0,grid,0.3090148655073104,-0.3705896618699905,92762
da8dfec1-d265-44e8-84ce-6ae9c109b8bd,p48,70.0,2.5,grid,0.03821264862963136,-0.1297450792227824,85916
da8dfec1-d265-44e8-84ce-6ae9c109b8bd,p48,70.0,3.5,grid,0.03844073877961063,-0.13002087152773095,85916
da8dfec1-d265-44e8-84ce-6ae9c109b8bd,p48,70.0,5.0,grid,0.037363043083392555,-0.12812973204428119,85916
da8dfec1-d265-44e8-84ce-6ae9c109b8bd,p48,70.0,7.0,grid,0.03782185307109864,-0.12610914075531468,85916
da8dfec1-d265-44e8-84ce-6ae9c109b8bd,p48,70.0,10.0,grid,0.03826903333857268,-0.12979078187752688,85916
da8dfec1-d265-44e8-84ce-6ae9c109b8bd,p48,70.0,14.0,grid,0.035921338876003905,-0.12701223982476345,85916
dab512bd-a02d-4c1f-8dbc-9155a163efc0,p48,70.0,2.5,grid,0.14915073334209727,-0.46840343061899026,73377
dab512bd-a02d-4c1f-8dbc-9155a163efc0,p48,70.0,3.5,grid,0.14468929211308357,-0.4549451621544153,73377
dab512bd-a02d-4c1f-8dbc-9155a163efc0,p48,70.0,5.0,grid,0.14001491723267723,-0.4408674129085875,73377
dab512bd-a02d-4c1f-8dbc-9155a163efc0,p48,70.0,7.0,grid,0.14121901357234823,-0.4301859818140958,73377
dab512bd-a02d-4c1f-8dbc-9155a163efc0,p48,70.0,10.0,grid,0.14923849064805583,-0.412532975952905,73377
dab512bd-a02d-4c1f-8dbc-9155a163efc0,p48,70.0,14.0,grid,0.15314779084734398,-0.3924648290976563,73377
dc7e9403-19f7-409f-9240-05ee57cb7aea,p48,70.0,2.5,grid,0.10927409407911826,-0.29356911710723876,99195
dc7e9403-19f7-409f-9240-05ee57cb7aea,p48,70.0,3.5,grid,0.1090387616730617,-0.28692836966051194,99195
dc7e9403-19f7-409f-9240-05ee57cb7aea,p48,70.0,5.0,grid,0.10911890349591125,-0.2865582816960831,99195
dc7e9403-19f7-409f-9240-05ee57cb7aea,p48,70.0,7.0,grid,0.10895574325840152,-0.283510844443789,99195
dc7e9403-19f7-409f-9240-05ee57cb7aea,p48,70.0,10.0,grid,0.10918680787929869,-0.2811909050278515,99195
dc7e9403-19f7-409f-9240-05ee57cb7aea,p48,70.0,14.0,grid,0.10821408830884172,-0.27303267160404043,99195
e8f9fba4-d151-4b00-bee7-447f0f3e752c,p48,70.0,2.5,grid,0.18826424871429326,-0.19573579043733047,100516
e8f9fba4-d151-4b00-bee7-447f0f3e752c,p48,70.0,3.5,grid,0.1866017872842859,-0.19869200960664135,100516
e8f9fba4-d151-4b00-bee7-447f0f3e752c,p48,70.0,5.0,grid,0.1844641691418455,-0.19216271423453404,100516
e8f9fba4-d151-4b00-bee7-447f0f3e752c,p48,70.0,7.0,grid,0.17944516120650744,-0.1910124606532825,100516
e8f9fba4-d151-4b00-bee7-447f0f3e752c,p48,70.0,10.0,grid,0.170912905722316,-0.1800874052746592,100516
e8f9fba4-d151-4b00-bee7-447f0f3e752c,p48,70.0,14.0,grid,0.1591993804832792,-0.17734757257857559,100516
eebcaf65-7fa4-4118-869d-a084e84530e2,p48,70.0,2.5,grid,0.26784471846468927,-0.27829697143425264,91769
eebcaf65-7fa4-4118-869d-a084e84530e2,p48,70.0,3.5,grid,0.26672495465809887,-0.2744090754910249,91769
eebcaf65-7fa4-4118-869d-a084e84530e2,p48,70.0,5.0,grid,0.2647577117768021,-0.2764007581298269,91769
eebcaf65-7fa4-4118-869d-a084e84530e2,p48,70.0,7.0,grid,0.262158590231934,-0.2756286631627382,91769
eebcaf65-7fa4-4118-869d-a084e84530e2,p48,70.0,10.0,grid,0.2584315088770631,-0.2764493094862918,91769
eebcaf65-7fa4-4118-869d-a084e84530e2,p48,70.0,14.0,grid,0.25225922949266943,-0.2766821701448906,91769
fe380793-8035-414e-b000-09bfe5ece92a,p48,70.0,2.5,grid,0.18574381210572755,-0.34891583407155585,115565
fe380793-8035-414e-b000-09bfe5ece92a,p48,70.0,3.5,grid,0.18577099840236488,-0.34133876532549823,115565
fe380793-8035-414e-b000-09bfe5ece92a,p48,70.0,5.0,grid,0.18575627145369722,-0.3424964282969186,115565
fe380793-8035-414e-b000-09bfe5ece92a,p48,70.0,7.0,grid,0.18483315320533888,-0.3374633314158491,115565
fe380793-8035-414e-b000-09bfe5ece92a,p48,70.0,10.0,grid,0.18280746913564938,-0.3360317069173377,115565
fe380793-8035-414e-b000-09bfe5ece92a,p48,70.0,14.0,grid,0.1803748758946243,-0.3365642360258605,115565
1a276285-8b0e-4cc9-9f0a-a3a002978724,p32,100.0,2.5,grid,0.13612572583594518,-0.14072087609554326,99381
1a276285-8b0e-4cc9-9f0a-a3a002978724,p32,100.0,3.5,grid,0.13565808066336071,-0.13887085645502123,99381
1a276285-8b0e-4cc9-9f0a-a3a002978724,p32,100.0,5.0,grid,0.13480969443846247,-0.14128647073573383,99381
1a276285-8b0e-4cc9-9f0a-a3a002978724,p32,100.0,7.0,grid,0.13432727415950518,-0.14293749366542374,99381
1a276285-8b0e-4cc9-9f0a-a3a002978724,p32,100.0,10.0,grid,0.13501481039444496,-0.13934573041601755,99381
1a276285-8b0e-4cc9-9f0a-a3a002978724,p32,100.0,14.0,grid,0.13299465863978044,-0.13460192683027516,99381
1e104bf4-7a24-4624-a5b2-c2c8289c0de7,p32,100.0,2.5,grid,0.05207243988325572,-0.24589914645404992,105141
1e104bf4-7a24-4624-a5b2-c2c8289c0de7,p32,100.0,3.5,grid,0.051254051889639496,-0.24770473600589749,105141
1e104bf4-7a24-4624-a5b2-c2c8289c0de7,p32,100.0,5.0,grid,0.050224964088227186,-0.2464572781423302,105141
1e104bf4-7a24-4624-a5b2-c2c8289c0de7,p32,100.0,7.0,grid,0.048730027686076705,-0.24900233072867167,105141
1e104bf4-7a24-4624-a5b2-c2c8289c0de7,p32,100.0,10.0,grid,0.046902171854515395,-0.250796548641132,105141
1e104bf4-7a24-4624-a5b2-c2c8289c0de7,p32,100.0,14.0,grid,0.04593138280386333,-0.2474893524051097,105141
6638cfb3-3831-4fc2-9327-194b76cf22e1,p32,100.0,2.5,grid,0.027876294179635108,-0.119388450936219,85916
6638cfb3-3831-4fc2-9327-194b76cf22e1,p32,100.0,3.5,grid,0.027513487756472665,-0.1183842045046191,85916
6638cfb3-3831-4fc2-9327-194b76cf22e1,p32,100.0,5.0,grid,0.02934568685762784,-0.11760868122540118,85916
6638cfb3-3831-4fc2-9327-194b76cf22e1,p32,100.0,7.0,grid,0.03090970683665406,-0.11666334529059359,85916
6638cfb3-3831-4fc2-9327-194b76cf22e1,p32,100.0,10.0,grid,0.034448881926090524,-0.1130157120421329,85916
6638cfb3-3831-4fc2-9327-194b76cf22e1,p32,100.0,14.0,grid,0.03695358000869897,-0.11011492357720369,85916
749cb2b7-e57e-4453-a794-f6230e4d0226,p32,100.0,2.5,grid,0.05461461897868902,-0.22383024185814143,112453
749cb2b7-e57e-4453-a794-f6230e4d0226,p32,100.0,3.5,grid,0.05492499264953632,-0.22397843067857942,112453
749cb2b7-e57e-4453-a794-f6230e4d0226,p32,100.0,5.0,grid,0.05507349891040747,-0.22557427478224618,112453
749cb2b7-e57e-4453-a794-f6230e4d0226,p32,100.0,7.0,grid,0.05435169770094528,-0.22344576457688375,112453
749cb2b7-e57e-4453-a794-f6230e4d0226,p32,100.0,10.0,grid,0.054187439138139726,-0.22241779853588475,112453
749cb2b7-e57e-4453-a794-f6230e4d0226,p32,100.0,14.0,grid,0.05379704992199108,-0.2238083192373932,112453
d7ec0892-0a6c-4f4f-9d8f-72083692af5c,p32,100.0,2.5,grid,0.31307719768985354,-0.3799444348126835,92762
d7ec0892-0a6c-4f4f-9d8f-72083692af5c,p32,100.0,3.5,grid,0.3127964589823554,-0.37386321126893035,92762
d7ec0892-0a6c-4f4f-9d8f-72083692af5c,p32,100.0,5.0,grid,0.31237832528395826,-0.3770207265741881,92762
d7ec0892-0a6c-4f4f-9d8f-72083692af5c,p32,100.0,7.0,grid,0.31094506665542465,-0.37863281861375303,92762
d7ec0892-0a6c-4f4f-9d8f-72083692af5c,p32,100.0,10.0,grid,0.3090174188660475,-0.3752398345177481,92762
d7ec0892-0a6c-4f4f-9d8f-72083692af5c,p32,100.0,14.0,grid,0.3082672204162855,-0.3836291921473698,92762
da8dfec1-d265-44e8-84ce-6ae9c109b8bd,p32,100.0,2.5,grid,0.03908180830969421,-0.12966913210715938,85916
da8dfec1-d265-44e8-84ce-6ae9c109b8bd,p32,100.0,3.5,grid,0.03877086434710342,-0.12587547802966284,85916
da8dfec1-d265-44e8-84ce-6ae9c109b8bd,p32,100.0,5.0,grid,0.03765125654405399,-0.13121939669369187,85916
da8dfec1-d265-44e8-84ce-6ae9c109b8bd,p32,100.0,7.0,grid,0.03791084792942623,-0.12866816563862704,85916
da8dfec1-d265-44e8-84ce-6ae9c109b8bd,p32,100.0,10.0,grid,0.03903807935144277,-0.1331633307191436,85916
da8dfec1-d265-44e8-84ce-6ae9c109b8bd,p32,100.0,14.0,grid,0.036184749085938495,-0.12775733378864218,85916
dab512bd-a02d-4c1f-8dbc-9155a163efc0,p32,100.0,2.5,grid,0.14699915140038355,-0.45020909096830525,73377
dab512bd-a02d-4c1f-8dbc-9155a163efc0,p32,100.0,3.5,grid,0.14373791396331448,-0.4466037048121468,73377
dab512bd-a02d-4c1f-8dbc-9155a163efc0,p32,100.0,5.0,grid,0.14129182487237024,-0.44071075258961356,73377
dab512bd-a02d-4c1f-8dbc-9155a163efc0,p32,100.0,7.0,grid,0.14172702616833976,-0.4313844081268995,73377
dab512bd-a02d-4c1f-8dbc-9155a163efc0,p32,100.0,10.0,grid,0.14929702111268917,-0.4140632565817922,73377
dab512bd-a02d-4c1f-8dbc-9155a163efc0,p32,100.0,14.0,grid,0.15347172687651744,-0.3890013341331387,73377
dc7e9403-19f7-409f-9240-05ee57cb7aea,p32,100.0,2.5,grid,0.1092225565873336,-0.29376387818780036,99195
dc7e9403-19f7-409f-9240-05ee57cb7aea,p32,100.0,3.5,grid,0.10908393072986555,-0.2904416241326301,99195
dc7e9403-19f7-409f-9240-05ee57cb7aea,p32,100.0,5.0,grid,0.10911620418644785,-0.2865380704599719,99195
dc7e9403-19f7-409f-9240-05ee57cb7aea,p32,100.0,7.0,grid,0.1087605180404656,-0.28745218893459124,99195
dc7e9403-19f7-409f-9240-05ee57cb7aea,p32,100.0,10.0,grid,0.10867117288189587,-0.2845538207997994,99195
dc7e9403-19f7-409f-9240-05ee57cb7aea,p32,100.0,14.0,grid,0.10766993965576088,-0.2794294084690284,99195
e8f9fba4-d151-4b00-bee7-447f0f3e752c,p32,100.0,2.5,grid,0.18939166369752913,-0.1999625291470263,100516
e8f9fba4-d151-4b00-bee7-447f0f3e752c,p32,100.0,3.5,grid,0.1877293318568336,-0.19893951499744889,100516
e8f9fba4-d151-4b00-bee7-447f0f3e752c,p32,100.0,5.0,grid,0.1854830066596681,-0.19114710651212655,100516
e8f9fba4-d151-4b00-bee7-447f0f3e752c,p32,100.0,7.0,grid,0.1802045453241654,-0.18781283770532559,100516
e8f9fba4-d151-4b00-bee7-447f0f3e752c,p32,100.0,10.0,grid,0.17166885164934065,-0.18296859284276662,100516
e8f9fba4-d151-4b00-bee7-447f0f3e752c,p32,100.0,14.0,grid,0.15970973296802604,-0.17593710920838657,100516
eebcaf65-7fa4-4118-869d-a084e84530e2,p32,100.0,2.5,grid,0.27015876053609655,-0.27329200754306926,91769
eebcaf65-7fa4-4118-869d-a084e84530e2,p32,100.0,3.5,grid,0.2682284807166082,-0.27663429275003104,91769
eebcaf65-7fa4-4118-869d-a084e84530e2,p32,100.0,5.0,grid,0.26597171906113815,-0.27704861060323893,91769
eebcaf65-7fa4-4118-869d-a084e84530e2,p32,100.0,7.0,grid,0.2633760033021597,-0.2795741338507024,91769
eebcaf65-7fa4-4118-869d-a084e84530e2,p32,100.0,10.0,grid,0.25765173349948955,-0.276546343290285,91769
eebcaf65-7fa4-4118-869d-a084e84530e2,p32,100.0,14.0,grid,0.2539991158121292,-0.28208277769851053,91769
fe380793-8035-414e-b000-09bfe5ece92a,p32,100.0,2.5,grid,0.1851313651604366,-0.3411208390018986,115565
fe380793-8035-414e-b000-09bfe5ece92a,p32,100.0,3.5,grid,0.1853218412367732,-0.341428918626779,115565
fe380793-8035-414e-b000-09bfe5ece92a,p32,100.0,5.0,grid,0.18519720547442697,-0.3412076694111509,115565
fe380793-8035-414e-b000-09bfe5ece92a,p32,100.0,7.0,grid,0.1844736262468918,-0.34070688514112324,115565
fe380793-8035-414e-b000-09bfe5ece92a,p32,100.0,10.0,grid,0.1825976928862031,-0.333606190893307,115565
fe380793-8035-414e-b000-09bfe5ece92a,p32,100.0,14.0,grid,0.18032606894128622,-0.3268292876864656,115565
1a276285-8b0e-4cc9-9f0a-a3a002978724,p48,50.0,2.5,grid,0.13546101182171022,-0.1463489151324667,99381
1a276285-8b0e-4cc9-9f0a-a3a002978724,p48,50.0,3.5,grid,0.1358811803865797,-0.14201443713841577,99381
1a276285-8b0e-4cc9-9f0a-a3a002978724,p48,50.0,5.0,grid,0.13526122267761187,-0.1396658174257756,99381
1a276285-8b0e-4cc9-9f0a-a3a002978724,p48,50.0,7.0,grid,0.13400307696603353,-0.14207542293780073,99381
1a276285-8b0e-4cc9-9f0a-a3a002978724,p48,50.0,10.0,grid,0.13415910155983202,-0.13724234846245248,99381
1a276285-8b0e-4cc9-9f0a-a3a002978724,p48,50.0,14.0,grid,0.1331852494577287,-0.13617084687272726,99381
1e104bf4-7a24-4624-a5b2-c2c8289c0de7,p48,50.0,2.5,grid,0.05247104897627797,-0.24509378615718963,105141
1e104bf4-7a24-4624-a5b2-c2c8289c0de7,p48,50.0,3.5,grid,0.051546772174638655,-0.24568047143690946,105141
1e104bf4-7a24-4624-a5b2-c2c8289c0de7,p48,50.0,5.0,grid,0.05078709377164681,-0.24807831561139823,105141
1e104bf4-7a24-4624-a5b2-c2c8289c0de7,p48,50.0,7.0,grid,0.04922090436433446,-0.24130572892898564,105141
1e104bf4-7a24-4624-a5b2-c2c8289c0de7,p48,50.0,10.0,grid,0.04681380004853042,-0.24593672639357383,105141
1e104bf4-7a24-4624-a5b2-c2c8289c0de7,p48,50.0,14.0,grid,0.04609214632809211,-0.24260113779012132,105141
6638cfb3-3831-4fc2-9327-194b76cf22e1,p48,50.0,2.5,grid,0.0270369527194263,-0.11902996403745925,85916
6638cfb3-3831-4fc2-9327-194b76cf22e1,p48,50.0,3.5,grid,0.028377683470530157,-0.12577420861490746,85916
6638cfb3-3831-4fc2-9327-194b76cf22e1,p48,50.0,5.0,grid,0.030350066036038514,-0.12417534433278506,85916
6638cfb3-3831-4fc2-9327-194b76cf22e1,p48,50.0,7.0,grid,0.03155252968876454,-0.1162818556933141,85916
6638cfb3-3831-4fc2-9327-194b76cf22e1,p48,50.0,10.0,grid,0.03492593104797603,-0.11665339425034019,85916
6638cfb3-3831-4fc2-9327-194b76cf22e1,p48,50.0,14.0,grid,0.03743436618588036,-0.11061253421548009,85916
749cb2b7-e57e-4453-a794-f6230e4d0226,p48,50.0,2.5,grid,0.055093948081042066,-0.22054762764756414,112453
749cb2b7-e57e-4453-a794-f6230e4d0226,p48,50.0,3.5,grid,0.055436945770580226,-0.22118688284856042,112453
749cb2b7-e57e-4453-a794-f6230e4d0226,p48,50.0,5.0,grid,0.05554378400041837,-0.22240219788333832,112453
749cb2b7-e57e-4453-a794-f6230e4d0226,p48,50.0,7.0,grid,0.0547572223860876,-0.22250393908190014,112453
749cb2b7-e57e-4453-a794-f6230e4d0226,p48,50.0,10.0,grid,0.05464698454363737,-0.22246123778208599,112453
749cb2b7-e57e-4453-a794-f6230e4d0226,p48,50.0,14.0,grid,0.05444365372226623,-0.2216110798224591,112453
d7ec0892-0a6c-4f4f-9d8f-72083692af5c,p48,50.0,2.5,grid,0.3145923093541232,-0.3744671812572521,92762
d7ec0892-0a6c-4f4f-9d8f-72083692af5c,p48,50.0,3.5,grid,0.3142022370161801,-0.37828894343635266,92762
d7ec0892-0a6c-4f4f-9d8f-72083692af5c,p48,50.0,5.0,grid,0.31363462805760023,-0.37958965591879,92762
d7ec0892-0a6c-4f4f-9d8f-72083692af5c,p48,50.0,7.0,grid,0.3123879218462595,-0.37498872828115615,92762
d7ec0892-0a6c-4f4f-9d8f-72083692af5c,p48,50.0,10.0,grid,0.3103385319788914,-0.36944134043456767,92762
d7ec0892-0a6c-4f4f-9d8f-72083692af5c,p48,50.0,14.0,grid,0.30885930270916406,-0.3809800647921779,92762
da8dfec1-d265-44e8-84ce-6ae9c109b8bd,p48,50.0,2.5,grid,0.038470889713519085,-0.13114009251203224,85916
da8dfec1-d265-44e8-84ce-6ae9c109b8bd,p48,50.0,3.5,grid,0.03856591175127566,-0.1322559173939212,85916
da8dfec1-d265-44e8-84ce-6ae9c109b8bd,p48,50.0,5.0,grid,0.03735353898505411,-0.1284258518639328,85916
da8dfec1-d265-44e8-84ce-6ae9c109b8bd,p48,50.0,7.0,grid,0.03790799168560366,-0.12927241537833972,85916
da8dfec1-d265-44e8-84ce-6ae9c109b8bd,p48,50.0,10.0,grid,0.03821230196006742,-0.1284155857624129,85916
da8dfec1-d265-44e8-84ce-6ae9c109b8bd,p48,50.0,14.0,grid,0.035928026193526086,-0.12889175409996137,85916
dab512bd-a02d-4c1f-8dbc-9155a163efc0,p48,50.0,2.5,grid,0.1483861448095004,-0.4620211487027232,73377
dab512bd-a02d-4c1f-8dbc-9155a163efc0,p48,50.0,3.5,grid,0.1433284404407572,-0.46232922299832513,73377
dab512bd-a02d-4c1f-8dbc-9155a163efc0,p48,50.0,5.0,grid,0.13945317420119363,-0.4442280090668481,73377
dab512bd-a02d-4c1f-8dbc-9155a163efc0,p48,50.0,7.0,grid,0.14125916038587305,-0.42637508557759707,73377
dab512bd-a02d-4c1f-8dbc-9155a163efc0,p48,50.0,10.0,grid,0.1490564197464883,-0.4111955065787649,73377
dab512bd-a02d-4c1f-8dbc-9155a163efc0,p48,50.0,14.0,grid,0.15303633789679827,-0.38948609026530157,73377
dc7e9403-19f7-409f-9240-05ee57cb7aea,p48,50.0,2.5,grid,0.10932640502265889,-0.292890136634081,99195
dc7e9403-19f7-409f-9240-05ee57cb7aea,p48,50.0,3.5,grid,0.10915230186274016,-0.29019425120865855,99195
dc7e9403-19f7-409f-9240-05ee57cb7aea,p48,50.0,5.0,grid,0.10921383155353892,-0.2899537193690252,99195
dc7e9403-19f7-409f-9240-05ee57cb7aea,p48,50.0,7.0,grid,0.10893913986627979,-0.2852529226914289,99195
dc7e9403-19f7-409f-9240-05ee57cb7aea,p48,50.0,10.0,grid,0.10918009578949972,-0.2850542699831187,99195
dc7e9403-19f7-409f-9240-05ee57cb7aea,p48,50.0,14.0,grid,0.10826549150297271,-0.2814378386897826,99195
e8f9fba4-d151-4b00-bee7-447f0f3e752c,p48,50.0,2.5,grid,0.1884256962122799,-0.19555483130095866,100516
e8f9fba4-d151-4b00-bee7-447f0f3e752c,p48,50.0,3.5,grid,0.18654996602693752,-0.19581310596610554,100516
e8f9fba4-d151-4b00-bee7-447f0f3e752c,p48,50.0,5.0,grid,0.18457058874511056,-0.19290476376313492,100516
e8f9fba4-d151-4b00-bee7-447f0f3e752c,p48,50.0,7.0,grid,0.1794599622407259,-0.18924607473429284,100516
e8f9fba4-d151-4b00-bee7-447f0f3e752c,p48,50.0,10.0,grid,0.17088702771700037,-0.18964554110269752,100516
e8f9fba4-d151-4b00-bee7-447f0f3e752c,p48,50.0,14.0,grid,0.15929471864870193,-0.1723539031100009,100516
eebcaf65-7fa4-4118-869d-a084e84530e2,p48,50.0,2.5,grid,0.26616997334988435,-0.2766578853524482,91769
eebcaf65-7fa4-4118-869d-a084e84530e2,p48,50.0,3.5,grid,0.2646838421452449,-0.2773109534121517,91769
eebcaf65-7fa4-4118-869d-a084e84530e2,p48,50.0,5.0,grid,0.2639875139409732,-0.2769315842756851,91769
eebcaf65-7fa4-4118-869d-a084e84530e2,p48,50.0,7.0,grid,0.26092868804229163,-0.2793510152199954,91769
eebcaf65-7fa4-4118-869d-a084e84530e2,p48,50.0,10.0,grid,0.25816209203069806,-0.2826651031756453,91769
eebcaf65-7fa4-4118-869d-a084e84530e2,p48,50.0,14.0,grid,0.25240292987422996,-0.27624906969214486,91769
fe380793-8035-414e-b000-09bfe5ece92a,p48,50.0,2.5,grid,0.18548467129399038,-0.34468277065930675,115565
fe380793-8035-414e-b000-09bfe5ece92a,p48,50.0,3.5,grid,0.18567054435501062,-0.3428848813080684,115565
fe380793-8035-414e-b000-09bfe5ece92a,p48,50.0,5.0,grid,0.18557222796498596,-0.3445883077042487,115565
fe380793-8035-414e-b000-09bfe5ece92a,p48,50.0,7.0,grid,0.18486083441954304,-0.33919510303291067,115565
fe380793-8035-414e-b000-09bfe5ece92a,p48,50.0,10.0,grid,0.18281603833871862,-0.33413775226163245,115565
fe380793-8035-414e-b000-09bfe5ece92a,p48,50.0,14.0,grid,0.18037955488144042,-0.33053736905321907,115565
1a276285-8b0e-4cc9-9f0a-a3a002978724,p32,70.0,2.5,grid,0.13589204131125077,-0.14340457810301901,99381
1a276285-8b0e-4cc9-9f0a-a3a002978724,p32,70.0,3.5,grid,0.13546155843801555,-0.1391748728554844,99381
1a276285-8b0e-4cc9-9f0a-a3a002978724,p32,70.0,5.0,grid,0.13477091293240562,-0.1404397943546578,99381
1a276285-8b0e-4cc9-9f0a-a3a002978724,p32,70.0,7.0,grid,0.1339684897939286,-0.13939868175024245,99381
1a276285-8b0e-4cc9-9f0a-a3a002978724,p32,70.0,10.0,grid,0.13452656538088437,-0.13958535951272855,99381
1a276285-8b0e-4cc9-9f0a-a3a002978724,p32,70.0,14.0,grid,0.13296497284028896,-0.13527186996114643,99381
1e104bf4-7a24-4624-a5b2-c2c8289c0de7,p32,70.0,2.5,grid,0.0526846421453574,-0.24478668616039068,105141
1e104bf4-7a24-4624-a5b2-c2c8289c0de7,p32,70.0,3.5,grid,0.05158749346555547,-0.24978050090124682,105141
1e104bf4-7a24-4624-a5b2-c2c8289c0de7,p32,70.0,5.0,grid,0.05072441147701934,-0.24434122173774067,105141
1e104bf4-7a24-4624-a5b2-c2c8289c0de7,p32,70.0,7.0,grid,0.04888503331952021,-0.24506906602312184,105141
1e104bf4-7a24-4624-a5b2-c2c8289c0de7,p32,70.0,10.0,grid,0.046835901917653966,-0.24628150480442068,105141
1e104bf4-7a24-4624-a5b2-c2c8289c0de7,p32,70.0,14.0,grid,0.04606436829307903,-0.24420352725156716,105141
6638cfb3-3831-4fc2-9327-194b76cf22e1,p32,70.0,2.5,grid,0.02726896655267519,-0.11888665803649423,85916
6638cfb3-3831-4fc2-9327-194b76cf22e1,p32,70.0,3.5,grid,0.027455398610998882,-0.12579566628191116,85916
6638cfb3-3831-4fc2-9327-194b76cf22e1,p32,70.0,5.0,grid,0.029522955866357337,-0.11763456300469773,85916
6638cfb3-3831-4fc2-9327-194b76cf22e1,p32,70.0,7.0,grid,0.030665840485781914,-0.11521891176961643,85916
6638cfb3-3831-4fc2-9327-194b76cf22e1,p32,70.0,10.0,grid,0.03424311941141933,-0.11205218407943374,85916
6638cfb3-3831-4fc2-9327-194b76cf22e1,p32,70.0,14.0,grid,0.03689712002103418,-0.10984092729377956,85916
749cb2b7-e57e-4453-a794-f6230e4d0226,p32,70.0,2.5,grid,0.05492702328955612,-0.22512099826279952,112453
749cb2b7-e57e-4453-a794-f6230e4d0226,p32,70.0,3.5,grid,0.05515340395217572,-0.2218216908812017,112453
749cb2b7-e57e-4453-a794-f6230e4d0226,p32,70.0,5.0,grid,0.055338245103185746,-0.22383289003345053,112453
749cb2b7-e57e-4453-a794-f6230e4d0226,p32,70.0,7.0,grid,0.05444737796204202,-0.22338338908781155,112453
749cb2b7-e57e-4453-a794-f6230e4d0226,p32,70.0,10.0,grid,0.05421460510522225,-0.2247541924335561,112453
749cb2b7-e57e-4453-a794-f6230e4d0226,p32,70.0,14.0,grid,0.05383959966849572,-0.22110811037574907,112453
d7ec0892-0a6c-4f4f-9d8f-72083692af5c,p32,70.0,2.5,grid,0.31448435802081165,-0.37289923876984976,92762
d7ec0892-0a6c-4f4f-9d8f-72083692af5c,p32,70.0,3.5,grid,0.3140910008345399,-0.374633072409276,92762
d7ec0892-0a6c-4f4f-9d8f-72083692af5c,p32,70.0,5.0,grid,0.3138339378699647,-0.37275816693744696,92762
d7ec0892-0a6c-4f4f-9d8f-72083692af5c,p32,70.0,7.0,grid,0.31216711825772414,-0.37888201015208556,92762
d7ec0892-0a6c-4f4f-9d8f-72083692af5c,p32,70.0,10.0,grid,0.310107318348785,-0.37923886225723913,92762
d7ec0892-0a6c-4f4f-9d8f-72083692af5c,p32,70.0,14.0,grid,0.30883735713219573,-0.37167441677046265,92762
da8dfec1-d265-44e8-84ce-6ae9c109b8bd,p32,70.0,2.5,grid,0.03883921244009503,-0.12866158984168904,85916
da8dfec1-d265-44e8-84ce-6ae9c109b8bd,p32,70.0,3.5,grid,0.03883782381881351,-0.1332757825425214,85916
da8dfec1-d265-44e8-84ce-6ae9c109b8bd,p32,70.0,5.0,grid,0.037794894863342976,-0.1266462229928765,85916
da8dfec1-d265-44e8-84ce-6ae9c109b8bd,p32,70.0,7.0,grid,0.037785312446454666,-0.12960444261697596,85916
da8dfec1-d265-44e8-84ce-6ae9c109b8bd,p32,70.0,10.0,grid,0.03864218901925787,-0.13084058168008122,85916
da8dfec1-d265-44e8-84ce-6ae9c109b8bd,p32,70.0,14.0,grid,0.03640315630120117,-0.1299122291569746,85916
dab512bd-a02d-4c1f-8dbc-9155a163efc0,p32,70.0,2.5,grid,0.14838762590660826,-0.4633096927844422,73377
dab512bd-a02d-4c1f-8dbc-9155a163efc0,p32,70.0,3.5,grid,0.1435195204738423,-0.4523776934607591,73377
dab512bd-a02d-4c1f-8dbc-9155a163efc0,p32,70.0,5.0,grid,0.13883677443135145,-0.4532679253401829,73377
dab512bd-a02d-4c1f-8dbc-9155a163efc0,p32,70.0,7.0,grid,0.13973430236817652,-0.4332847053298165,73377
dab512bd-a02d-4c1f-8dbc-9155a163efc0,p32,70.0,10.0,grid,0.14752187756449076,-0.41917425576829626,73377
dab512bd-a02d-4c1f-8dbc-9155a163efc0,p32,70.0,14.0,grid,0.15300661775484237,-0.3914871761790403,73377
dc7e9403-19f7-409f-9240-05ee57cb7aea,p32,70.0,2.5,grid,0.10934116321579479,-0.28970057268318183,99195
dc7e9403-19f7-409f-9240-05ee57cb7aea,p32,70.0,3.5,grid,0.10909194306506409,-0.2875038406870385,99195
dc7e9403-19f7-409f-9240-05ee57cb7aea,p32,70.0,5.0,grid,0.10914027310584695,-0.2859953522798763,99195
dc7e9403-19f7-409f-9240-05ee57cb7aea,p32,70.0,7.0,grid,0.10883985277818575,-0.28221477241567144,99195
dc7e9403-19f7-409f-9240-05ee57cb7aea,p32,70.0,10.0,grid,0.10868451099687126,-0.28372004935777606,99195
dc7e9403-19f7-409f-9240-05ee57cb7aea,p32,70.0,14.0,grid,0.1077092812958429,-0.28191362221023536,99195
e8f9fba4-d151-4b00-bee7-447f0f3e752c,p32,70.0,2.5,grid,0.1894927078858637,-0.19548977556810493,100516
e8f9fba4-d151-4b00-bee7-447f0f3e752c,p32,70.0,3.5,grid,0.18782323173140414,-0.19998536919392432,100516
e8f9fba4-d151-4b00-bee7-447f0f3e752c,p32,70.0,5.0,grid,0.18551499963261608,-0.1926752807992868,100516
e8f9fba4-d151-4b00-bee7-447f0f3e752c,p32,70.0,7.0,grid,0.18035437472455107,-0.1930874082736259,100516
e8f9fba4-d151-4b00-bee7-447f0f3e752c,p32,70.0,10.0,grid,0.1718662327883792,-0.18222806985592915,100516
e8f9fba4-d151-4b00-bee7-447f0f3e752c,p32,70.0,14.0,grid,0.1597226569159652,-0.17547322188137554,100516
eebcaf65-7fa4-4118-869d-a084e84530e2,p32,70.0,2.5,grid,0.2721932975049285,-0.27662203465850016,91769
eebcaf65-7fa4-4118-869d-a084e84530e2,p32,70.0,3.5,grid,0.2714066564279576,-0.2828534351180914,91769
eebcaf65-7fa4-4118-869d-a084e84530e2,p32,70.0,5.0,grid,0.26878637707881625,-0.27780641265177186,91769
eebcaf65-7fa4-4118-869d-a084e84530e2,p32,70.0,7.0,grid,0.2659751868107626,-0.2805704200643485,91769
eebcaf65-7fa4-4118-869d-a084e84530e2,p32,70.0,10.0,grid,0.26223994989458665,-0.27570711723520996,91769
eebcaf65-7fa4-4118-869d-a084e84530e2,p32,70.0,14.0,grid,0.2556144092674304,-0.2734203704361724,91769
fe380793-8035-414e-b000-09bfe5ece92a,p32,70.0,2.5,grid,0.18545564450191188,-0.34671400278664816,115565
fe380793-8035-414e-b000-09bfe5ece92a,p32,70.0,3.5,grid,0.18552583976845116,-0.3459835781703296,115565
fe380793-8035-414e-b000-09bfe5ece92a,p32,70.0,5.0,grid,0.18542335744217775,-0.3438397191731432,115565
fe380793-8035-414e-b000-09bfe5ece92a,p32,70.0,7.0,grid,0.18452925884353577,-0.33509115616260743,115565
fe380793-8035-414e-b000-09bfe5ece92a,p32,70.0,10.0,grid,0.18257435504227826,-0.3351891303584248,115565
fe380793-8035-414e-b000-09bfe5ece92a,p32,70.0,14.0,grid,0.18026496749841248,-0.32945772896031217,115565
1a276285-8b0e-4cc9-9f0a-a3a002978724,p32,50.0,2.5,grid,0.13608269703277842,-0.14787426187449976,99381
1a276285-8b0e-4cc9-9f0a-a3a002978724,p32,50.0,3.5,grid,0.1362024935929972,-0.1455425150898635,99381
1a276285-8b0e-4cc9-9f0a-a3a002978724,p32,50.0,5.0,grid,0.13516545168929173,-0.13571959271976683,99381
1a276285-8b0e-4cc9-9f0a-a3a002978724,p32,50.0,7.0,grid,0.13382155756293568,-0.14314170908785462,99381
1a276285-8b0e-4cc9-9f0a-a3a002978724,p32,50.0,10.0,grid,0.13491511023261482,-0.14101733353819929,99381
1a276285-8b0e-4cc9-9f0a-a3a002978724,p32,50.0,14.0,grid,0.13318078212025342,-0.1396669869879234,99381
1e104bf4-7a24-4624-a5b2-c2c8289c0de7,p32,50.0,2.5,grid,0.05223986171054207,-0.24648089359172606,105141
1e104bf4-7a24-4624-a5b2-c2c8289c0de7,p32,50.0,3.5,grid,0.05122500700772248,-0.24680941238215434,105141
1e104bf4-7a24-4624-a5b2-c2c8289c0de7,p32,50.0,5.0,grid,0.050830647355236014,-0.2439515459991851,105141
1e104bf4-7a24-4624-a5b2-c2c8289c0de7,p32,50.0,7.0,grid,0.04941238059927355,-0.2460390861578535,105141
1e104bf4-7a24-4624-a5b2-c2c8289c0de7,p32,50.0,10.0,grid,0.04705955226390812,-0.25007273368783794,105141
1e104bf4-7a24-4624-a5b2-c2c8289c0de7,p32,50.0,14.0,grid,0.04632530078423891,-0.24736689084491098,105141
6638cfb3-3831-4fc2-9327-194b76cf22e1,p32,50.0,2.5,grid,0.026201589639288536,-0.12383516211570238,85916
6638cfb3-3831-4fc2-9327-194b76cf22e1,p32,50.0,3.5,grid,0.027462012634615895,-0.12150422112923472,85916
6638cfb3-3831-4fc2-9327-194b76cf22e1,p32,50.0,5.0,grid,0.029329565939255398,-0.11851077667729273,85916
6638cfb3-3831-4fc2-9327-194b76cf22e1,p32,50.0,7.0,grid,0.030654043309218393,-0.11484574559736357,85916
6638cfb3-3831-4fc2-9327-194b76cf22e1,p32,50.0,10.0,grid,0.033987351615566985,-0.11023299767185893,85916
6638cfb3-3831-4fc2-9327-194b76cf22e1,p32,50.0,14.0,grid,0.03667508582709633,-0.11079494245032392,85916
749cb2b7-e57e-4453-a794-f6230e4d0226,p32,50.0,2.5,grid,0.05483517566923268,-0.22389398288370194,112453
749cb2b7-e57e-4453-a794-f6230e4d0226,p32,50.0,3.5,grid,0.05520915203254961,-0.2193726716587378,112453
749cb2b7-e57e-4453-a794-f6230e4d0226,p32,50.0,5.0,grid,0.055352992127082556,-0.2226997788195506,112453
749cb2b7-e57e-4453-a794-f6230e4d0226,p32,50.0,7.0,grid,0.05451760782155202,-0.2203736322662897,112453
749cb2b7-e57e-4453-a794-f6230e4d0226,p32,50.0,10.0,grid,0.054243644820564096,-0.22674641148097244,112453
749cb2b7-e57e-4453-a794-f6230e4d0226,p32,50.0,14.0,grid,0.05386007784048086,-0.2242502205516307,112453
d7ec0892-0a6c-4f4f-9d8f-72083692af5c,p32,50.0,2.5,grid,0.31444918368278596,-0.3775698811130761,92762
d7ec0892-0a6c-4f4f-9d8f-72083692af5c,p32,50.0,3.5,grid,0.3140811399651241,-0.371649598626349,92762
d7ec0892-0a6c-4f4f-9d8f-72083692af5c,p32,50.0,5.0,grid,0.31378106770045255,-0.3716056165464804,92762
d7ec0892-0a6c-4f4f-9d8f-72083692af5c,p32,50.0,7.0,grid,0.3120589830486037,-0.3835811295246651,92762
d7ec0892-0a6c-4f4f-9d8f-72083692af5c,p32,50.0,10.0,grid,0.3100072807098496,-0.37010691742498325,92762
d7ec0892-0a6c-4f4f-9d8f-72083692af5c,p32,50.0,14.0,grid,0.3088353982074391,-0.36908996477654116,92762
da8dfec1-d265-44e8-84ce-6ae9c109b8bd,p32,50.0,2.5,grid,0.038827473855961525,-0.12662426642139485,85916
da8dfec1-d265-44e8-84ce-6ae9c109b8bd,p32,50.0,3.5,grid,0.03883498890645609,-0.1304654226721976,85916
da8dfec1-d265-44e8-84ce-6ae9c109b8bd,p32,50.0,5.0,grid,0.037802602824911546,-0.1309114462667716,85916
da8dfec1-d265-44e8-84ce-6ae9c109b8bd,p32,50.0,7.0,grid,0.037790448748322825,-0.1268230644177081,85916
da8dfec1-d265-44e8-84ce-6ae9c109b8bd,p32,50.0,10.0,grid,0.038575664879573535,-0.13102022074898562,85916
da8dfec1-d265-44e8-84ce-6ae9c109b8bd,p32,50.0,14.0,grid,0.0363282936873196,-0.13031982727762728,85916
dab512bd-a02d-4c1f-8dbc-9155a163efc0,p32,50.0,2.5,grid,0.1473457182455119,-0.4638512904252098,73377
dab512bd-a02d-4c1f-8dbc-9155a163efc0,p32,50.0,3.5,grid,0.141784249620458,-0.45805853064955715,73377
dab512bd-a02d-4c1f-8dbc-9155a163efc0,p32,50.0,5.0,grid,0.13744605528621578,-0.4495842267943935,73377
dab512bd-a02d-4c1f-8dbc-9155a163efc0,p32,50.0,7.0,grid,0.13837865292160278,-0.4437382574790082,73377
dab512bd-a02d-4c1f-8dbc-9155a163efc0,p32,50.0,10.0,grid,0.1460826709381563,-0.42287395491210156,73377
dab512bd-a02d-4c1f-8dbc-9155a163efc0,p32,50.0,14.0,grid,0.15189784026198483,-0.4005716869412662,73377
dc7e9403-19f7-409f-9240-05ee57cb7aea,p32,50.0,2.5,grid,0.10933384686594516,-0.2906699567754154,99195
dc7e9403-19f7-409f-9240-05ee57cb7aea,p32,50.0,3.5,grid,0.10909461223155648,-0.2888010189352255,99195
dc7e9403-19f7-409f-9240-05ee57cb7aea,p32,50.0,5.0,grid,0.10912336776663045,-0.29021346820574334,99195
dc7e9403-19f7-409f-9240-05ee57cb7aea,p32,50.0,7.0,grid,0.10885620831425025,-0.28650715919101694,99195
dc7e9403-19f7-409f-9240-05ee57cb7aea,p32,50.0,10.0,grid,0.10870272430867045,-0.29256685139666533,99195
dc7e9403-19f7-409f-9240-05ee57cb7aea,p32,50.0,14.0,grid,0.10772322448422045,-0.2746274817147084,99195
e8f9fba4-d151-4b00-bee7-447f0f3e752c,p32,50.0,2.5,grid,0.18968622232089838,-0.19643485951844095,100516
e8f9fba4-d151-4b00-bee7-447f0f3e752c,p32,50.0,3.5,grid,0.18790590211710412,-0.19712999591136918,100516
e8f9fba4-d151-4b00-bee7-447f0f3e752c,p32,50.0,5.0,grid,0.18555250877600382,-0.19590679771673747,100516
e8f9fba4-d151-4b00-bee7-447f0f3e752c,p32,50.0,7.0,grid,0.18038229101982317,-0.18993800884296214,100516
e8f9fba4-d151-4b00-bee7-447f0f3e752c,p32,50.0,10.0,grid,0.17178108775933376,-0.18395244377615966,100516
e8f9fba4-d151-4b00-bee7-447f0f3e752c,p32,50.0,14.0,grid,0.15972429363973528,-0.1766945239195584,100516
eebcaf65-7fa4-4118-869d-a084e84530e2,p32,50.0,2.5,grid,0.27201560005907244,-0.27629403854729384,91769
eebcaf65-7fa4-4118-869d-a084e84530e2,p32,50.0,3.5,grid,0.2711168728914817,-0.27628120089780184,91769
eebcaf65-7fa4-4118-869d-a084e84530e2,p32,50.0,5.0,grid,0.269348157933874,-0.27390613149052756,91769
eebcaf65-7fa4-4118-869d-a084e84530e2,p32,50.0,7.0,grid,0.26543587174662486,-0.27306940148611203,91769
eebcaf65-7fa4-4118-869d-a084e84530e2,p32,50.0,10.0,grid,0.26412460035271035,-0.284520288709856,91769
eebcaf65-7fa4-4118-869d-a084e84530e2,p32,50.0,14.0,grid,0.2571583559168691,-0.2806152076729791,91769
fe380793-8035-414e-b000-09bfe5ece92a,p32,50.0,2.5,grid,0.1852712364872523,-0.34560678277553625,115565
fe380793-8035-414e-b000-09bfe5ece92a,p32,50.0,3.5,grid,0.1854630685303883,-0.3463081626520044,115565
fe380793-8035-414e-b000-09bfe5ece92a,p32,50.0,5.0,grid,0.18528401294292052,-0.34362563071664326,115565
fe380793-8035-414e-b000-09bfe5ece92a,p32,50.0,7.0,grid,0.18458631638254375,-0.3322991385351144,115565
fe380793-8035-414e-b000-09bfe5ece92a,p32,50.0,10.0,grid,0.18268452243189148,-0.3411473778311264,115565
fe380793-8035-414e-b000-09bfe5ece92a,p32,50.0,14.0,grid,0.1802695011473351,-0.32951323938956745,115565
1a276285-8b0e-4cc9-9f0a-a3a002978724,p24,100.0,2.5,grid,0.13607695992448898,-0.14137522390841628,99381
1a276285-8b0e-4cc9-9f0a-a3a002978724,p24,100.0,3.5,grid,0.13570592769830236,-0.14365361122470155,99381
1a276285-8b0e-4cc9-9f0a-a3a002978724,p24,100.0,5.0,grid,0.1347014197077293,-0.14122238254273087,99381
1a276285-8b0e-4cc9-9f0a-a3a002978724,p24,100.0,7.0,grid,0.1341906188208718,-0.13842861199129616,99381
1a276285-8b0e-4cc9-9f0a-a3a002978724,p24,100.0,10.0,grid,0.13496243095703175,-0.1371893989993926,99381
1a276285-8b0e-4cc9-9f0a-a3a002978724,p24,100.0,14.0,grid,0.13303743297636217,-0.13542440000620087,99381
1e104bf4-7a24-4624-a5b2-c2c8289c0de7,p24,100.0,2.5,grid,0.052433253596041784,-0.2445624869285976,105141
1e104bf4-7a24-4624-a5b2-c2c8289c0de7,p24,100.0,3.5,grid,0.05171566854846643,-0.2488069728190621,105141
1e104bf4-7a24-4624-a5b2-c2c8289c0de7,p24,100.0,5.0,grid,0.050798867110745216,-0.24494560209845556,105141
1e104bf4-7a24-4624-a5b2-c2c8289c0de7,p24,100.0,7.0,grid,0.04942241152246085,-0.24488348971226337,105141
1e104bf4-7a24-4624-a5b2-c2c8289c0de7,p24,100.0,10.0,grid,0.04834226920200424,-0.2385897656934754,105141
1e104bf4-7a24-4624-a5b2-c2c8289c0de7,p24,100.0,14.0,grid,0.04721703123337617,-0.24961711073163007,105141
6638cfb3-3831-4fc2-9327-194b76cf22e1,p24,100.0,2.5,grid,0.028757301324789708,-0.12039538521448648,85916
6638cfb3-3831-4fc2-9327-194b76cf22e1,p24,100.0,3.5,grid,0.028551338615803057,-0.11676035799103568,85916
6638cfb3-3831-4fc2-9327-194b76cf22e1,p24,100.0,5.0,grid,0.03025308616050526,-0.11943848820295395,85916
6638cfb3-3831-4fc2-9327-194b76cf22e1,p24,100.0,7.0,grid,0.032017013475524325,-0.11681294323474631,85916
6638cfb3-3831-4fc2-9327-194b76cf22e1,p24,100.0,10.0,grid,0.03552506918845644,-0.11168543513111495,85916
6638cfb3-3831-4fc2-9327-194b76cf22e1,p24,100.0,14.0,grid,0.0379584977558266,-0.11007102501175003,85916
749cb2b7-e57e-4453-a794-f6230e4d0226,p24,100.0,2.5,grid,0.05454862777036229,-0.2213696613716925,112453
749cb2b7-e57e-4453-a794-f6230e4d0226,p24,100.0,3.5,grid,0.05467272241769994,-0.22480511897654143,112453
749cb2b7-e57e-4453-a794-f6230e4d0226,p24,100.0,5.0,grid,0.05471327364140022,-0.22020106250604296,112453
749cb2b7-e57e-4453-a794-f6230e4d0226,p24,100.0,7.0,grid,0.053983530860330586,-0.22339715233335816,112453
749cb2b7-e57e-4453-a794-f6230e4d0226,p24,100.0,10.0,grid,0.053672727277931265,-0.2203168468592412,112453
749cb2b7-e57e-4453-a794-f6230e4d0226,p24,100.0,14.0,grid,0.05361745913899718,-0.22369133574938127,112453
d7ec0892-0a6c-4f4f-9d8f-72083692af5c,p24,100.0,2.5,grid,0.31438015406055486,-0.37185561816257645,92762
d7ec0892-0a6c-4f4f-9d8f-72083692af5c,p24,100.0,3.5,grid,0.3138704410709021,-0.36610699406134767,92762
d7ec0892-0a6c-4f4f-9d8f-72083692af5c,p24,100.0,5.0,grid,0.31385833007688957,-0.37468075691950575,92762
d7ec0892-0a6c-4f4f-9d8f-72083692af5c,p24,100.0,7.0,grid,0.3124555295155892,-0.3707613268593342,92762
d7ec0892-0a6c-4f4f-9d8f-72083692af5c,p24,100.0,10.0,grid,0.3106941213766048,-0.3780857842997994,92762
d7ec0892-0a6c-4f4f-9d8f-72083692af5c,p24,100.0,14.0,grid,0.3096220857059869,-0.37192185176720366,92762
da8dfec1-d265-44e8-84ce-6ae9c109b8bd,p24,100.0,2.5,grid,0.039064483931663396,-0.1297945400489227,85916
da8dfec1-d265-44e8-84ce-6ae9c109b8bd,p24,100.0,3.5,grid,0.0388356461609084,-0.1295404289148629,85916
da8dfec1-d265-44e8-84ce-6ae9c109b8bd,p24,100.0,5.0,grid,0.0380276866914091,-0.1293454210634855,85916
da8dfec1-d265-44e8-84ce-6ae9c109b8bd,p24,100.0,7.0,grid,0.03797334545087094,-0.12609504240611596,85916
da8dfec1-d265-44e8-84ce-6ae9c109b8bd,p24,100.0,10.0,grid,0.03892598135650127,-0.13144027165586475,85916
da8dfec1-d265-44e8-84ce-6ae9c109b8bd,p24,100.0,14.0,grid,0.03663253358030094,-0.1296706852609142,85916
dab512bd-a02d-4c1f-8dbc-9155a163efc0,p24,100.0,2.5,grid,0.14626951560831647,-0.4562959997491962,73377
dab512bd-a02d-4c1f-8dbc-9155a163efc0,p24,100.0,3.5,grid,0.1426898122662953,-0.44039697977818604,73377
dab512bd-a02d-4c1f-8dbc-9155a163efc0,p24,100.0,5.0,grid,0.13951443005879738,-0.43747884923285285,73377
dab512bd-a02d-4c1f-8dbc-9155a163efc0,p24,100.0,7.0,grid,0.13930380291105626,-0.4309336056549,73377
dab512bd-a02d-4c1f-8dbc-9155a163efc0,p24,100.0,10.0,grid,0.1462126536403363,-0.4217466291326957,73377
dab512bd-a02d-4c1f-8dbc-9155a163efc0,p24,100.0,14.0,grid,0.15130471690154423,-0.39739672185354513,73377
dc7e9403-19f7-409f-9240-05ee57cb7aea,p24,100.0,2.5,grid,0.10866729402575459,-0.2897427640575806,99195
dc7e9403-19f7-409f-9240-05ee57cb7aea,p24,100.0,3.5,grid,0.10858552970208601,-0.292569527053414,99195
dc7e9403-19f7-409f-9240-05ee57cb7aea,p24,100.0,5.0,grid,0.10873604380177415,-0.28876665241669375,99195
dc7e9403-19f7-409f-9240-05ee57cb7aea,p24,100.0,7.0,grid,0.1085149714133733,-0.2831693054304797,99195
dc7e9403-19f7-409f-9240-05ee57cb7aea,p24,100.0,10.0,grid,0.1083300315790996,-0.2838393579785753,99195
dc7e9403-19f7-409f-9240-05ee57cb7aea,p24,100.0,14.0,grid,0.10725577430730415,-0.27681488444564495,99195
e8f9fba4-d151-4b00-bee7-447f0f3e752c,p24,100.0,2.5,grid,0.1892275271336794,-0.19386755440923814,100516
e8f9fba4-d151-4b00-bee7-447f0f3e752c,p24,100.0,3.5,grid,0.18755190525756882,-0.19550017739787545,100516
e8f9fba4-d151-4b00-bee7-447f0f3e752c,p24,100.0,5.0,grid,0.18534453062138,-0.19276569015920247,100516
e8f9fba4-d151-4b00-bee7-447f0f3e752c,p24,100.0,7.0,grid,0.17989132353850557,-0.19055768707320295,100516
e8f9fba4-d151-4b00-bee7-447f0f3e752c,p24,100.0,10.0,grid,0.1711717120173991,-0.18695615362799148,100516
e8f9fba4-d151-4b00-bee7-447f0f3e752c,p24,100.0,14.0,grid,0.1589785802470851,-0.17719407174783056,100516
eebcaf65-7fa4-4118-869d-a084e84530e2,p24,100.0,2.5,grid,0.27388438877225907,-0.27647259786846023,91769
eebcaf65-7fa4-4118-869d-a084e84530e2,p24,100.0,3.5,grid,0.2723086069631441,-0.2777532007434086,91769
eebcaf65-7fa4-4118-869d-a084e84530e2,p24,100.0,5.0,grid,0.270144915574012,-0.27834555993413745,91769
eebcaf65-7fa4-4118-869d-a084e84530e2,p24,100.0,7.0,grid,0.26862288206163853,-0.281372079840797,91769
eebcaf65-7fa4-4118-869d-a084e84530e2,p24,100.0,10.0,grid,0.26417397042759394,-0.2794911835856265,91769
eebcaf65-7fa4-4118-869d-a084e84530e2,p24,100.0,14.0,grid,0.25993269575755473,-0.28421494238723877,91769
fe380793-8035-414e-b000-09bfe5ece92a,p24,100.0,2.5,grid,0.18483646890279104,-0.34223888559649296,115565
fe380793-8035-414e-b000-09bfe5ece92a,p24,100.0,3.5,grid,0.18506012239313263,-0.34545173040593813,115565
fe380793-8035-414e-b000-09bfe5ece92a,p24,100.0,5.0,grid,0.18487716281035826,-0.3365127310943531,115565
fe380793-8035-414e-b000-09bfe5ece92a,p24,100.0,7.0,grid,0.18428603774927188,-0.34017443697146177,115565
fe380793-8035-414e-b000-09bfe5ece92a,p24,100.0,10.0,grid,0.18235665429770065,-0.33492499547745014,115565
fe380793-8035-414e-b000-09bfe5ece92a,p24,100.0,14.0,grid,0.1802829698952414,-0.3325406963321621,115565
1a276285-8b0e-4cc9-9f0a-a3a002978724,p16,100.0,2.5,grid,0.13579236058367805,-0.14246383015298641,99381
1a276285-8b0e-4cc9-9f0a-a3a002978724,p16,100.0,3.5,grid,0.1356293751110218,-0.14330080840096526,99381
1a276285-8b0e-4cc9-9f0a-a3a002978724,p16,100.0,5.0,grid,0.13477032130410282,-0.14068438964745322,99381
1a276285-8b0e-4cc9-9f0a-a3a002978724,p16,100.0,7.0,grid,0.1339526227075134,-0.1401835965429548,99381
1a276285-8b0e-4cc9-9f0a-a3a002978724,p16,100.0,10.0,grid,0.13480457666309598,-0.14036937175533012,99381
1a276285-8b0e-4cc9-9f0a-a3a002978724,p16,100.0,14.0,grid,0.13316738802209882,-0.13678242809867883,99381
1e104bf4-7a24-4624-a5b2-c2c8289c0de7,p16,100.0,2.5,grid,0.05447750916845884,-0.2490604670072866,105141
1e104bf4-7a24-4624-a5b2-c2c8289c0de7,p16,100.0,3.5,grid,0.05353824885526515,-0.246403866060588,105141
1e104bf4-7a24-4624-a5b2-c2c8289c0de7,p16,100.0,5.0,grid,0.05292161468168244,-0.25065639269468676,105141
1e104bf4-7a24-4624-a5b2-c2c8289c0de7,p16,100.0,7.0,grid,0.050971595046867324,-0.24569976548500644,105141
1e104bf4-7a24-4624-a5b2-c2c8289c0de7,p16,100.0,10.0,grid,0.04930695352107228,-0.24733232445779,105141
1e104bf4-7a24-4624-a5b2-c2c8289c0de7,p16,100.0,14.0,grid,0.048101946882148194,-0.24369975438412622,105141
6638cfb3-3831-4fc2-9327-194b76cf22e1,p16,100.0,2.5,grid,0.02612775327190775,-0.1213631950183772,85916
6638cfb3-3831-4fc2-9327-194b76cf22e1,p16,100.0,3.5,grid,0.02601708462699126,-0.11896262080721551,85916
6638cfb3-3831-4fc2-9327-194b76cf22e1,p16,100.0,5.0,grid,0.028025004711378698,-0.11771365329194886,85916
6638cfb3-3831-4fc2-9327-194b76cf22e1,p16,100.0,7.0,grid,0.029650896160696605,-0.11424413188439049,85916
6638cfb3-3831-4fc2-9327-194b76cf22e1,p16,100.0,10.0,grid,0.03339867833897925,-0.11262627303944206,85916
6638cfb3-3831-4fc2-9327-194b76cf22e1,p16,100.0,14.0,grid,0.0366638765423285,-0.11101687662023521,85916
749cb2b7-e57e-4453-a794-f6230e4d0226,p16,100.0,2.5,grid,0.055079283441399673,-0.21961605995184746,112453
749cb2b7-e57e-4453-a794-f6230e4d0226,p16,100.0,3.5,grid,0.055080925648795964,-0.22118377769121414,112453
749cb2b7-e57e-4453-a794-f6230e4d0226,p16,100.0,5.0,grid,0.055036205074272315,-0.2256398286985868,112453
749cb2b7-e57e-4453-a794-f6230e4d0226,p16,100.0,7.0,grid,0.05386150750557128,-0.22292772992565618,112453
749cb2b7-e57e-4453-a794-f6230e4d0226,p16,100.0,10.0,grid,0.05377695282131978,-0.22541376720809927,112453
749cb2b7-e57e-4453-a794-f6230e4d0226,p16,100.0,14.0,grid,0.05339488310160023,-0.2205353124309183,112453
d7ec0892-0a6c-4f4f-9d8f-72083692af5c,p16,100.0,2.5,grid,0.3153334930291062,-0.3775317568436846,92762
d7ec0892-0a6c-4f4f-9d8f-72083692af5c,p16,100.0,3.5,grid,0.31542215162430076,-0.382211103952938,92762
d7ec0892-0a6c-4f4f-9d8f-72083692af5c,p16,100.0,5.0,grid,0.31526112761156233,-0.36749309679952563,92762
d7ec0892-0a6c-4f4f-9d8f-72083692af5c,p16,100.0,7.0,grid,0.3143799971944591,-0.3754726510331537,92762
d7ec0892-0a6c-4f4f-9d8f-72083692af5c,p16,100.0,10.0,grid,0.3135447504517037,-0.3748555378200912,92762
d7ec0892-0a6c-4f4f-9d8f-72083692af5c,p16,100.0,14.0,grid,0.3122154137953834,-0.37043333961704555,92762
da8dfec1-d265-44e8-84ce-6ae9c109b8bd,p16,100.0,2.5,grid,0.037991727917223606,-0.12751173838989066,85916
da8dfec1-d265-44e8-84ce-6ae9c109b8bd,p16,100.0,3.5,grid,0.03768175866128609,-0.12898675054342723,85916
da8dfec1-d265-44e8-84ce-6ae9c109b8bd,p16,100.0,5.0,grid,0.03688307708910621,-0.12739835656586407,85916
da8dfec1-d265-44e8-84ce-6ae9c109b8bd,p16,100.0,7.0,grid,0.03749515999448416,-0.12482761422203667,85916
da8dfec1-d265-44e8-84ce-6ae9c109b8bd,p16,100.0,10.0,grid,0.03731716242077998,-0.13040323764929895,85916
da8dfec1-d265-44e8-84ce-6ae9c109b8bd,p16,100.0,14.0,grid,0.03494716842398937,-0.12980707288673282,85916
dab512bd-a02d-4c1f-8dbc-9155a163efc0,p16,100.0,2.5,grid,0.13730332113145471,-0.4549450090195994,73377
dab512bd-a02d-4c1f-8dbc-9155a163efc0,p16,100.0,3.5,grid,0.1351888709954875,-0.45989576747185373,73377
dab512bd-a02d-4c1f-8dbc-9155a163efc0,p16,100.0,5.0,grid,0.13072616936470327,-0.45582964191226677,73377
dab512bd-a02d-4c1f-8dbc-9155a163efc0,p16,100.0,7.0,grid,0.13047793159112975,-0.4414101745901563,73377
dab512bd-a02d-4c1f-8dbc-9155a163efc0,p16,100.0,10.0,grid,0.1372542868750738,-0.4408857879327831,73377
dab512bd-a02d-4c1f-8dbc-9155a163efc0,p16,100.0,14.0,grid,0.1421947766106192,-0.4210666089763153,73377
dc7e9403-19f7-409f-9240-05ee57cb7aea,p16,100.0,2.5,grid,0.10624906695106373,-0.30027995867947277,99195
dc7e9403-19f7-409f-9240-05ee57cb7aea,p16,100.0,3.5,grid,0.10647469241649099,-0.2930001409620098,99195
dc7e9403-19f7-409f-9240-05ee57cb7aea,p16,100.0,5.0,grid,0.10711761614507753,-0.289656169913663,99195
dc7e9403-19f7-409f-9240-05ee57cb7aea,p16,100.0,7.0,grid,0.10715489944090972,-0.28826503571692963,99195
dc7e9403-19f7-409f-9240-05ee57cb7aea,p16,100.0,10.0,grid,0.10677800240834123,-0.28101306285396677,99195
dc7e9403-19f7-409f-9240-05ee57cb7aea,p16,100.0,14.0,grid,0.10612678430214928,-0.27935893980156273,99195
e8f9fba4-d151-4b00-bee7-447f0f3e752c,p16,100.0,2.5,grid,0.1830082309988641,-0.18641035272852585,100516
e8f9fba4-d151-4b00-bee7-447f0f3e752c,p16,100.0,3.5,grid,0.18192730972362048,-0.19093339234394646,100516
e8f9fba4-d151-4b00-bee7-447f0f3e752c,p16,100.0,5.0,grid,0.18019496071925512,-0.19089271119817058,100516
e8f9fba4-d151-4b00-bee7-447f0f3e752c,p16,100.0,7.0,grid,0.17608713951854527,-0.1866568225420943,100516
e8f9fba4-d151-4b00-bee7-447f0f3e752c,p16,100.0,10.0,grid,0.16758541181815068,-0.18390637236974916,100516
e8f9fba4-d151-4b00-bee7-447f0f3e752c,p16,100.0,14.0,grid,0.15683029034580365,-0.1694204484923088,100516
eebcaf65-7fa4-4118-869d-a084e84530e2,p16,100.0,2.5,grid,0.28019463671855527,-0.2878525986338224,91769
eebcaf65-7fa4-4118-869d-a084e84530e2,p16,100.0,3.5,grid,0.27972350465089457,-0.2902164531415348,91769
eebcaf65-7fa4-4118-869d-a084e84530e2,p16,100.0,5.0,grid,0.2766801012405661,-0.2804942771304816,91769
eebcaf65-7fa4-4118-869d-a084e84530e2,p16,100.0,7.0,grid,0.2757796759119814,-0.2825165024159343,91769
eebcaf65-7fa4-4118-869d-a084e84530e2,p16,100.0,10.0,grid,0.2694284852534031,-0.28199152172486436,91769
eebcaf65-7fa4-4118-869d-a084e84530e2,p16,100.0,14.0,grid,0.26475483696830804,-0.2860552429945852,91769
fe380793-8035-414e-b000-09bfe5ece92a,p16,100.0,2.5,grid,0.1831218911869189,-0.3469287025868182,115565
fe380793-8035-414e-b000-09bfe5ece92a,p16,100.0,3.5,grid,0.18356250371604843,-0.3428745734720898,115565
fe380793-8035-414e-b000-09bfe5ece92a,p16,100.0,5.0,grid,0.18355370847671082,-0.34851655176751956,115565
fe380793-8035-414e-b000-09bfe5ece92a,p16,100.0,7.0,grid,0.18338309096022776,-0.33864283757632313,115565
fe380793-8035-414e-b000-09bfe5ece92a,p16,100.0,10.0,grid,0.18142201260668755,-0.3339407414770309,115565
fe380793-8035-414e-b000-09bfe5ece92a,p16,100.0,14.0,grid,0.17944941313136098,-0.3334138326309217,115565
1a276285-8b0e-4cc9-9f0a-a3a002978724,p48q8,100.0,2.5,grid,0.13596333279176842,-0.1418611433174446,99381
1a276285-8b0e-4cc9-9f0a-a3a002978724,p48q8,100.0,3.5,grid,0.13551485870717794,-0.14102250741252348,99381
1a276285-8b0e-4cc9-9f0a-a3a002978724,p48q8,100.0,5.0,grid,0.13463342895923913,-0.14508228073698354,99381
1a276285-8b0e-4cc9-9f0a-a3a002978724,p48q8,100.0,7.0,grid,0.13406002485526802,-0.14121998585168366,99381
1a276285-8b0e-4cc9-9f0a-a3a002978724,p48q8,100.0,10.0,grid,0.1348316502443403,-0.13853145691132163,99381
1a276285-8b0e-4cc9-9f0a-a3a002978724,p48q8,100.0,14.0,grid,0.13297380676444182,-0.13646513417028924,99381
1e104bf4-7a24-4624-a5b2-c2c8289c0de7,p48q8,100.0,2.5,grid,0.05195483881861751,-0.24676823856774005,105141
1e104bf4-7a24-4624-a5b2-c2c8289c0de7,p48q8,100.0,3.5,grid,0.05116049260927791,-0.24520008927999948,105141
1e104bf4-7a24-4624-a5b2-c2c8289c0de7,p48q8,100.0,5.0,grid,0.05014886225579396,-0.24781458447127674,105141
1e104bf4-7a24-4624-a5b2-c2c8289c0de7,p48q8,100.0,7.0,grid,0.048860415238769384,-0.24997150009262312,105141
1e104bf4-7a24-4624-a5b2-c2c8289c0de7,p48q8,100.0,10.0,grid,0.04679781030504171,-0.24841716908054384,105141
1e104bf4-7a24-4624-a5b2-c2c8289c0de7,p48q8,100.0,14.0,grid,0.04576954659058752,-0.24481131589629362,105141
6638cfb3-3831-4fc2-9327-194b76cf22e1,p48q8,100.0,2.5,grid,0.028186533484597986,-0.12167770109942096,85916
6638cfb3-3831-4fc2-9327-194b76cf22e1,p48q8,100.0,3.5,grid,0.027975806555801896,-0.12099787393200638,85916
6638cfb3-3831-4fc2-9327-194b76cf22e1,p48q8,100.0,5.0,grid,0.029790228595056756,-0.11530386748827963,85916
6638cfb3-3831-4fc2-9327-194b76cf22e1,p48q8,100.0,7.0,grid,0.030737609209543715,-0.11419826900339411,85916
6638cfb3-3831-4fc2-9327-194b76cf22e1,p48q8,100.0,10.0,grid,0.03392156853817985,-0.1142730653644457,85916
6638cfb3-3831-4fc2-9327-194b76cf22e1,p48q8,100.0,14.0,grid,0.03729201871140664,-0.11104743572893785,85916
749cb2b7-e57e-4453-a794-f6230e4d0226,p48q8,100.0,2.5,grid,0.0549390127923185,-0.225132316517966,112453
749cb2b7-e57e-4453-a794-f6230e4d0226,p48q8,100.0,3.5,grid,0.05513147561767784,-0.22327907837449595,112453
749cb2b7-e57e-4453-a794-f6230e4d0226,p48q8,100.0,5.0,grid,0.055057831589845785,-0.2219444463423692,112453
749cb2b7-e57e-4453-a794-f6230e4d0226,p48q8,100.0,7.0,grid,0.05422843371604136,-0.2222276088985103,112453
749cb2b7-e57e-4453-a794-f6230e4d0226,p48q8,100.0,10.0,grid,0.05406716169619019,-0.22285343243835748,112453
749cb2b7-e57e-4453-a794-f6230e4d0226,p48q8,100.0,14.0,grid,0.0534935621967767,-0.22504222238714142,112453
d7ec0892-0a6c-4f4f-9d8f-72083692af5c,p48q8,100.0,2.5,grid,0.31334766952577575,-0.3823882126961008,92762
d7ec0892-0a6c-4f4f-9d8f-72083692af5c,p48q8,100.0,3.5,grid,0.31294538524769944,-0.37189517152888646,92762
d7ec0892-0a6c-4f4f-9d8f-72083692af5c,p48q8,100.0,5.0,grid,0.31256170166387875,-0.3800690979803542,92762
d7ec0892-0a6c-4f4f-9d8f-72083692af5c,p48q8,100.0,7.0,grid,0.31126320508115557,-0.37775660403302347,92762
d7ec0892-0a6c-4f4f-9d8f-72083692af5c,p48q8,100.0,10.0,grid,0.30946490920076464,-0.36908867993771993,92762
d7ec0892-0a6c-4f4f-9d8f-72083692af5c,p48q8,100.0,14.0,grid,0.30819261278811316,-0.3736536287118123,92762
da8dfec1-d265-44e8-84ce-6ae9c109b8bd,p48q8,100.0,2.5,grid,0.03804313722231922,-0.1299421692279416,85916
da8dfec1-d265-44e8-84ce-6ae9c109b8bd,p48q8,100.0,3.5,grid,0.03764793375409503,-0.12790355593806607,85916
da8dfec1-d265-44e8-84ce-6ae9c109b8bd,p48q8,100.0,5.0,grid,0.03649801748916415,-0.1302083930837993,85916
da8dfec1-d265-44e8-84ce-6ae9c109b8bd,p48q8,100.0,7.0,grid,0.036880772906141446,-0.12666575991041515,85916
da8dfec1-d265-44e8-84ce-6ae9c109b8bd,p48q8,100.0,10.0,grid,0.0372799820471974,-0.13388424792332806,85916
da8dfec1-d265-44e8-84ce-6ae9c109b8bd,p48q8,100.0,14.0,grid,0.03481299251655334,-0.12644704321086744,85916
dab512bd-a02d-4c1f-8dbc-9155a163efc0,p48q8,100.0,2.5,grid,0.14240991214779541,-0.46011398143330845,73377
dab512bd-a02d-4c1f-8dbc-9155a163efc0,p48q8,100.0,3.5,grid,0.13921282075844843,-0.45404310425935196,73377
dab512bd-a02d-4c1f-8dbc-9155a163efc0,p48q8,100.0,5.0,grid,0.13567262348485354,-0.4365551130881039,73377
dab512bd-a02d-4c1f-8dbc-9155a163efc0,p48q8,100.0,7.0,grid,0.13449064633999008,-0.43534246776252805,73377
dab512bd-a02d-4c1f-8dbc-9155a163efc0,p48q8,100.0,10.0,grid,0.13945566731301018,-0.4209291526384572,73377
dab512bd-a02d-4c1f-8dbc-9155a163efc0,p48q8,100.0,14.0,grid,0.14231703550743924,-0.40311690961954305,73377
dc7e9403-19f7-409f-9240-05ee57cb7aea,p48q8,100.0,2.5,grid,0.10934837759101401,-0.2907770352377106,99195
dc7e9403-19f7-409f-9240-05ee57cb7aea,p48q8,100.0,3.5,grid,0.10922788202925837,-0.2883512623944159,99195
dc7e9403-19f7-409f-9240-05ee57cb7aea,p48q8,100.0,5.0,grid,0.10917334856917327,-0.28863490911148454,99195
dc7e9403-19f7-409f-9240-05ee57cb7aea,p48q8,100.0,7.0,grid,0.10898562109400489,-0.282538042593366,99195
dc7e9403-19f7-409f-9240-05ee57cb7aea,p48q8,100.0,10.0,grid,0.10847784666870797,-0.2870617248631698,99195
dc7e9403-19f7-409f-9240-05ee57cb7aea,p48q8,100.0,14.0,grid,0.10719448638681883,-0.27693554244308116,99195
e8f9fba4-d151-4b00-bee7-447f0f3e752c,p48q8,100.0,2.5,grid,0.18847889884726543,-0.1887354682502349,100516
e8f9fba4-d151-4b00-bee7-447f0f3e752c,p48q8,100.0,3.5,grid,0.18696497106054832,-0.19459562168119607,100516
e8f9fba4-d151-4b00-bee7-447f0f3e752c,p48q8,100.0,5.0,grid,0.18471064737268406,-0.19013587255749576,100516
e8f9fba4-d151-4b00-bee7-447f0f3e752c,p48q8,100.0,7.0,grid,0.17943510149801578,-0.19216727894053193,100516
e8f9fba4-d151-4b00-bee7-447f0f3e752c,p48q8,100.0,10.0,grid,0.1713006334506717,-0.1845549204058941,100516
e8f9fba4-d151-4b00-bee7-447f0f3e752c,p48q8,100.0,14.0,grid,0.15968952965424388,-0.16947656576325718,100516
eebcaf65-7fa4-4118-869d-a084e84530e2,p48q8,100.0,2.5,grid,0.2676878193452573,-0.27872661700123796,91769
eebcaf65-7fa4-4118-869d-a084e84530e2,p48q8,100.0,3.5,grid,0.26561016225441825,-0.2743478260724617,91769
eebcaf65-7fa4-4118-869d-a084e84530e2,p48q8,100.0,5.0,grid,0.26383228976010287,-0.27568699155968146,91769
eebcaf65-7fa4-4118-869d-a084e84530e2,p48q8,100.0,7.0,grid,0.26154413087257644,-0.27780574082516213,91769
eebcaf65-7fa4-4118-869d-a084e84530e2,p48q8,100.0,10.0,grid,0.2554330797273314,-0.2699092701507829,91769
eebcaf65-7fa4-4118-869d-a084e84530e2,p48q8,100.0,14.0,grid,0.2512440368729322,-0.2727210375938339,91769
fe380793-8035-414e-b000-09bfe5ece92a,p48q8,100.0,2.5,grid,0.18496901840851676,-0.3400537434007022,115565
fe380793-8035-414e-b000-09bfe5ece92a,p48q8,100.0,3.5,grid,0.1851918029858346,-0.3390757854868184,115565
fe380793-8035-414e-b000-09bfe5ece92a,p48q8,100.0,5.0,grid,0.18507073315210165,-0.3449159166994006,115565
fe380793-8035-414e-b000-09bfe5ece92a,p48q8,100.0,7.0,grid,0.18438467504543854,-0.34105469910216896,115565
fe380793-8035-414e-b000-09bfe5ece92a,p48q8,100.0,10.0,grid,0.18254422696399697,-0.3338939633258176,115565
fe380793-8035-414e-b000-09bfe5ece92a,p48q8,100.0,14.0,grid,0.18040939552017965,-0.326693443921462,115565
1a276285-8b0e-4cc9-9f0a-a3a002978724,p24q8,100.0,2.5,grid,0.13586418123562927,-0.1415419441365418,99381
1a276285-8b0e-4cc9-9f0a-a3a002978724,p24q8,100.0,3.5,grid,0.13575374466748813,-0.14221700489719308,99381
1a276285-8b0e-4cc9-9f0a-a3a002978724,p24q8,100.0,5.0,grid,0.13457311124025395,-0.1432426690380379,99381
1a276285-8b0e-4cc9-9f0a-a3a002978724,p24q8,100.0,7.0,grid,0.134133533068572,-0.1446393039244395,99381
1a276285-8b0e-4cc9-9f0a-a3a002978724,p24q8,100.0,10.0,grid,0.13492410524965526,-0.1361147436509303,99381
1a276285-8b0e-4cc9-9f0a-a3a002978724,p24q8,100.0,14.0,grid,0.13301906996354995,-0.13477985456995784,99381
1e104bf4-7a24-4624-a5b2-c2c8289c0de7,p24q8,100.0,2.5,grid,0.05226571764975296,-0.2486962238698533,105141
1e104bf4-7a24-4624-a5b2-c2c8289c0de7,p24q8,100.0,3.5,grid,0.05147975003066785,-0.24742412671460934,105141
1e104bf4-7a24-4624-a5b2-c2c8289c0de7,p24q8,100.0,5.0,grid,0.05064654311630579,-0.24470014260996353,105141
1e104bf4-7a24-4624-a5b2-c2c8289c0de7,p24q8,100.0,7.0,grid,0.0490876773096699,-0.24156965286905346,105141
1e104bf4-7a24-4624-a5b2-c2c8289c0de7,p24q8,100.0,10.0,grid,0.048084407899785964,-0.24789999094517431,105141
1e104bf4-7a24-4624-a5b2-c2c8289c0de7,p24q8,100.0,14.0,grid,0.047116138832368426,-0.24697348776133876,105141
6638cfb3-3831-4fc2-9327-194b76cf22e1,p24q8,100.0,2.5,grid,0.02784371615768666,-0.12376701775186297,85916
6638cfb3-3831-4fc2-9327-194b76cf22e1,p24q8,100.0,3.5,grid,0.027797100772982808,-0.11951160854790474,85916
6638cfb3-3831-4fc2-9327-194b76cf22e1,p24q8,100.0,5.0,grid,0.0297403537248776,-0.11735975533376068,85916
6638cfb3-3831-4fc2-9327-194b76cf22e1,p24q8,100.0,7.0,grid,0.031001188745945596,-0.11787542107577575,85916
6638cfb3-3831-4fc2-9327-194b76cf22e1,p24q8,100.0,10.0,grid,0.03414829141328479,-0.11388127613210908,85916
6638cfb3-3831-4fc2-9327-194b76cf22e1,p24q8,100.0,14.0,grid,0.03766096050806511,-0.11516925898032992,85916
749cb2b7-e57e-4453-a794-f6230e4d0226,p24q8,100.0,2.5,grid,0.05481407122879889,-0.22852122977249315,112453
749cb2b7-e57e-4453-a794-f6230e4d0226,p24q8,100.0,3.5,grid,0.054958375835837736,-0.2220637692612156,112453
749cb2b7-e57e-4453-a794-f6230e4d0226,p24q8,100.0,5.0,grid,0.054931995689964985,-0.2193387718764878,112453
749cb2b7-e57e-4453-a794-f6230e4d0226,p24q8,100.0,7.0,grid,0.054356275603628545,-0.22074570014543796,112453
749cb2b7-e57e-4453-a794-f6230e4d0226,p24q8,100.0,10.0,grid,0.053801916257679605,-0.22231311453967395,112453
749cb2b7-e57e-4453-a794-f6230e4d0226,p24q8,100.0,14.0,grid,0.05361506563105045,-0.2211149636564981,112453
d7ec0892-0a6c-4f4f-9d8f-72083692af5c,p24q8,100.0,2.5,grid,0.3140770729967619,-0.37034889984934627,92762
d7ec0892-0a6c-4f4f-9d8f-72083692af5c,p24q8,100.0,3.5,grid,0.3136874315106908,-0.3707103699926181,92762
d7ec0892-0a6c-4f4f-9d8f-72083692af5c,p24q8,100.0,5.0,grid,0.31346133288241007,-0.36817163550390475,92762
d7ec0892-0a6c-4f4f-9d8f-72083692af5c,p24q8,100.0,7.0,grid,0.3121348549319706,-0.38218456578214,92762
d7ec0892-0a6c-4f4f-9d8f-72083692af5c,p24q8,100.0,10.0,grid,0.3104981124212459,-0.371129900624763,92762
d7ec0892-0a6c-4f4f-9d8f-72083692af5c,p24q8,100.0,14.0,grid,0.3092163608432176,-0.37242792837655203,92762
da8dfec1-d265-44e8-84ce-6ae9c109b8bd,p24q8,100.0,2.5,grid,0.03860871765355878,-0.13106229340165712,85916
da8dfec1-d265-44e8-84ce-6ae9c109b8bd,p24q8,100.0,3.5,grid,0.03830510012406774,-0.1326842602908851,85916
da8dfec1-d265-44e8-84ce-6ae9c109b8bd,p24q8,100.0,5.0,grid,0.03732396479377853,-0.12666282492571476,85916
da8dfec1-d265-44e8-84ce-6ae9c109b8bd,p24q8,100.0,7.0,grid,0.03748415744434008,-0.12843093023390773,85916
da8dfec1-d265-44e8-84ce-6ae9c109b8bd,p24q8,100.0,10.0,grid,0.03831589384110845,-0.12770905076126676,85916
da8dfec1-d265-44e8-84ce-6ae9c109b8bd,p24q8,100.0,14.0,grid,0.03553624711472636,-0.12656323233451267,85916
dab512bd-a02d-4c1f-8dbc-9155a163efc0,p24q8,100.0,2.5,grid,0.14241712684687724,-0.4548991677608273,73377
dab512bd-a02d-4c1f-8dbc-9155a163efc0,p24q8,100.0,3.5,grid,0.13881394252363088,-0.4551208919504578,73377
dab512bd-a02d-4c1f-8dbc-9155a163efc0,p24q8,100.0,5.0,grid,0.1346865221164758,-0.450599184310683,73377
dab512bd-a02d-4c1f-8dbc-9155a163efc0,p24q8,100.0,7.0,grid,0.1331659473545228,-0.4441659229189314,73377
dab512bd-a02d-4c1f-8dbc-9155a163efc0,p24q8,100.0,10.0,grid,0.13742826196450086,-0.4299035940884357,73377
dab512bd-a02d-4c1f-8dbc-9155a163efc0,p24q8,100.0,14.0,grid,0.1408678315964763,-0.41696940824258244,73377
dc7e9403-19f7-409f-9240-05ee57cb7aea,p24q8,100.0,2.5,grid,0.10885858161246764,-0.2906261679871422,99195
dc7e9403-19f7-409f-9240-05ee57cb7aea,p24q8,100.0,3.5,grid,0.10883197544743417,-0.28788009778074186,99195
dc7e9403-19f7-409f-9240-05ee57cb7aea,p24q8,100.0,5.0,grid,0.10893032934789093,-0.289212353786772,99195
dc7e9403-19f7-409f-9240-05ee57cb7aea,p24q8,100.0,7.0,grid,0.10876200027037042,-0.2878569044742323,99195
dc7e9403-19f7-409f-9240-05ee57cb7aea,p24q8,100.0,10.0,grid,0.10829996198693448,-0.2777099116461933,99195
dc7e9403-19f7-409f-9240-05ee57cb7aea,p24q8,100.0,14.0,grid,0.10720583561165675,-0.2780669055647031,99195
e8f9fba4-d151-4b00-bee7-447f0f3e752c,p24q8,100.0,2.5,grid,0.18923271143537101,-0.19839988123986987,100516
e8f9fba4-d151-4b00-bee7-447f0f3e752c,p24q8,100.0,3.5,grid,0.18768066384801962,-0.19387108496364008,100516
e8f9fba4-d151-4b00-bee7-447f0f3e752c,p24q8,100.0,5.0,grid,0.1854371240833882,-0.1956180813794013,100516
e8f9fba4-d151-4b00-bee7-447f0f3e752c,p24q8,100.0,7.0,grid,0.17998595989621136,-0.19386714195884175,100516
e8f9fba4-d151-4b00-bee7-447f0f3e752c,p24q8,100.0,10.0,grid,0.1713241360947061,-0.18076284231358009,100516
e8f9fba4-d151-4b00-bee7-447f0f3e752c,p24q8,100.0,14.0,grid,0.15919345838220578,-0.17335071718004347,100516
eebcaf65-7fa4-4118-869d-a084e84530e2,p24q8,100.0,2.5,grid,0.2733677151240995,-0.27259777325904,91769
eebcaf65-7fa4-4118-869d-a084e84530e2,p24q8,100.0,3.5,grid,0.2720210243828294,-0.28531215103449126,91769
eebcaf65-7fa4-4118-869d-a084e84530e2,p24q8,100.0,5.0,grid,0.26961522520823633,-0.27899872795536124,91769
eebcaf65-7fa4-4118-869d-a084e84530e2,p24q8,100.0,7.0,grid,0.26781410268152217,-0.27718274009642885,91769
eebcaf65-7fa4-4118-869d-a084e84530e2,p24q8,100.0,10.0,grid,0.26301439410653427,-0.2736458107402754,91769
eebcaf65-7fa4-4118-869d-a084e84530e2,p24q8,100.0,14.0,grid,0.25797505914374397,-0.28147516100594844,91769
fe380793-8035-414e-b000-09bfe5ece92a,p24q8,100.0,2.5,grid,0.1847524540572275,-0.3457044641799563,115565
fe380793-8035-414e-b000-09bfe5ece92a,p24q8,100.0,3.5,grid,0.18502625213571933,-0.3402824949305992,115565
fe380793-8035-414e-b000-09bfe5ece92a,p24q8,100.0,5.0,grid,0.18480390641879985,-0.34366293580397517,115565
fe380793-8035-414e-b000-09bfe5ece92a,p24q8,100.0,7.0,grid,0.18436898129687018,-0.33916811234265415,115565
fe380793-8035-414e-b000-09bfe5ece92a,p24q8,100.0,10.0,grid,0.18234668951388544,-0.33616026238625335,115565
fe380793-8035-414e-b000-09bfe5ece92a,p24q8,100.0,14.0,grid,0.18027093371300895,-0.3304545196156138,115565
