pid,tier,alpha,bytes,snr
1a276285-8b0e-4cc9-9f0a-a3a002978724,fine,2.5,53941157,25.615509510020907
1a276285-8b0e-4cc9-9f0a-a3a002978724,default,7.0,29344935,20.442053372488513
1a276285-8b0e-4cc9-9f0a-a3a002978724,small,14.0,15976771,15.924367221380617
1e104bf4-7a24-4624-a5b2-c2c8289c0de7,fine,2.5,54529465,25.432628051752374
1e104bf4-7a24-4624-a5b2-c2c8289c0de7,default,7.0,30257676,20.13216901816126
1e104bf4-7a24-4624-a5b2-c2c8289c0de7,small,14.0,17120628,15.51885559056432
6638cfb3-3831-4fc2-9327-194b76cf22e1,fine,2.5,38261101,24.935806963186216
6638cfb3-3831-4fc2-9327-194b76cf22e1,default,7.0,18567090,19.570487957896894
6638cfb3-3831-4fc2-9327-194b76cf22e1,small,14.0,9476250,15.455437483368328
749cb2b7-e57e-4453-a794-f6230e4d0226,fine,2.5,57102698,26.16092416448211
749cb2b7-e57e-4453-a794-f6230e4d0226,default,7.0,29554011,21.434674061311565
749cb2b7-e57e-4453-a794-f6230e4d0226,small,14.0,17031345,17.435058607914705
d7ec0892-0a6c-4f4f-9d8f-72083692af5c,fine,2.5,72221017,21.145088560510928
d7ec0892-0a6c-4f4f-9d8f-72083692af5c,default,7.0,37509787,16.27995588466985
d7ec0892-0a6c-4f4f-9d8f-72083692af5c,small,14.0,18957635,11.904597815542777
da8dfec1-d265-44e8-84ce-6ae9c109b8bd,fine,2.5,61249515,19.365717855686007
da8dfec1-d265-44e8-84ce-6ae9c109b8bd,default,7.0,27866747,14.745354369968194
da8dfec1-d265-44e8-84ce-6ae9c109b8bd,small,14.0,12893478,10.91476086880988
dab512bd-a02d-4c1f-8dbc-9155a163efc0,fine,2.5,34364568,25.896187073640874
dab512bd-a02d-4c1f-8dbc-9155a163efc0,default,7.0,16991348,20.762186449528656
dab512bd-a02d-4c1f-8dbc-9155a163efc0,small,14.0,9682789,16.77199397607967
dc7e9403-19f7-409f-9240-05ee57cb7aea,fine,2.5,75613934,23.345345423269357
dc7e9403-19f7-409f-9240-05ee57cb7aea,default,7.0,36954767,18.330085303804758
dc7e9403-19f7-409f-9240-05ee57cb7aea,small,14.0,19405523,14.28977853777882
e8f9fba4-d151-4b00-bee7-447f0f3e752c,fine,2.5,68949398,19.933415382236845
e8f9fba4-d151-4b00-bee7-447f0f3e752c,default,7.0,33039339,15.18945765248445
e8f9fba4-d151-4b00-bee7-447f0f3e752c,small,14.0,16485971,11.278368885938592
eebcaf65-7fa4-4118-869d-a084e84530e2,fine,2.5,43464606,20.8007840308461
eebcaf65-7fa4-4118-869d-a084e84530e2,default,7.0,19205958,16.631633918254057
eebcaf65-7fa4-4118-869d-a084e84530e2,small,14.0,9543197,13.270329312609412
fe380793-8035-414e-b000-09bfe5ece92a,fine,2.5,72789409,25.016160404134894
fe380793-8035-414e-b000-09bfe5ece92a,default,7.0,37971705,19.839963151510013
fe380793-8035-414e-b000-09bfe5ece92a,small,14.0,20626888,15.514614106884624
